# WaveFront *.obj file (generated by Cinema 4D)

mtllib ./Untitled_3.mtl

v 0.599187 24.364358 -361.842608
v 0.599187 53.635642 -377.672543
v -0.599187 24.364358 -361.842608
v -0.599187 53.635642 -377.672543
v -0.599187 24.364358 -281.825868
v -0.599187 53.635642 -316.973898
v 0.599187 24.364358 -281.825868
v 0.599187 53.635642 -316.973898
v -0.599187 39.000000 -377.672543
v 0.599187 39.000000 -377.672543
v -24.364358 0.599187 -361.842608
v -53.635642 0.599187 -377.672543
v -24.364358 -0.599187 -361.842608
v -53.635642 -0.599187 -377.672543
v -24.364358 -0.599187 -281.825868
v -53.635642 -0.599187 -316.973898
v -24.364358 0.599187 -281.825868
v -53.635642 0.599187 -316.973898
v -39.000000 -0.599187 -377.672543
v -39.000000 0.599187 -377.672543
v -0.599187 -24.364358 -361.842608
v -0.599187 -53.635642 -377.672543
v 0.599187 -24.364358 -361.842608
v 0.599187 -53.635642 -377.672543
v 0.599187 -24.364358 -281.825868
v 0.599187 -53.635642 -316.973898
v -0.599187 -24.364358 -281.825868
v -0.599187 -53.635642 -316.973898
v 0.599187 -39.000000 -377.672543
v -0.599187 -39.000000 -377.672543
v 24.364358 -0.599187 -361.842608
v 53.635642 -0.599187 -377.672543
v 24.364358 0.599187 -361.842608
v 53.635642 0.599187 -377.672543
v 24.364358 0.599187 -281.825868
v 53.635642 0.599187 -316.973898
v 24.364358 -0.599187 -281.825868
v 53.635642 -0.599187 -316.973898
v 39.000000 0.599187 -377.672543
v 39.000000 -0.599187 -377.672543
v -0.000000 49.225450 -258.450616
v -0.000000 24.774550 -268.822396
v -0.000000 24.774550 -241.198867
v -1.300000 49.225450 -258.450616
v -1.300000 24.774550 -268.822396
v -1.300000 24.774550 -241.198867
v -49.225450 0.000000 -258.450616
v -24.774550 0.000000 -268.822396
v -24.774550 0.000000 -241.198867
v -49.225450 -1.300000 -258.450616
v -24.774550 -1.300000 -268.822396
v -24.774550 -1.300000 -241.198867
v -0.000000 -49.225450 -258.450616
v -0.000000 -24.774550 -268.822396
v -0.000000 -24.774550 -241.198867
v 1.300000 -49.225450 -258.450616
v 1.300000 -24.774550 -268.822396
v 1.300000 -24.774550 -241.198867
v 49.225450 -0.000000 -258.450616
v 24.774550 -0.000000 -268.822396
v 24.774550 -0.000000 -241.198867
v 49.225450 1.300000 -258.450616
v 24.774550 1.300000 -268.822396
v 24.774550 1.300000 -241.198867
v 0.000000 49.225450 170.032057
v 0.000000 24.774550 179.151346
v 0.000000 24.774550 206.774876
v -1.300000 49.225450 170.032057
v -1.300000 24.774550 179.151346
v -1.300000 24.774550 206.774876
v -49.225450 0.000000 170.032057
v -24.774550 0.000000 179.151346
v -24.774550 0.000000 206.774876
v -49.225450 -1.300000 170.032057
v -24.774550 -1.300000 179.151346
v -24.774550 -1.300000 206.774876
v 0.000000 -49.225450 170.032057
v 0.000000 -24.774550 179.151346
v 0.000000 -24.774550 206.774876
v 1.300000 -49.225450 170.032057
v 1.300000 -24.774550 179.151346
v 1.300000 -24.774550 206.774876
v 49.225450 -0.000000 170.032057
v 24.774550 -0.000000 179.151346
v 24.774550 -0.000000 206.774876
v 49.225450 1.300000 170.032057
v 24.774550 1.300000 179.151346
v 24.774550 1.300000 206.774876
v 20.589943 16.192117 -278.142551
v -0.005327 -0.000000 377.672543
v -26.000000 0.000000 -363.960514
v -25.755396 0.000000 218.989857
v -25.947654 -1.649022 -363.960514
v -25.703542 -1.633504 218.989857
v -25.790825 -3.291404 -363.960514
v -25.548189 -3.260431 218.989857
v -25.530146 -4.920532 -363.960514
v -25.289963 -4.874229 218.989857
v -25.166666 -6.529848 -363.960514
v -24.929904 -6.468400 218.989857
v -24.701849 -8.112870 -363.960514
v -24.469461 -8.036526 218.989857
v -24.137566 -9.663224 -363.960514
v -23.910488 -9.572291 218.989857
v -23.476090 -11.174668 -363.960514
v -23.255236 -11.069512 218.989857
v -22.720084 -12.641115 -363.960514
v -22.506344 -12.522159 218.989857
v -21.872592 -14.056661 -363.960514
v -21.666827 -13.924385 218.989857
v -20.937027 -15.415606 -363.960514
v -20.740066 -15.270542 218.989857
v -19.917156 -16.712478 -363.960514
v -19.729792 -16.555210 218.989857
v -18.817085 -17.942054 -363.960514
v -18.640073 -17.773215 218.989857
v -17.641245 -19.099384 -363.960514
v -17.475298 -18.919655 218.989857
v -16.394369 -20.179808 -363.960514
v -16.240156 -19.989911 218.989857
v -15.081480 -21.178975 -363.960514
v -14.939621 -20.979676 218.989857
v -13.707862 -22.092861 -363.960514
v -13.578930 -21.884962 218.989857
v -12.279048 -22.917787 -363.960514
v -12.163561 -22.702126 218.989857
v -10.800790 -23.650432 -363.960514
v -10.699214 -23.427876 218.989857
v -9.279042 -24.287844 -363.960514
v -9.191785 -24.059290 218.989857
v -7.719930 -24.827458 -363.960514
v -7.647345 -24.593826 218.989857
v -6.129732 -25.267101 -363.960514
v -6.072112 -25.029332 218.989857
v -4.514853 -25.605002 -363.960514
v -4.472428 -25.364053 218.989857
v -2.881793 -25.839800 -363.960514
v -2.854736 -25.596642 218.989857
v -1.237130 -25.970551 -363.960514
v -1.225550 -25.726162 218.989857
v 0.412515 -25.996727 -363.960514
v 0.408572 -25.752092 218.989857
v 2.060499 -25.918224 -363.960514
v 2.041048 -25.674328 218.989857
v 3.700186 -25.735357 -363.960514
v 3.665305 -25.493182 218.989857
v 5.324973 -25.448864 -363.960514
v 5.274803 -25.209384 218.989857
v 6.928319 -25.059896 -363.960514
v 6.863060 -24.824077 218.989857
v 8.503767 -24.570021 -363.960514
v 8.423683 -24.338812 218.989857
v 10.044973 -23.981212 -363.960514
v 9.950386 -23.755543 218.989857
v 11.545732 -23.295838 -363.960514
v 11.437022 -23.076619 218.989857
v 13.000000 -22.516660 -363.960514
v 12.877605 -22.304774 218.989857
v 14.401922 -21.646816 -363.960514
v 14.266335 -21.443115 218.989857
v 15.745852 -20.689808 -363.960514
v 15.597618 -20.495112 218.989857
v 17.026379 -19.649489 -363.960514
v 16.866095 -19.464583 218.989857
v 18.238347 -18.530048 -363.960514
v 18.066658 -18.355676 218.989857
v 19.376876 -17.335994 -363.960514
v 19.194473 -17.172858 218.989857
v 20.437380 -16.072134 -363.960514
v 20.244998 -15.920891 218.989857
v 21.415591 -14.743556 -363.960514
v 21.214004 -14.604816 218.989857
v 22.307569 -13.355612 -363.960514
v 22.097588 -13.229933 218.989857
v 23.109722 -11.913890 -363.960514
v 22.892192 -11.801777 218.989857
v 23.818820 -10.424194 -363.960514
v 23.594618 -10.326100 218.989857
v 24.432008 -8.892524 -363.960514
v 24.202036 -8.808843 218.989857
v 24.946817 -7.325046 -363.960514
v 24.712000 -7.256116 218.989857
v 25.361174 -5.728074 -363.960514
v 25.122458 -5.674171 218.989857
v 25.673411 -4.108036 -363.960514
v 25.431757 -4.069379 218.989857
v 25.882270 -2.471457 -363.960514
v 25.638650 -2.448200 218.989857
v 25.986910 -0.824926 -363.960514
v 25.742306 -0.817164 218.989857
v 25.986910 0.824926 -363.960514
v 25.742306 0.817164 218.989857
v 25.882270 2.471457 -363.960514
v 25.638650 2.448200 218.989857
v 25.673411 4.108036 -363.960514
v 25.431757 4.069379 218.989857
v 25.361174 5.728074 -363.960514
v 25.122458 5.674171 218.989857
v 24.946817 7.325046 -363.960514
v 24.712000 7.256116 218.989857
v 24.432008 8.892524 -363.960514
v 24.202036 8.808843 218.989857
v 23.818820 10.424194 -363.960514
v 23.594618 10.326100 218.989857
v 23.109722 11.913890 -363.960514
v 22.892192 11.801777 218.989857
v 22.307569 13.355612 -363.960514
v 22.097588 13.229933 218.989857
v 21.415591 14.743556 -363.960514
v 21.214004 14.604816 218.989857
v 20.437380 16.072134 -363.960514
v 20.244998 15.920891 218.989857
v 19.376876 17.335994 -363.960514
v 19.194473 17.172858 218.989857
v 18.238347 18.530048 -363.960514
v 18.066658 18.355676 218.989857
v 17.026379 19.649489 -363.960514
v 16.866095 19.464583 218.989857
v 15.745852 20.689808 -363.960514
v 15.597618 20.495112 218.989857
v 14.401922 21.646816 -363.960514
v 14.266335 21.443115 218.989857
v 13.000000 22.516660 -363.960514
v 12.877605 22.304774 218.989857
v 11.545732 23.295838 -363.960514
v 11.437022 23.076619 218.989857
v 10.044973 23.981212 -363.960514
v 9.950386 23.755543 218.989857
v 8.503767 24.570021 -363.960514
v 8.423683 24.338812 218.989857
v 6.928319 25.059896 -363.960514
v 6.863060 24.824077 218.989857
v 5.324973 25.448864 -363.960514
v 5.274803 25.209384 218.989857
v 3.700186 25.735357 -363.960514
v 3.665305 25.493182 218.989857
v 2.060499 25.918224 -363.960514
v 2.041048 25.674328 218.989857
v 0.412515 25.996727 -363.960514
v 0.408572 25.752092 218.989857
v -1.237130 25.970551 -363.960514
v -1.225550 25.726162 218.989857
v -2.881793 25.839800 -363.960514
v -2.854736 25.596642 218.989857
v -4.514853 25.605002 -363.960514
v -4.472428 25.364053 218.989857
v -6.129732 25.267101 -363.960514
v -6.072112 25.029332 218.989857
v -7.719930 24.827458 -363.960514
v -7.647345 24.593826 218.989857
v -9.279042 24.287844 -363.960514
v -9.191785 24.059290 218.989857
v -10.800790 23.650432 -363.960514
v -10.699214 23.427876 218.989857
v -12.279048 22.917787 -363.960514
v -12.163561 22.702126 218.989857
v -13.707862 22.092861 -363.960514
v -13.578930 21.884962 218.989857
v -15.081480 21.178975 -363.960514
v -14.939621 20.979676 218.989857
v -16.394369 20.179808 -363.960514
v -16.240156 19.989911 218.989857
v -17.641245 19.099384 -363.960514
v -17.475298 18.919655 218.989857
v -18.817085 17.942054 -363.960514
v -18.640073 17.773215 218.989857
v -19.917156 16.712478 -363.960514
v -19.729792 16.555210 218.989857
v -20.937027 15.415606 -363.960514
v -20.740066 15.270542 218.989857
v -21.872592 14.056661 -363.960514
v -21.666827 13.924385 218.989857
v -22.720084 12.641115 -363.960514
v -22.506344 12.522159 218.989857
v -23.476090 11.174668 -363.960514
v -23.255236 11.069512 218.989857
v -24.137566 9.663224 -363.960514
v -23.910488 9.572291 218.989857
v -24.701849 8.112870 -363.960514
v -24.469461 8.036526 218.989857
v -25.166666 6.529848 -363.960514
v -24.929904 6.468400 218.989857
v -25.530146 4.920532 -363.960514
v -25.289963 4.874229 218.989857
v -25.790825 3.291404 -363.960514
v -25.548189 3.260431 218.989857
v -25.947654 1.649022 -363.960514
v -25.703542 1.633504 218.989857
v -21.165868 0.000000 283.162099
v -21.123257 -1.342345 283.162099
v -20.995594 -2.679285 283.162099
v -20.783395 -4.005436 283.162099
v -20.487513 -5.315459 283.162099
v -20.109140 -6.604079 283.162099
v -19.649800 -7.866106 283.162099
v -19.111342 -9.096459 283.162099
v -18.495934 -10.290184 283.162099
v -17.806054 -11.442474 283.162099
v -17.044481 -12.548689 283.162099
v -16.214280 -13.604375 283.162099
v -15.318795 -14.605281 283.162099
v -14.361632 -15.547377 283.162099
v -13.346644 -16.426869 283.162099
v -12.277919 -17.240215 283.162099
v -11.159760 -17.984142 283.162099
v -9.996669 -18.655652 283.162099
v -8.793331 -19.252043 283.162099
v -7.554589 -19.770913 283.162099
v -6.285433 -20.210172 283.162099
v -4.990973 -20.568052 283.162099
v -3.676420 -20.843112 283.162099
v -2.347069 -21.034244 283.162099
v -1.008272 -21.140678 283.162099
v 0.334580 -21.161987 283.162099
v 1.676080 -21.098083 283.162099
v 3.010827 -20.949225 283.162099
v 4.333444 -20.716012 283.162099
v 5.638608 -20.399383 283.162099
v 6.921062 -20.000612 283.162099
v 8.175642 -19.521306 283.162099
v 9.397298 -18.963395 283.162099
v 10.581108 -18.329125 283.162099
v 11.722307 -17.621050 283.162099
v 12.816300 -16.842021 283.162099
v 13.858681 -15.995176 283.162099
v 14.845254 -15.083923 283.162099
v 15.772044 -14.111933 283.162099
v 16.635322 -13.083119 283.162099
v 17.431610 -12.001624 283.162099
v 18.157702 -10.871803 283.162099
v 18.810675 -9.698204 283.162099
v 19.387898 -8.485555 283.162099
v 19.887049 -7.238737 283.162099
v 20.306116 -5.962771 283.162099
v 20.643413 -4.662795 283.162099
v 20.897582 -3.344044 283.162099
v 21.067598 -2.011828 283.162099
v 21.152778 -0.671511 283.162099
v 21.152778 0.671511 283.162099
v 21.067598 2.011828 283.162099
v 20.897582 3.344044 283.162099
v 20.643413 4.662795 283.162099
v 20.306116 5.962771 283.162099
v 19.887049 7.238737 283.162099
v 19.387898 8.485555 283.162099
v 18.810675 9.698204 283.162099
v 18.157702 10.871803 283.162099
v 17.431610 12.001624 283.162099
v 16.635322 13.083119 283.162099
v 15.772044 14.111933 283.162099
v 14.845254 15.083923 283.162099
v 13.858681 15.995176 283.162099
v 12.816300 16.842021 283.162099
v 11.722307 17.621050 283.162099
v 10.581108 18.329125 283.162099
v 9.397298 18.963395 283.162099
v 8.175642 19.521306 283.162099
v 6.921062 20.000612 283.162099
v 5.638608 20.399383 283.162099
v 4.333444 20.716012 283.162099
v 3.010827 20.949225 283.162099
v 1.676080 21.098083 283.162099
v 0.334580 21.161987 283.162099
v -1.008272 21.140678 283.162099
v -2.347069 21.034244 283.162099
v -3.676420 20.843112 283.162099
v -4.990973 20.568052 283.162099
v -6.285433 20.210172 283.162099
v -7.554589 19.770913 283.162099
v -8.793331 19.252043 283.162099
v -9.996669 18.655652 283.162099
v -11.159760 17.984142 283.162099
v -12.277919 17.240215 283.162099
v -13.346644 16.426869 283.162099
v -14.361632 15.547377 283.162099
v -15.318795 14.605281 283.162099
v -16.214280 13.604375 283.162099
v -17.044481 12.548689 283.162099
v -17.806054 11.442474 283.162099
v -18.495934 10.290184 283.162099
v -19.111342 9.096459 283.162099
v -19.649800 7.866106 283.162099
v -20.109140 6.604079 283.162099
v -20.487513 5.315459 283.162099
v -20.783395 4.005436 283.162099
v -20.995594 2.679285 283.162099
v -21.123257 1.342345 283.162099
v -19.450566 0.000000 296.738478
v -19.411409 -1.233527 296.738478
v -19.294096 -2.462086 296.738478
v -19.099099 -3.680732 296.738478
v -18.827203 -4.884556 296.738478
v -18.479503 -6.068713 296.738478
v -18.057400 -7.228432 296.738478
v -17.562592 -8.359046 296.738478
v -16.997073 -9.456000 296.738478
v -16.363119 -10.514878 296.738478
v -15.663284 -11.531417 296.738478
v -14.900384 -12.501523 296.738478
v -14.077492 -13.421289 296.738478
v -13.197922 -14.287013 296.738478
v -12.265216 -15.095208 296.738478
v -11.283128 -15.842620 296.738478
v -10.255613 -16.526239 296.738478
v -9.186810 -17.143313 296.738478
v -8.081021 -17.691357 296.738478
v -6.942700 -18.168164 296.738478
v -5.776429 -18.571815 296.738478
v -4.586905 -18.900683 296.738478
v -3.378918 -19.153444 296.738478
v -2.157332 -19.329082 296.738478
v -0.927066 -19.426888 296.738478
v 0.306927 -19.446469 296.738478
v 1.539677 -19.387746 296.738478
v 2.766220 -19.250955 296.738478
v 3.981619 -19.036648 296.738478
v 5.180978 -18.745686 296.738478
v 6.359469 -18.379243 296.738478
v 7.512345 -17.938792 296.738478
v 8.634966 -17.426109 296.738478
v 9.722809 -16.843256 296.738478
v 10.771496 -16.192582 296.738478
v 11.776803 -15.476706 296.738478
v 12.734683 -14.698511 296.738478
v 13.641278 -13.861130 296.738478
v 14.492937 -12.967935 296.738478
v 15.286232 -12.022523 296.738478
v 16.017968 -11.028700 296.738478
v 16.685199 -9.990469 296.738478
v 17.285238 -8.912010 296.738478
v 17.815668 -7.797665 296.738478
v 18.274355 -6.651921 296.738478
v 18.659450 -5.479393 296.738478
v 18.969404 -4.284801 296.738478
v 19.202968 -3.072956 296.738478
v 19.359202 -1.848737 296.738478
v 19.437476 -0.617074 296.738478
v 19.437476 0.617074 296.738478
v 19.359202 1.848737 296.738478
v 19.202968 3.072956 296.738478
v 18.969404 4.284801 296.738478
v 18.659450 5.479393 296.738478
v 18.274355 6.651921 296.738478
v 17.815668 7.797665 296.738478
v 17.285238 8.912010 296.738478
v 16.685199 9.990469 296.738478
v 16.017968 11.028700 296.738478
v 15.286232 12.022523 296.738478
v 14.492937 12.967935 296.738478
v 13.641278 13.861130 296.738478
v 12.734683 14.698511 296.738478
v 11.776803 15.476706 296.738478
v 10.771496 16.192582 296.738478
v 9.722809 16.843256 296.738478
v 8.634966 17.426109 296.738478
v 7.512345 17.938792 296.738478
v 6.359469 18.379243 296.738478
v 5.180978 18.745686 296.738478
v 3.981619 19.036648 296.738478
v 2.766220 19.250955 296.738478
v 1.539677 19.387746 296.738478
v 0.306927 19.446469 296.738478
v -0.927066 19.426888 296.738478
v -2.157332 19.329082 296.738478
v -3.378918 19.153444 296.738478
v -4.586905 18.900683 296.738478
v -5.776429 18.571815 296.738478
v -6.942700 18.168164 296.738478
v -8.081021 17.691357 296.738478
v -9.186810 17.143313 296.738478
v -10.255613 16.526239 296.738478
v -11.283128 15.842620 296.738478
v -12.265216 15.095208 296.738478
v -13.197922 14.287013 296.738478
v -14.077492 13.421289 296.738478
v -14.900384 12.501523 296.738478
v -15.663284 11.531417 296.738478
v -16.363119 10.514878 296.738478
v -16.997073 9.456000 296.738478
v -17.562592 8.359046 296.738478
v -18.057400 7.228432 296.738478
v -18.479503 6.068713 296.738478
v -18.827203 4.884556 296.738478
v -19.099099 3.680732 296.738478
v -19.294096 2.462086 296.738478
v -19.411409 1.233527 296.738478
v -17.752251 0.000000 308.514181
v -17.716514 -1.125786 308.514181
v -17.609448 -2.247038 308.514181
v -17.431482 -3.359243 308.514181
v -17.183335 -4.457921 308.514181
v -16.866005 -5.538648 308.514181
v -16.480769 -6.597073 308.514181
v -16.029180 -7.628935 308.514181
v -15.513056 -8.630077 308.514181
v -14.934474 -9.596469 308.514181
v -14.295764 -10.524219 308.514181
v -13.599499 -11.409592 308.514181
v -12.848482 -12.249023 308.514181
v -12.045737 -13.039131 308.514181
v -11.194497 -13.776735 308.514181
v -10.298188 -14.458865 308.514181
v -9.360421 -15.082775 308.514181
v -8.384971 -15.645951 308.514181
v -7.375766 -16.146127 308.514181
v -6.336869 -16.581287 308.514181
v -5.272465 -16.949681 308.514181
v -4.186839 -17.249825 308.514181
v -3.084362 -17.480509 308.514181
v -1.969474 -17.640806 308.514181
v -0.846664 -17.730069 308.514181
v 0.279547 -17.747940 308.514181
v 1.404624 -17.694346 308.514181
v 2.524036 -17.569503 308.514181
v 3.633277 -17.373914 308.514181
v 4.727880 -17.108366 308.514181
v 5.803437 -16.773929 308.514181
v 6.855617 -16.371950 308.514181
v 7.880183 -15.904046 308.514181
v 8.873010 -15.372102 308.514181
v 9.830101 -14.778260 308.514181
v 10.747601 -14.124911 308.514181
v 11.621816 -13.414687 308.514181
v 12.449225 -12.650446 308.514181
v 13.226497 -11.835266 308.514181
v 13.950503 -10.972430 308.514181
v 14.618326 -10.065411 308.514181
v 15.227279 -9.117863 308.514181
v 15.774908 -8.133601 308.514181
v 16.259008 -7.116587 308.514181
v 16.677631 -6.070917 308.514181
v 17.029091 -5.000802 308.514181
v 17.311972 -3.910550 308.514181
v 17.525136 -2.804552 308.514181
v 17.667724 -1.687261 308.514181
v 17.739161 -0.563176 308.514181
v 17.739161 0.563176 308.514181
v 17.667724 1.687261 308.514181
v 17.525136 2.804552 308.514181
v 17.311972 3.910550 308.514181
v 17.029091 5.000802 308.514181
v 16.677631 6.070917 308.514181
v 16.259008 7.116587 308.514181
v 15.774908 8.133601 308.514181
v 15.227279 9.117863 308.514181
v 14.618326 10.065411 308.514181
v 13.950503 10.972430 308.514181
v 13.226497 11.835266 308.514181
v 12.449225 12.650446 308.514181
v 11.621816 13.414687 308.514181
v 10.747601 14.124911 308.514181
v 9.830101 14.778260 308.514181
v 8.873010 15.372102 308.514181
v 7.880183 15.904046 308.514181
v 6.855617 16.371950 308.514181
v 5.803437 16.773929 308.514181
v 4.727880 17.108366 308.514181
v 3.633277 17.373914 308.514181
v 2.524036 17.569503 308.514181
v 1.404624 17.694346 308.514181
v 0.279547 17.747940 308.514181
v -0.846664 17.730069 308.514181
v -1.969474 17.640806 308.514181
v -3.084362 17.480509 308.514181
v -4.186839 17.249825 308.514181
v -5.272465 16.949681 308.514181
v -6.336869 16.581287 308.514181
v -7.375766 16.146127 308.514181
v -8.384971 15.645951 308.514181
v -9.360421 15.082775 308.514181
v -10.298188 14.458865 308.514181
v -11.194497 13.776735 308.514181
v -12.045737 13.039131 308.514181
v -12.848482 12.249023 308.514181
v -13.599499 11.409592 308.514181
v -14.295764 10.524219 308.514181
v -14.934474 9.596469 308.514181
v -15.513056 8.630077 308.514181
v -16.029180 7.628935 308.514181
v -16.480769 6.597073 308.514181
v -16.866005 5.538648 308.514181
v -17.183335 4.457921 308.514181
v -17.431482 3.359243 308.514181
v -17.609448 2.247038 308.514181
v -17.716514 1.125786 308.514181
v -15.659696 0.000000 321.458840
v -15.628173 -0.993034 321.458840
v -15.533732 -1.982070 321.458840
v -15.376752 -2.963124 321.458840
v -15.157866 -3.932247 321.458840
v -14.877955 -4.885537 321.458840
v -14.538146 -5.819153 321.458840
v -14.139808 -6.729339 321.458840
v -13.684544 -7.612427 321.458840
v -13.174188 -8.464863 321.458840
v -12.610795 -9.283214 321.458840
v -11.996632 -10.064185 321.458840
v -11.334174 -10.804631 321.458840
v -10.626088 -11.501570 321.458840
v -9.875225 -12.152197 321.458840
v -9.084608 -12.753891 321.458840
v -8.257422 -13.304230 321.458840
v -7.396996 -13.800997 321.458840
v -6.506795 -14.242192 321.458840
v -5.590404 -14.626040 321.458840
v -4.651513 -14.950993 321.458840
v -3.693903 -15.215744 321.458840
v -2.721429 -15.419226 321.458840
v -1.738008 -15.560621 321.458840
v -0.747598 -15.639358 321.458840
v 0.245811 -15.655122 321.458840
v 1.238220 -15.607847 321.458840
v 2.225633 -15.497726 321.458840
v 3.204073 -15.325200 321.458840
v 4.169602 -15.090966 321.458840
v 5.118330 -14.795965 321.458840
v 6.046438 -14.441387 321.458840
v 6.950188 -14.028657 321.458840
v 7.825943 -13.559440 321.458840
v 8.670174 -13.035623 321.458840
v 9.479483 -12.459317 321.458840
v 10.250612 -11.832841 321.458840
v 10.980454 -11.158719 321.458840
v 11.666071 -10.439664 321.458840
v 12.304702 -9.678572 321.458840
v 12.893777 -8.878509 321.458840
v 13.430922 -8.042694 321.458840
v 13.913975 -7.174495 321.458840
v 14.340991 -6.277406 321.458840
v 14.710251 -5.355041 321.458840
v 15.020267 -4.411113 321.458840
v 15.269791 -3.449422 321.458840
v 15.457818 -2.473842 321.458840
v 15.583592 -1.488301 321.458840
v 15.646606 -0.496767 321.458840
v 15.646606 0.496767 321.458840
v 15.583592 1.488301 321.458840
v 15.457818 2.473842 321.458840
v 15.269791 3.449422 321.458840
v 15.020267 4.411113 321.458840
v 14.710251 5.355041 321.458840
v 14.340991 6.277406 321.458840
v 13.913975 7.174495 321.458840
v 13.430922 8.042694 321.458840
v 12.893777 8.878509 321.458840
v 12.304702 9.678572 321.458840
v 11.666071 10.439664 321.458840
v 10.980454 11.158719 321.458840
v 10.250612 11.832841 321.458840
v 9.479483 12.459317 321.458840
v 8.670174 13.035623 321.458840
v 7.825943 13.559440 321.458840
v 6.950188 14.028657 321.458840
v 6.046438 14.441387 321.458840
v 5.118330 14.795965 321.458840
v 4.169602 15.090966 321.458840
v 3.204073 15.325200 321.458840
v 2.225633 15.497726 321.458840
v 1.238220 15.607847 321.458840
v 0.245811 15.655122 321.458840
v -0.747598 15.639358 321.458840
v -1.738008 15.560621 321.458840
v -2.721429 15.419226 321.458840
v -3.693903 15.215744 321.458840
v -4.651513 14.950993 321.458840
v -5.590404 14.626040 321.458840
v -6.506795 14.242192 321.458840
v -7.396996 13.800997 321.458840
v -8.257422 13.304230 321.458840
v -9.084608 12.753891 321.458840
v -9.875225 12.152197 321.458840
v -10.626088 11.501570 321.458840
v -11.334174 10.804631 321.458840
v -11.996632 10.064185 321.458840
v -12.610795 9.283214 321.458840
v -13.174188 8.464863 321.458840
v -13.684544 7.612427 321.458840
v -14.139808 6.729339 321.458840
v -14.538146 5.819153 321.458840
v -14.877955 4.885537 321.458840
v -15.157866 3.932247 321.458840
v -15.376752 2.963124 321.458840
v -15.533732 1.982070 321.458840
v -15.628173 0.993034 321.458840
v -12.880869 0.000000 336.762947
v -12.854942 -0.816746 336.762947
v -12.777266 -1.630203 336.762947
v -12.648154 -2.437095 336.762947
v -12.468126 -3.234175 336.762947
v -12.237906 -4.018231 336.762947
v -11.958422 -4.786108 336.762947
v -11.630799 -5.534712 336.762947
v -11.256356 -6.261030 336.762947
v -10.836601 -6.962137 336.762947
v -10.373224 -7.635211 336.762947
v -9.868091 -8.277539 336.762947
v -9.323236 -8.886537 336.762947
v -8.740853 -9.459753 336.762947
v -8.123286 -9.994877 336.762947
v -7.473024 -10.489755 336.762947
v -6.792684 -10.942395 336.762947
v -6.085005 -11.350973 336.762947
v -5.352837 -11.713845 336.762947
v -4.599129 -12.029550 336.762947
v -3.826915 -12.296816 336.762947
v -3.039304 -12.514567 336.762947
v -2.239469 -12.681926 336.762947
v -1.430629 -12.798220 336.762947
v -0.616043 -12.862979 336.762947
v 0.201012 -12.875944 336.762947
v 1.017243 -12.837062 336.762947
v 1.829365 -12.746490 336.762947
v 2.634108 -12.604592 336.762947
v 3.428231 -12.411940 336.762947
v 4.208536 -12.169310 336.762947
v 4.971881 -11.877678 336.762947
v 5.715193 -11.538218 336.762947
v 6.435479 -11.152299 336.762947
v 7.129838 -10.721473 336.762947
v 7.795475 -10.247475 336.762947
v 8.429709 -9.732214 336.762947
v 9.029985 -9.177766 336.762947
v 9.593888 -8.586361 336.762947
v 10.119147 -7.960383 336.762947
v 10.603646 -7.302350 336.762947
v 11.045434 -6.614914 336.762947
v 11.442733 -5.900842 336.762947
v 11.793943 -5.163009 336.762947
v 12.097650 -4.404387 336.762947
v 12.352630 -3.628029 336.762947
v 12.557857 -2.837063 336.762947
v 12.712505 -2.034673 336.762947
v 12.815951 -1.224090 336.762947
v 12.867779 -0.408579 336.762947
v 12.867779 0.408579 336.762947
v 12.815951 1.224090 336.762947
v 12.712505 2.034673 336.762947
v 12.557857 2.837063 336.762947
v 12.352630 3.628029 336.762947
v 12.097650 4.404387 336.762947
v 11.793943 5.163009 336.762947
v 11.442733 5.900842 336.762947
v 11.045434 6.614914 336.762947
v 10.603646 7.302350 336.762947
v 10.119147 7.960383 336.762947
v 9.593888 8.586361 336.762947
v 9.029985 9.177766 336.762947
v 8.429709 9.732214 336.762947
v 7.795475 10.247475 336.762947
v 7.129838 10.721473 336.762947
v 6.435479 11.152299 336.762947
v 5.715193 11.538218 336.762947
v 4.971881 11.877678 336.762947
v 4.208536 12.169310 336.762947
v 3.428231 12.411940 336.762947
v 2.634108 12.604592 336.762947
v 1.829365 12.746490 336.762947
v 1.017243 12.837062 336.762947
v 0.201012 12.875944 336.762947
v -0.616043 12.862979 336.762947
v -1.430629 12.798220 336.762947
v -2.239469 12.681926 336.762947
v -3.039304 12.514567 336.762947
v -3.826915 12.296816 336.762947
v -4.599129 12.029550 336.762947
v -5.352837 11.713845 336.762947
v -6.085005 11.350973 336.762947
v -6.792684 10.942395 336.762947
v -7.473024 10.489755 336.762947
v -8.123286 9.994877 336.762947
v -8.740853 9.459753 336.762947
v -9.323236 8.886537 336.762947
v -9.868091 8.277539 336.762947
v -10.373224 7.635211 336.762947
v -10.836601 6.962137 336.762947
v -11.256356 6.261030 336.762947
v -11.630799 5.534712 336.762947
v -11.958422 4.786108 336.762947
v -12.237906 4.018231 336.762947
v -12.468126 3.234175 336.762947
v -12.648154 2.437095 336.762947
v -12.777266 1.630203 336.762947
v -12.854942 0.816746 336.762947
v -10.441057 0.000000 348.905629
v -10.420044 -0.661964 348.905629
v -10.357089 -1.321263 348.905629
v -10.252445 -1.975242 348.905629
v -10.106534 -2.621267 348.905629
v -9.919943 -3.256737 348.905629
v -9.693424 -3.879093 348.905629
v -9.427888 -4.485830 348.905629
v -9.124406 -5.074503 348.905629
v -8.784198 -5.642744 348.905629
v -8.408636 -6.188263 348.905629
v -7.999231 -6.708864 348.905629
v -7.557631 -7.202451 348.905629
v -7.085615 -7.667036 348.905629
v -6.585084 -8.100749 348.905629
v -6.058053 -8.501843 348.905629
v -5.506644 -8.868703 348.905629
v -4.933077 -9.199852 348.905629
v -4.339662 -9.493956 348.905629
v -3.728789 -9.749832 348.905629
v -3.102917 -9.966448 348.905629
v -2.464567 -10.142933 348.905629
v -1.816308 -10.278576 348.905629
v -1.160751 -10.372831 348.905629
v -0.500537 -10.425318 348.905629
v 0.161678 -10.435826 348.905629
v 0.823225 -10.404313 348.905629
v 1.481442 -10.330905 348.905629
v 2.133678 -10.215898 348.905629
v 2.777307 -10.059755 348.905629
v 3.409736 -9.863106 348.905629
v 4.028420 -9.626741 348.905629
v 4.630868 -9.351612 348.905629
v 5.214652 -9.038828 348.905629
v 5.777424 -8.689648 348.905629
v 6.316915 -8.305478 348.905629
v 6.830955 -7.887864 348.905629
v 7.317474 -7.438489 348.905629
v 7.774512 -6.959161 348.905629
v 8.200228 -6.451812 348.905629
v 8.592910 -5.918483 348.905629
v 8.950975 -5.361323 348.905629
v 9.272982 -4.782574 348.905629
v 9.557634 -4.184568 348.905629
v 9.803786 -3.569712 348.905629
v 10.010445 -2.940482 348.905629
v 10.176779 -2.299412 348.905629
v 10.302120 -1.649083 348.905629
v 10.385962 -0.992113 348.905629
v 10.427968 -0.331149 348.905629
v 10.427968 0.331149 348.905629
v 10.385962 0.992113 348.905629
v 10.302120 1.649083 348.905629
v 10.176779 2.299412 348.905629
v 10.010445 2.940482 348.905629
v 9.803786 3.569712 348.905629
v 9.557634 4.184568 348.905629
v 9.272982 4.782574 348.905629
v 8.950975 5.361323 348.905629
v 8.592910 5.918483 348.905629
v 8.200228 6.451812 348.905629
v 7.774512 6.959161 348.905629
v 7.317474 7.438489 348.905629
v 6.830955 7.887864 348.905629
v 6.316915 8.305478 348.905629
v 5.777424 8.689648 348.905629
v 5.214652 9.038828 348.905629
v 4.630868 9.351612 348.905629
v 4.028420 9.626741 348.905629
v 3.409736 9.863106 348.905629
v 2.777307 10.059755 348.905629
v 2.133678 10.215898 348.905629
v 1.481442 10.330905 348.905629
v 0.823225 10.404313 348.905629
v 0.161678 10.435826 348.905629
v -0.500537 10.425318 348.905629
v -1.160751 10.372831 348.905629
v -1.816308 10.278576 348.905629
v -2.464567 10.142933 348.905629
v -3.102917 9.966448 348.905629
v -3.728789 9.749832 348.905629
v -4.339662 9.493956 348.905629
v -4.933077 9.199852 348.905629
v -5.506644 8.868703 348.905629
v -6.058053 8.501843 348.905629
v -6.585084 8.100749 348.905629
v -7.085615 7.667036 348.905629
v -7.557631 7.202451 348.905629
v -7.999231 6.708864 348.905629
v -8.408636 6.188263 348.905629
v -8.784198 5.642744 348.905629
v -9.124406 5.074503 348.905629
v -9.427888 4.485830 348.905629
v -9.693424 3.879093 348.905629
v -9.919943 3.256737 348.905629
v -10.106534 2.621267 348.905629
v -10.252445 1.975242 348.905629
v -10.357089 1.321263 348.905629
v -10.420044 0.661964 348.905629
v -7.969720 0.000000 360.267922
v -7.953683 -0.505183 360.267922
v -7.905638 -1.008332 360.267922
v -7.825779 -1.507420 360.267922
v -7.714425 -2.000439 360.267922
v -7.572027 -2.485403 360.267922
v -7.399158 -2.960358 360.267922
v -7.196512 -3.423394 360.267922
v -6.964907 -3.872644 360.267922
v -6.705276 -4.306301 360.267922
v -6.418662 -4.722618 360.267922
v -6.106222 -5.119919 360.267922
v -5.769212 -5.496604 360.267922
v -5.408989 -5.851155 360.267922
v -5.027005 -6.182146 360.267922
v -4.624798 -6.488244 360.267922
v -4.203986 -6.768216 360.267922
v -3.766264 -7.020935 360.267922
v -3.313395 -7.245383 360.267922
v -2.847203 -7.440656 360.267922
v -2.369564 -7.605968 360.267922
v -1.882402 -7.740654 360.267922
v -1.387679 -7.844171 360.267922
v -0.887386 -7.916102 360.267922
v -0.383538 -7.956158 360.267922
v 0.121835 -7.964177 360.267922
v 0.626700 -7.940128 360.267922
v 1.129023 -7.884106 360.267922
v 1.626782 -7.796338 360.267922
v 2.117972 -7.677176 360.267922
v 2.600615 -7.527102 360.267922
v 3.072769 -7.346718 360.267922
v 3.532531 -7.136752 360.267922
v 3.978050 -6.898048 360.267922
v 4.407533 -6.631569 360.267922
v 4.819250 -6.338386 360.267922
v 5.211544 -6.019681 360.267922
v 5.582834 -5.676737 360.267922
v 5.931626 -5.310935 360.267922
v 6.256514 -4.923748 360.267922
v 6.556192 -4.516734 360.267922
v 6.829452 -4.091533 360.267922
v 7.075194 -3.649857 360.267922
v 7.292429 -3.193484 360.267922
v 7.480281 -2.724252 360.267922
v 7.637994 -2.244051 360.267922
v 7.764934 -1.754813 360.267922
v 7.860589 -1.258510 360.267922
v 7.924573 -0.757138 360.267922
v 7.956630 -0.252719 360.267922
v 7.956630 0.252719 360.267922
v 7.924573 0.757138 360.267922
v 7.860589 1.258510 360.267922
v 7.764934 1.754813 360.267922
v 7.637994 2.244051 360.267922
v 7.480281 2.724252 360.267922
v 7.292429 3.193484 360.267922
v 7.075194 3.649857 360.267922
v 6.829452 4.091533 360.267922
v 6.556192 4.516734 360.267922
v 6.256514 4.923748 360.267922
v 5.931626 5.310935 360.267922
v 5.582834 5.676737 360.267922
v 5.211544 6.019681 360.267922
v 4.819250 6.338386 360.267922
v 4.407533 6.631569 360.267922
v 3.978050 6.898048 360.267922
v 3.532531 7.136752 360.267922
v 3.072769 7.346718 360.267922
v 2.600615 7.527102 360.267922
v 2.117972 7.677176 360.267922
v 1.626782 7.796338 360.267922
v 1.129023 7.884106 360.267922
v 0.626700 7.940128 360.267922
v 0.121835 7.964177 360.267922
v -0.383538 7.956158 360.267922
v -0.887386 7.916102 360.267922
v -1.387679 7.844171 360.267922
v -1.882402 7.740654 360.267922
v -2.369564 7.605968 360.267922
v -2.847203 7.440656 360.267922
v -3.313395 7.245383 360.267922
v -3.766264 7.020935 360.267922
v -4.203986 6.768216 360.267922
v -4.624798 6.488244 360.267922
v -5.027005 6.182146 360.267922
v -5.408989 5.851155 360.267922
v -5.769212 5.496604 360.267922
v -6.106222 5.119919 360.267922
v -6.418662 4.722618 360.267922
v -6.705276 4.306301 360.267922
v -6.964907 3.872644 360.267922
v -7.196512 3.423394 360.267922
v -7.399158 2.960358 360.267922
v -7.572027 2.485403 360.267922
v -7.714425 2.000439 360.267922
v -7.825779 1.507420 360.267922
v -7.905638 1.008332 360.267922
v -7.953683 0.505183 360.267922
v -4.786016 0.303822 373.766495
v -4.880396 0.309821 373.377837
v -4.757121 0.606420 373.766495
v -4.850931 0.618394 373.377837
v -4.709093 0.906577 373.766495
v -4.801955 0.924476 373.377837
v -4.642124 1.203083 373.766495
v -4.733663 1.226837 373.377837
v -4.556484 1.494744 373.766495
v -4.646333 1.524257 373.377837
v -4.452519 1.780387 373.766495
v -4.540315 1.815540 373.377837
v -4.330646 2.058861 373.766495
v -4.416036 2.099512 373.377837
v -4.191357 2.329045 373.766495
v -4.273996 2.375030 373.377837
v -4.035212 2.589850 373.766495
v -4.114768 2.640985 373.377837
v -3.862840 2.840227 373.766495
v -3.938993 2.896305 373.377837
v -3.674935 3.079167 373.766495
v -3.747378 3.139963 373.377837
v -3.472254 3.305709 373.766495
v -3.540695 3.370978 373.377838
v -3.255613 3.518939 373.766495
v -3.319777 3.588419 373.377838
v -3.025884 3.718001 373.766495
v -3.085512 3.791410 373.377838
v -2.783993 3.902091 373.766495
v -2.838844 3.979135 373.377838
v -2.530913 4.070468 373.766495
v -2.580767 4.150837 373.377838
v -2.267663 4.222456 373.766495
v -2.312320 4.305825 373.377838
v -1.995303 4.357441 373.766495
v -2.034583 4.443476 373.377838
v -1.714931 4.474880 373.766495
v -1.748674 4.563234 373.377838
v -1.427674 4.574300 373.766495
v -1.455746 4.664617 373.377839
v -1.134691 4.655302 373.766495
v -1.156978 4.747218 373.377839
v -0.837159 4.717558 373.766495
v -0.853572 4.810703 373.377839
v -0.536279 4.760818 373.766495
v -0.546751 4.854817 373.377839
v -0.233260 4.784908 373.766495
v -0.237749 4.879383 373.377839
v 0.070676 4.789731 373.766495
v 0.072189 4.884301 373.377839
v 0.374307 4.775267 373.766495
v 0.381814 4.869551 373.377840
v 0.676409 4.741575 373.766495
v 0.689881 4.835194 373.377840
v 0.975765 4.688790 373.766495
v 0.995148 4.781367 373.377840
v 1.271172 4.617126 373.766495
v 1.296387 4.708287 373.377840
v 1.561438 4.526869 373.766495
v 1.592384 4.616249 373.377840
v 1.845395 4.418385 373.766495
v 1.881948 4.505623 373.377840
v 2.121900 4.292109 373.766495
v 2.163912 4.376854 373.377841
v 2.389840 4.148551 373.766495
v 2.437142 4.230461 373.377841
v 2.648135 3.988287 373.766495
v 2.700537 4.067033 373.377841
v 2.895746 3.811965 373.766495
v 2.953037 3.887229 373.377841
v 3.131675 3.620293 373.766495
v 3.193624 3.691773 373.377841
v 3.354972 3.414043 373.766495
v 3.421330 3.481451 373.377841
v 3.564739 3.194046 373.766495
v 3.635238 3.257110 373.377841
v 3.760130 2.961188 373.766495
v 3.834487 3.019654 373.377841
v 3.940359 2.716406 373.766495
v 4.018275 2.770039 373.377841
v 4.104700 2.460686 373.766495
v 4.185861 2.509270 373.377842
v 4.252492 2.195058 373.766495
v 4.336570 2.238398 373.377842
v 4.383138 1.920591 373.766495
v 4.469797 1.958512 373.377842
v 4.496114 1.638391 373.766495
v 4.585003 1.670739 373.377842
v 4.590965 1.349593 373.766495
v 4.681726 1.376240 373.377842
v 4.667307 1.055361 373.766495
v 4.759576 1.076198 373.377842
v 4.724835 0.756879 373.766495
v 4.818240 0.771823 373.377842
v 4.763316 0.455350 373.766495
v 4.857480 0.464341 373.377842
v 4.782595 0.151987 373.766495
v 4.877140 0.154988 373.377842
v 4.782595 -0.151987 373.766495
v -0.742430 -0.000000 377.672543
v -0.740946 -0.046750 377.672543
v -0.736500 -0.093312 377.672543
v -0.729110 -0.139498 377.672543
v -0.718805 -0.185122 377.672543
v -0.705627 -0.230001 377.672543
v -0.689630 -0.273954 377.672543
v -0.670877 -0.316803 377.672543
v -0.649444 -0.358377 377.672543
v -0.625418 -0.398508 377.672543
v -0.598894 -0.437034 377.672543
v -0.569981 -0.473801 377.672543
v -0.538794 -0.508660 377.672543
v -0.505458 -0.541470 377.672543
v -0.470109 -0.572100 377.672543
v -0.432889 -0.600427 377.672543
v -0.393947 -0.626336 377.672543
v -0.353439 -0.649722 377.672543
v -0.311531 -0.670493 377.672543
v -0.268389 -0.688564 377.672543
v -0.224188 -0.703862 377.672543
v -0.179106 -0.716326 377.672543
v -0.133323 -0.725905 377.672543
v -0.087026 -0.732562 377.672543
v -0.040400 -0.736269 377.672543
v 0.006368 -0.737011 377.672543
v 0.053089 -0.734785 377.672543
v 0.099574 -0.729601 377.672543
v 0.145637 -0.721479 377.672543
v 0.191092 -0.710451 377.672543
v 0.235756 -0.696563 377.672543
v 0.279450 -0.679871 377.672543
v 0.321996 -0.660440 377.672543
v 0.363225 -0.638350 377.672543
v 0.402970 -0.613690 377.672543
v 0.441070 -0.586559 377.672543
v 0.477373 -0.557066 377.672543
v 0.511733 -0.525329 377.672543
v 0.544010 -0.491478 377.672543
v 0.574076 -0.455647 377.672543
v 0.601808 -0.417982 377.672543
v 0.627096 -0.378633 377.672543
v 0.649837 -0.337760 377.672543
v 0.669940 -0.295527 377.672543
v 0.687324 -0.252104 377.672543
v 0.701919 -0.207666 377.672543
v 0.713666 -0.162392 377.672543
v 0.722518 -0.116463 377.672543
v 0.728439 -0.070066 377.672543
v 0.731406 -0.023387 377.672543
v 0.731406 0.023387 377.672543
v 0.728439 0.070066 377.672543
v 0.722518 0.116463 377.672543
v 0.713666 0.162392 377.672543
v 0.701919 0.207666 377.672543
v 0.687324 0.252104 377.672543
v 0.669940 0.295527 377.672543
v 0.649837 0.337760 377.672543
v 0.627096 0.378633 377.672543
v 0.601808 0.417982 377.672543
v 0.574076 0.455647 377.672543
v 0.544010 0.491478 377.672543
v 0.511733 0.525329 377.672543
v 0.477373 0.557066 377.672543
v 0.441070 0.586559 377.672543
v 0.402970 0.613690 377.672543
v 0.363225 0.638350 377.672543
v 0.321996 0.660440 377.672543
v 0.279450 0.679871 377.672543
v 0.235756 0.696563 377.672543
v 0.191092 0.710451 377.672543
v 0.145637 0.721479 377.672543
v 0.099574 0.729601 377.672543
v 0.053089 0.734785 377.672543
v 0.006368 0.737011 377.672543
v -0.040400 0.736269 377.672543
v -0.087026 0.732562 377.672543
v -0.133323 0.725905 377.672543
v -0.179106 0.716326 377.672543
v -0.224188 0.703862 377.672543
v -0.268389 0.688564 377.672543
v -0.311531 0.670493 377.672543
v -0.353439 0.649722 377.672543
v -0.393947 0.626336 377.672543
v -0.432889 0.600427 377.672543
v -0.470109 0.572100 377.672543
v -0.505458 0.541470 377.672543
v -0.538794 0.508660 377.672543
v -0.569981 0.473801 377.672543
v -0.598894 0.437034 377.672543
v -0.625418 0.398508 377.672543
v -0.649444 0.358377 377.672543
v -0.670877 0.316803 377.672543
v -0.689630 0.273954 377.672543
v -0.705627 0.230001 377.672543
v -0.718805 0.185122 377.672543
v -0.729110 0.139498 377.672543
v -0.736500 0.093312 377.672543
v -0.740946 0.046750 377.672543
v -1.676689 -0.106218 377.436696
v -2.615500 -0.165881 376.980223
v -3.466133 -0.219941 376.301853
v -4.143479 -0.262987 375.449933
v -4.599262 -0.291953 374.509701
v -1.680060 -0.000000 377.436696
v -2.620766 -0.000000 376.980223
v -3.473115 -0.000000 376.301853
v -4.151828 -0.000000 375.449933
v -4.608530 -0.000000 374.509701
v -1.666587 -0.212009 377.436696
v -2.599724 -0.331095 376.980223
v -3.445216 -0.438996 376.301853
v -4.118468 -0.524916 375.449933
v -4.571496 -0.582731 374.509701
v -1.649796 -0.316945 377.436696
v -2.573502 -0.494975 376.980223
v -3.410448 -0.656283 376.301853
v -4.076895 -0.784730 375.449933
v -4.525344 -0.871162 374.509701
v -1.626383 -0.420606 377.436696
v -2.536938 -0.656862 376.980223
v -3.361968 -0.870928 376.301853
v -4.018927 -1.041385 375.449933
v -4.460991 -1.156085 374.509701
v -1.596443 -0.522573 377.436696
v -2.490180 -0.816104 376.980223
v -3.299972 -1.082066 376.301853
v -3.944797 -1.293847 375.449933
v -4.378697 -1.436353 374.509701
v -1.560096 -0.622436 377.436696
v -2.433417 -0.972061 376.980223
v -3.224710 -1.288847 376.301853
v -3.854805 -1.541099 375.449933
v -4.278793 -1.710838 374.509701
v -1.517488 -0.719792 377.436696
v -2.366876 -1.124102 376.980223
v -3.136485 -1.490438 376.301853
v -3.749312 -1.782145 375.449933
v -4.161681 -1.978433 374.509701
v -1.468792 -0.814250 377.436696
v -2.290827 -1.271618 376.980223
v -3.035652 -1.686027 376.301853
v -3.628744 -2.016015 375.449933
v -4.027833 -2.238062 374.509701
v -1.414202 -0.905429 377.436696
v -2.205574 -1.414013 376.980223
v -2.922616 -1.874828 376.301853
v -3.493585 -2.241768 375.449933
v -3.877787 -2.488679 374.509701
v -1.353940 -0.992963 377.436696
v -2.111462 -1.550715 376.980223
v -2.797834 -2.056079 376.301853
v -3.344381 -2.458493 375.449933
v -3.712149 -2.729275 374.509701
v -1.288247 -1.076498 377.436696
v -2.008869 -1.681172 376.980223
v -2.661807 -2.229051 376.301853
v -3.181731 -2.665319 375.449933
v -3.531585 -2.958882 374.509701
v -1.217388 -1.155698 377.436696
v -1.898209 -1.804860 376.980223
v -2.515083 -2.393048 376.301853
v -3.006291 -2.861413 375.449933
v -3.336821 -3.176574 374.509701
v -1.141649 -1.230245 377.436696
v -1.779927 -1.921280 376.980223
v -2.358254 -2.547409 376.301853
v -2.818767 -3.045985 375.449933
v -3.128643 -3.381475 374.509701
v -1.061334 -1.299838 377.436696
v -1.654499 -2.029964 376.980223
v -2.191950 -2.691512 376.301853
v -2.619914 -3.218292 375.449933
v -2.907889 -3.572760 374.509701
v -0.976768 -1.364198 377.436696
v -1.522430 -2.130474 376.980223
v -2.016841 -2.824777 376.301853
v -2.410533 -3.377640 375.449933
v -2.675446 -3.749658 374.509701
v -0.888289 -1.423064 377.436696
v -1.384253 -2.222405 376.980223
v -1.833633 -2.946668 376.301853
v -2.191468 -3.523387 375.449933
v -2.432253 -3.911459 374.509701
v -0.796255 -1.476199 377.436696
v -1.240523 -2.305388 376.980223
v -1.643063 -3.056694 376.301853
v -1.963599 -3.654947 375.449933
v -2.179286 -4.057509 374.509701
v -0.701036 -1.523391 377.436696
v -1.091819 -2.379087 376.980223
v -1.445898 -3.154411 376.301853
v -1.727845 -3.771790 375.449933
v -1.917566 -4.187221 374.509701
v -0.603016 -1.564449 377.436696
v -0.938741 -2.443207 376.980223
v -1.242933 -3.239427 376.301853
v -1.485156 -3.873445 375.449933
v -1.648146 -4.300072 374.509701
v -0.502589 -1.599207 377.436696
v -0.781904 -2.497489 376.980223
v -1.034984 -3.311399 376.301853
v -1.236507 -3.959503 375.449933
v -1.372112 -4.395609 374.509701
v -0.400160 -1.627525 377.436696
v -0.621940 -2.541714 376.980223
v -0.822889 -3.370037 376.301853
v -0.982901 -4.029617 375.449933
v -1.090573 -4.473446 374.509701
v -0.296141 -1.649291 377.436696
v -0.459493 -2.575705 376.980223
v -0.607502 -3.415105 376.301853
v -0.725359 -4.083506 375.449933
v -0.804665 -4.533270 374.509701
v -0.190951 -1.664415 377.436696
v -0.295217 -2.599324 376.980223
v -0.389690 -3.446422 376.301853
v -0.464917 -4.120952 375.449933
v -0.515538 -4.574840 374.509701
v -0.085014 -1.672837 377.436696
v -0.129774 -2.612477 376.980223
v -0.170331 -3.463861 376.301853
v -0.202625 -4.141804 375.449933
v -0.224356 -4.597989 374.509701
v 0.021244 -1.674523 377.436696
v 0.036170 -2.615110 376.980223
v 0.049693 -3.467352 376.301853
v 0.060461 -4.145979 375.449933
v 0.067707 -4.602623 374.509701
v 0.127396 -1.669466 377.436696
v 0.201947 -2.607213 376.980223
v 0.269495 -3.456882 376.301853
v 0.323283 -4.133459 375.449933
v 0.359477 -4.588725 374.509701
v 0.233013 -1.657687 377.436696
v 0.366889 -2.588818 376.980223
v 0.488191 -3.432491 376.301853
v 0.584782 -4.104295 375.449933
v 0.649777 -4.556349 374.509701
v 0.337670 -1.639233 377.436696
v 0.530333 -2.559998 376.980223
v 0.704899 -3.394280 376.301853
v 0.843904 -4.058605 375.449933
v 0.937440 -4.505626 374.509701
v 0.440946 -1.614179 377.436696
v 0.691619 -2.520871 376.980223
v 0.918748 -3.342401 376.301853
v 1.099607 -3.996572 375.449933
v 1.221306 -4.436761 374.509701
v 0.542425 -1.582625 377.436696
v 0.850100 -2.471592 376.980223
v 1.128876 -3.277063 376.301853
v 1.350861 -3.918447 375.449933
v 1.500233 -4.350030 374.509701
v 0.641698 -1.544698 377.436696
v 1.005135 -2.412362 376.980223
v 1.334436 -3.198530 376.301853
v 1.596654 -3.824543 375.449933
v 1.773098 -4.245784 374.509701
v 0.738366 -1.500551 377.436696
v 1.156102 -2.343417 376.980223
v 1.534602 -3.107117 376.301853
v 1.835996 -3.715239 375.449933
v 2.038802 -4.124441 374.509701
v 0.832040 -1.450362 377.436696
v 1.302393 -2.265037 376.980223
v 1.728567 -3.003193 376.301853
v 2.067924 -3.590975 375.449933
v 2.296275 -3.986491 374.509701
v 0.922342 -1.394333 377.436696
v 1.443417 -2.177536 376.980223
v 1.915551 -2.887176 376.301853
v 2.291503 -3.452252 375.449933
v 2.544480 -3.832488 374.509701
v 1.008908 -1.332689 377.436696
v 1.578608 -2.081267 376.980223
v 2.094800 -2.759534 376.301853
v 2.505834 -3.299627 375.449933
v 2.782417 -3.663053 374.509701
v 1.091390 -1.265679 377.436696
v 1.707422 -1.976617 376.980223
v 2.265592 -2.620780 376.301853
v 2.710054 -3.133716 375.449933
v 3.009130 -3.478869 374.509701
v 1.169457 -1.193573 377.436696
v 1.829338 -1.864008 376.980223
v 2.427240 -2.471473 376.301853
v 2.903339 -2.955187 375.449933
v 3.223704 -3.280676 374.509701
v 1.242793 -1.116660 377.436696
v 1.943867 -1.743894 376.980223
v 2.579093 -2.312214 376.301853
v 3.084913 -2.764758 375.449933
v 3.425277 -3.069273 374.509701
v 1.311103 -1.035252 377.436696
v 2.050547 -1.616757 376.980223
v 2.720539 -2.143645 376.301853
v 3.254043 -2.563197 375.449933
v 3.613035 -2.845511 374.509701
v 1.374112 -0.949674 377.436696
v 2.148949 -1.483111 376.980223
v 2.851009 -1.966444 376.301853
v 3.410049 -2.351314 375.449933
v 3.786224 -2.610292 374.509701
v 1.431567 -0.860273 377.436696
v 2.238677 -1.343492 376.980223
v 2.969978 -1.781325 376.301853
v 3.552302 -2.129964 375.449933
v 3.944145 -2.364561 374.509701
v 1.483236 -0.767407 377.436696
v 2.319368 -1.198464 376.980223
v 3.076967 -1.589033 376.301853
v 3.680230 -1.900037 375.449933
v 4.086163 -2.109310 374.509701
v 1.528911 -0.671452 377.436696
v 2.390699 -1.048609 376.980223
v 3.171544 -1.390342 376.301853
v 3.793318 -1.662459 375.449933
v 4.211706 -1.845565 374.509701
v 1.568408 -0.572793 377.436696
v 2.452382 -0.894533 376.980223
v 3.253328 -1.186054 376.301853
v 3.891109 -1.418187 375.449933
v 4.320269 -1.574388 374.509701
v 1.601568 -0.471827 377.436696
v 2.504169 -0.736854 376.980223
v 3.321992 -0.976989 376.301853
v 3.973212 -1.168204 375.449933
v 4.411414 -1.296872 374.509701
v 1.628258 -0.368961 377.436696
v 2.545850 -0.576209 376.980223
v 3.377257 -0.763990 376.301853
v 4.039294 -0.913518 375.449933
v 4.484774 -1.014134 374.509701
v 1.648370 -0.264610 377.436696
v 2.577260 -0.413243 376.980223
v 3.418902 -0.547915 376.301853
v 4.089089 -0.655153 375.449933
v 4.540055 -0.727312 374.509701
v 1.661823 -0.159194 377.436696
v 2.598269 -0.248613 376.980223
v 3.446759 -0.329634 376.301853
v 4.122398 -0.394150 375.449933
v 4.577032 -0.437562 374.509701
v 1.668564 -0.053136 377.436696
v 2.608796 -0.082982 376.980223
v 3.460716 -0.110026 376.301853
v 4.139086 -0.131560 375.449933
v 4.595559 -0.146050 374.509701
v 1.668564 0.053136 377.436696
v 2.608796 0.082982 376.980223
v 3.460716 0.110026 376.301853
v 4.139086 0.131560 375.449933
v 4.595559 0.146050 374.509701
v 1.661823 0.159194 377.436696
v 2.598269 0.248613 376.980223
v 3.446759 0.329634 376.301853
v 4.122398 0.394150 375.449933
v 4.577032 0.437562 374.509701
v 1.648370 0.264610 377.436696
v 2.577260 0.413243 376.980223
v 3.418902 0.547915 376.301853
v 4.089089 0.655153 375.449933
v 4.540055 0.727312 374.509701
v 1.628258 0.368961 377.436696
v 2.545850 0.576209 376.980223
v 3.377257 0.763990 376.301853
v 4.039294 0.913518 375.449933
v 4.484774 1.014134 374.509701
v 1.601568 0.471827 377.436696
v 2.504169 0.736854 376.980223
v 3.321992 0.976989 376.301853
v 3.973212 1.168204 375.449933
v 4.411414 1.296872 374.509701
v 1.568408 0.572793 377.436696
v 2.452382 0.894533 376.980223
v 3.253328 1.186054 376.301853
v 3.891109 1.418187 375.449933
v 4.320269 1.574388 374.509701
v 1.528911 0.671452 377.436696
v 2.390699 1.048609 376.980223
v 3.171544 1.390342 376.301853
v 3.793318 1.662459 375.449933
v 4.211706 1.845565 374.509701
v 1.483236 0.767407 377.436696
v 2.319368 1.198464 376.980223
v 3.076967 1.589033 376.301853
v 3.680230 1.900037 375.449933
v 4.086163 2.109310 374.509701
v 1.431567 0.860273 377.436696
v 2.238677 1.343492 376.980223
v 2.969978 1.781325 376.301853
v 3.552302 2.129964 375.449933
v 3.944145 2.364561 374.509701
v 1.374112 0.949674 377.436696
v 2.148949 1.483111 376.980223
v 2.851009 1.966444 376.301853
v 3.410049 2.351314 375.449933
v 3.786224 2.610292 374.509701
v 1.311103 1.035252 377.436696
v 2.050547 1.616757 376.980223
v 2.720539 2.143645 376.301853
v 3.254043 2.563197 375.449933
v 3.613035 2.845511 374.509701
v 1.242793 1.116660 377.436696
v 1.943867 1.743894 376.980223
v 2.579093 2.312214 376.301853
v 3.084913 2.764758 375.449933
v 3.425277 3.069273 374.509701
v 1.169457 1.193573 377.436696
v 1.829338 1.864008 376.980223
v 2.427240 2.471473 376.301853
v 2.903339 2.955187 375.449933
v 3.223704 3.280676 374.509701
v 1.091390 1.265679 377.436696
v 1.707422 1.976617 376.980223
v 2.265592 2.620780 376.301853
v 2.710054 3.133716 375.449933
v 3.009130 3.478869 374.509701
v 1.008908 1.332689 377.436696
v 1.578608 2.081267 376.980223
v 2.094800 2.759534 376.301853
v 2.505834 3.299627 375.449933
v 2.782417 3.663053 374.509701
v 0.922342 1.394333 377.436696
v 1.443417 2.177536 376.980223
v 1.915551 2.887176 376.301853
v 2.291503 3.452252 375.449933
v 2.544480 3.832488 374.509701
v 0.832040 1.450362 377.436696
v 1.302393 2.265037 376.980223
v 1.728567 3.003193 376.301853
v 2.067924 3.590975 375.449933
v 2.296275 3.986491 374.509701
v 0.738366 1.500551 377.436696
v 1.156102 2.343417 376.980223
v 1.534602 3.107117 376.301853
v 1.835996 3.715239 375.449933
v 2.038802 4.124441 374.509701
v 0.641698 1.544698 377.436696
v 1.005135 2.412362 376.980223
v 1.334436 3.198530 376.301853
v 1.596654 3.824543 375.449933
v 1.773098 4.245784 374.509701
v 0.542425 1.582625 377.436696
v 0.850100 2.471592 376.980223
v 1.128876 3.277063 376.301853
v 1.350861 3.918447 375.449933
v 1.500233 4.350030 374.509701
v 0.440946 1.614179 377.436696
v 0.691619 2.520871 376.980223
v 0.918748 3.342401 376.301853
v 1.099607 3.996572 375.449933
v 1.221306 4.436761 374.509701
v 0.337670 1.639233 377.436696
v 0.530333 2.559998 376.980223
v 0.704899 3.394280 376.301853
v 0.843904 4.058605 375.449933
v 0.937440 4.505626 374.509701
v 0.233013 1.657687 377.436696
v 0.366889 2.588818 376.980223
v 0.488191 3.432491 376.301853
v 0.584782 4.104295 375.449933
v 0.649777 4.556349 374.509701
v 0.127396 1.669466 377.436696
v 0.201947 2.607213 376.980223
v 0.269495 3.456882 376.301853
v 0.323283 4.133459 375.449933
v 0.359477 4.588725 374.509701
v 0.021244 1.674523 377.436696
v 0.036170 2.615110 376.980223
v 0.049693 3.467352 376.301853
v 0.060461 4.145979 375.449933
v 0.067707 4.602623 374.509701
v -0.085014 1.672837 377.436696
v -0.129774 2.612477 376.980223
v -0.170331 3.463861 376.301853
v -0.202625 4.141804 375.449933
v -0.224356 4.597989 374.509701
v -0.190951 1.664415 377.436696
v -0.295217 2.599324 376.980223
v -0.389690 3.446422 376.301853
v -0.464917 4.120952 375.449933
v -0.515538 4.574840 374.509701
v -0.296141 1.649291 377.436696
v -0.459493 2.575705 376.980223
v -0.607502 3.415105 376.301853
v -0.725359 4.083506 375.449933
v -0.804665 4.533270 374.509701
v -0.400160 1.627525 377.436696
v -0.621940 2.541714 376.980223
v -0.822889 3.370037 376.301853
v -0.982901 4.029617 375.449933
v -1.090573 4.473446 374.509701
v -0.502589 1.599207 377.436696
v -0.781904 2.497489 376.980223
v -1.034984 3.311399 376.301853
v -1.236507 3.959503 375.449933
v -1.372112 4.395609 374.509701
v -0.603016 1.564449 377.436696
v -0.938741 2.443207 376.980223
v -1.242933 3.239427 376.301853
v -1.485156 3.873445 375.449933
v -1.648146 4.300072 374.509701
v -0.701036 1.523391 377.436696
v -1.091819 2.379087 376.980223
v -1.445898 3.154411 376.301853
v -1.727845 3.771790 375.449933
v -1.917566 4.187221 374.509701
v -0.796255 1.476199 377.436696
v -1.240523 2.305388 376.980223
v -1.643063 3.056694 376.301853
v -1.963599 3.654947 375.449933
v -2.179286 4.057509 374.509701
v -0.888289 1.423064 377.436696
v -1.384253 2.222405 376.980223
v -1.833633 2.946668 376.301853
v -2.191468 3.523387 375.449933
v -2.432253 3.911459 374.509701
v -0.976768 1.364198 377.436696
v -1.522430 2.130474 376.980223
v -2.016841 2.824777 376.301853
v -2.410533 3.377640 375.449933
v -2.675446 3.749658 374.509701
v -1.061334 1.299838 377.436696
v -1.654499 2.029964 376.980223
v -2.191950 2.691512 376.301853
v -2.619914 3.218292 375.449933
v -2.907889 3.572760 374.509701
v -1.141649 1.230245 377.436696
v -1.779927 1.921280 376.980223
v -2.358254 2.547409 376.301853
v -2.818767 3.045985 375.449933
v -3.128643 3.381475 374.509701
v -1.217388 1.155698 377.436696
v -1.898209 1.804860 376.980223
v -2.515083 2.393048 376.301853
v -3.006291 2.861413 375.449933
v -3.336821 3.176574 374.509701
v -1.288247 1.076498 377.436696
v -2.008869 1.681172 376.980223
v -2.661807 2.229051 376.301853
v -3.181731 2.665319 375.449933
v -3.531585 2.958882 374.509701
v -1.353940 0.992963 377.436696
v -2.111462 1.550715 376.980223
v -2.797834 2.056079 376.301853
v -3.344381 2.458493 375.449933
v -3.712149 2.729275 374.509701
v -1.414202 0.905429 377.436696
v -2.205574 1.414013 376.980223
v -2.922616 1.874828 376.301853
v -3.493585 2.241768 375.449933
v -3.877787 2.488679 374.509701
v -1.468792 0.814250 377.436696
v -2.290827 1.271618 376.980223
v -3.035652 1.686027 376.301853
v -3.628744 2.016015 375.449933
v -4.027833 2.238062 374.509701
v -1.517488 0.719792 377.436696
v -2.366876 1.124102 376.980223
v -3.136485 1.490438 376.301853
v -3.749312 1.782145 375.449933
v -4.161681 1.978433 374.509701
v -1.560096 0.622436 377.436696
v -2.433417 0.972061 376.980223
v -3.224710 1.288847 376.301853
v -3.854805 1.541099 375.449933
v -4.278793 1.710838 374.509701
v -1.596443 0.522573 377.436696
v -2.490180 0.816104 376.980223
v -3.299972 1.082066 376.301853
v -3.944797 1.293847 375.449933
v -4.378697 1.436353 374.509701
v -1.626383 0.420606 377.436696
v -2.536938 0.656862 376.980223
v -3.361968 0.870928 376.301853
v -4.018927 1.041385 375.449933
v -4.460991 1.156085 374.509701
v -1.649796 0.316945 377.436696
v -2.573502 0.494975 376.980223
v -3.410448 0.656283 376.301853
v -4.076895 0.784730 375.449933
v -4.525344 0.871162 374.509701
v -1.666587 0.212009 377.436696
v -2.599724 0.331095 376.980223
v -3.445216 0.438996 376.301853
v -4.118468 0.524916 375.449933
v -4.571496 0.582731 374.509701
v -1.676689 0.106218 377.436696
v -2.615500 0.165881 376.980223
v -3.466133 0.219941 376.301853
v -4.143479 0.262987 375.449933
v -4.599262 0.291953 374.509701
v -4.890231 -0.000000 373.377837
v -4.795660 -0.000000 373.766495
v -4.880396 -0.309821 373.377837
v -4.786016 -0.303822 373.766495
v -4.850931 -0.618394 373.377837
v -4.757121 -0.606420 373.766495
v -4.801955 -0.924476 373.377837
v -4.709093 -0.906577 373.766495
v -4.733663 -1.226837 373.377837
v -4.642124 -1.203083 373.766495
v -4.646333 -1.524257 373.377837
v -4.556484 -1.494744 373.766495
v -4.540315 -1.815540 373.377837
v -4.452519 -1.780387 373.766495
v -4.416036 -2.099512 373.377837
v -4.330646 -2.058861 373.766495
v -4.273996 -2.375030 373.377837
v -4.191357 -2.329045 373.766495
v -4.114768 -2.640985 373.377837
v -4.035212 -2.589850 373.766495
v -3.938993 -2.896305 373.377837
v -3.862840 -2.840227 373.766495
v -3.747378 -3.139963 373.377837
v -3.674935 -3.079167 373.766495
v -3.540695 -3.370978 373.377838
v -3.472254 -3.305709 373.766495
v -3.319777 -3.588419 373.377838
v -3.255613 -3.518939 373.766495
v -3.085512 -3.791410 373.377838
v -3.025884 -3.718001 373.766495
v -2.838844 -3.979135 373.377838
v -2.783993 -3.902091 373.766495
v -2.580767 -4.150837 373.377838
v -2.530913 -4.070468 373.766495
v -2.312320 -4.305825 373.377838
v -2.267663 -4.222456 373.766495
v -2.034583 -4.443476 373.377838
v -1.995303 -4.357441 373.766495
v -1.748674 -4.563234 373.377838
v -1.714931 -4.474880 373.766495
v -1.455746 -4.664617 373.377839
v -1.427674 -4.574300 373.766495
v -1.156978 -4.747218 373.377839
v -1.134691 -4.655302 373.766495
v -0.853572 -4.810703 373.377839
v -0.837159 -4.717558 373.766495
v -0.546751 -4.854817 373.377839
v -0.536279 -4.760818 373.766495
v -0.237749 -4.879383 373.377839
v -0.233260 -4.784908 373.766495
v 0.072189 -4.884301 373.377839
v 0.070676 -4.789731 373.766495
v 0.381814 -4.869551 373.377840
v 0.374307 -4.775267 373.766495
v 0.689881 -4.835194 373.377840
v 0.676409 -4.741575 373.766495
v 0.995148 -4.781367 373.377840
v 0.975765 -4.688790 373.766495
v 1.296387 -4.708287 373.377840
v 1.271172 -4.617126 373.766495
v 1.592384 -4.616249 373.377840
v 1.561438 -4.526869 373.766495
v 1.881948 -4.505623 373.377840
v 1.845395 -4.418385 373.766495
v 2.163912 -4.376854 373.377841
v 2.121900 -4.292109 373.766495
v 2.437142 -4.230461 373.377841
v 2.389840 -4.148551 373.766495
v 2.700537 -4.067033 373.377841
v 2.648135 -3.988287 373.766495
v 2.953037 -3.887229 373.377841
v 2.895746 -3.811965 373.766495
v 3.193624 -3.691773 373.377841
v 3.131675 -3.620293 373.766495
v 3.421330 -3.481451 373.377841
v 3.354972 -3.414043 373.766495
v 3.635238 -3.257110 373.377841
v 3.564739 -3.194046 373.766495
v 3.834487 -3.019654 373.377841
v 3.760130 -2.961188 373.766495
v 4.018275 -2.770039 373.377841
v 3.940359 -2.716406 373.766495
v 4.185861 -2.509270 373.377842
v 4.104700 -2.460686 373.766495
v 4.336570 -2.238398 373.377842
v 4.252492 -2.195058 373.766495
v 4.469797 -1.958512 373.377842
v 4.383138 -1.920591 373.766495
v 4.585003 -1.670739 373.377842
v 4.496114 -1.638391 373.766495
v 4.681726 -1.376240 373.377842
v 4.590965 -1.349593 373.766495
v 4.759576 -1.076198 373.377842
v 4.667307 -1.055361 373.766495
v 4.818240 -0.771823 373.377842
v 4.724835 -0.756879 373.766495
v 4.857480 -0.464341 373.377842
v 4.763316 -0.455350 373.766495
v 4.877140 -0.154988 373.377842
v -4.524074 0.287175 373.702629
v -4.618455 0.293174 373.313971
v -4.496763 0.573193 373.702629
v -4.590573 0.585167 373.313971
v -4.451366 0.856904 373.702629
v -4.544228 0.874804 373.313971
v -4.388067 1.137164 373.702629
v -4.479606 1.160918 373.313971
v -4.307119 1.412845 373.702629
v -4.396968 1.442358 373.313971
v -4.208850 1.682837 373.702628
v -4.296646 1.717990 373.313970
v -4.093655 1.946053 373.702628
v -4.179045 1.986704 373.313970
v -3.961998 2.201433 373.702628
v -4.044637 2.247418 373.313970
v -3.814408 2.447948 373.702628
v -3.893965 2.499083 373.313970
v -3.651481 2.684606 373.702628
v -3.727634 2.740685 373.313970
v -3.473872 2.910455 373.702627
v -3.546315 2.971251 373.313970
v -3.282296 3.124584 373.702627
v -3.350737 3.189853 373.313970
v -3.077525 3.326132 373.702627
v -3.141689 3.395611 373.313969
v -2.860384 3.514286 373.702626
v -2.920011 3.587696 373.313969
v -2.631746 3.688289 373.702626
v -2.686597 3.765334 373.313969
v -2.392532 3.847442 373.702626
v -2.442387 3.927811 373.313969
v -2.143706 3.991101 373.702625
v -2.188363 4.074471 373.313968
v -1.886270 4.118691 373.702625
v -1.925549 4.204726 373.313968
v -1.621259 4.229695 373.702624
v -1.655003 4.318049 373.313968
v -1.349742 4.323668 373.702624
v -1.377814 4.413985 373.313967
v -1.072811 4.400232 373.702623
v -1.095098 4.492148 373.313967
v -0.791582 4.459077 373.702623
v -0.807995 4.552222 373.313967
v -0.507187 4.499967 373.702622
v -0.517659 4.593966 373.313967
v -0.220771 4.522737 373.702622
v -0.225260 4.617212 373.313966
v 0.066512 4.527296 373.702622
v 0.068024 4.621866 373.313966
v 0.353506 4.513624 373.702621
v 0.361013 4.607909 373.313966
v 0.639056 4.481779 373.702621
v 0.652528 4.575398 373.313965
v 0.922010 4.431886 373.702620
v 0.941393 4.524463 373.313965
v 1.201231 4.364148 373.702620
v 1.226446 4.455310 373.313965
v 1.475593 4.278837 373.702619
v 1.506539 4.368217 373.313964
v 1.743992 4.176297 373.702619
v 1.780545 4.263535 373.313964
v 2.005347 4.056940 373.702618
v 2.047359 4.141685 373.313964
v 2.258606 3.921247 373.702618
v 2.305909 4.003157 373.313964
v 2.502749 3.769765 373.702618
v 2.555151 3.848511 373.313963
v 2.736793 3.603103 373.702617
v 2.794084 3.678368 373.313963
v 2.959795 3.421933 373.702617
v 3.021744 3.493413 373.313963
v 3.170858 3.226984 373.702616
v 3.237216 3.294392 373.313963
v 3.369131 3.019041 373.702616
v 3.439631 3.082105 373.313962
v 3.553817 2.798942 373.702616
v 3.628174 2.857408 373.313962
v 3.724171 2.567572 373.702616
v 3.802087 2.621205 373.313962
v 3.879508 2.325863 373.702615
v 3.960669 2.374447 373.313962
v 4.019202 2.074789 373.702615
v 4.103281 2.118128 373.313962
v 4.142691 1.815360 373.702615
v 4.229349 1.853281 373.313962
v 4.249477 1.548622 373.702615
v 4.338365 1.580970 373.313962
v 4.339130 1.275648 373.702615
v 4.429892 1.302294 373.313961
v 4.411290 0.997537 373.702614
v 4.503559 1.018374 373.313961
v 4.465665 0.715409 373.702614
v 4.559070 0.730353 373.313961
v 4.502038 0.430401 373.702614
v 4.596202 0.439392 373.313961
v 4.520261 0.143660 373.702614
v 4.614806 0.146661 373.313961
v 4.520261 -0.143660 373.702614
v -4.627761 -0.000000 373.313971
v -4.533190 -0.000000 373.702629
v -4.618455 -0.293174 373.313971
v -4.524074 -0.287175 373.702629
v -4.590573 -0.585167 373.313971
v -4.496763 -0.573193 373.702629
v -4.544228 -0.874804 373.313971
v -4.451366 -0.856904 373.702629
v -4.479606 -1.160918 373.313971
v -4.388067 -1.137164 373.702629
v -4.396968 -1.442358 373.313971
v -4.307119 -1.412845 373.702629
v -4.296646 -1.717990 373.313970
v -4.208850 -1.682837 373.702628
v -4.179045 -1.986704 373.313970
v -4.093655 -1.946053 373.702628
v -4.044637 -2.247418 373.313970
v -3.961998 -2.201433 373.702628
v -3.893965 -2.499083 373.313970
v -3.814408 -2.447948 373.702628
v -3.727634 -2.740685 373.313970
v -3.651481 -2.684606 373.702628
v -3.546315 -2.971251 373.313970
v -3.473872 -2.910455 373.702627
v -3.350737 -3.189853 373.313970
v -3.282296 -3.124584 373.702627
v -3.141689 -3.395611 373.313969
v -3.077525 -3.326132 373.702627
v -2.920011 -3.587696 373.313969
v -2.860384 -3.514286 373.702626
v -2.686597 -3.765334 373.313969
v -2.631746 -3.688289 373.702626
v -2.442387 -3.927811 373.313969
v -2.392532 -3.847442 373.702626
v -2.188363 -4.074471 373.313968
v -2.143706 -3.991101 373.702625
v -1.925549 -4.204726 373.313968
v -1.886270 -4.118691 373.702625
v -1.655003 -4.318049 373.313968
v -1.621259 -4.229695 373.702624
v -1.377814 -4.413985 373.313967
v -1.349742 -4.323668 373.702624
v -1.095098 -4.492148 373.313967
v -1.072811 -4.400232 373.702623
v -0.807995 -4.552222 373.313967
v -0.791582 -4.459077 373.702623
v -0.517659 -4.593966 373.313967
v -0.507187 -4.499967 373.702622
v -0.225260 -4.617212 373.313966
v -0.220771 -4.522737 373.702622
v 0.068024 -4.621866 373.313966
v 0.066512 -4.527296 373.702622
v 0.361013 -4.607909 373.313966
v 0.353506 -4.513624 373.702621
v 0.652528 -4.575398 373.313965
v 0.639056 -4.481779 373.702621
v 0.941393 -4.524463 373.313965
v 0.922010 -4.431886 373.702620
v 1.226446 -4.455310 373.313965
v 1.201231 -4.364148 373.702620
v 1.506539 -4.368217 373.313964
v 1.475593 -4.278837 373.702619
v 1.780545 -4.263535 373.313964
v 1.743992 -4.176297 373.702619
v 2.047359 -4.141685 373.313964
v 2.005347 -4.056940 373.702618
v 2.305909 -4.003157 373.313964
v 2.258606 -3.921247 373.702618
v 2.555151 -3.848511 373.313963
v 2.502749 -3.769765 373.702618
v 2.794084 -3.678368 373.313963
v 2.736793 -3.603103 373.702617
v 3.021744 -3.493413 373.313963
v 2.959795 -3.421933 373.702617
v 3.237216 -3.294392 373.313963
v 3.170858 -3.226984 373.702616
v 3.439631 -3.082105 373.313962
v 3.369131 -3.019041 373.702616
v 3.628174 -2.857408 373.313962
v 3.553817 -2.798942 373.702616
v 3.802087 -2.621205 373.313962
v 3.724171 -2.567572 373.702616
v 3.960669 -2.374447 373.313962
v 3.879508 -2.325863 373.702615
v 4.103281 -2.118128 373.313962
v 4.019202 -2.074789 373.702615
v 4.229349 -1.853281 373.313962
v 4.142691 -1.815360 373.702615
v 4.338365 -1.580970 373.313962
v 4.249477 -1.548622 373.702615
v 4.429892 -1.302294 373.313961
v 4.339130 -1.275648 373.702615
v 4.503559 -1.018374 373.313961
v 4.411290 -0.997537 373.702614
v 4.559070 -0.730353 373.313961
v 4.465665 -0.715409 373.702614
v 4.596202 -0.439392 373.313961
v 4.502038 -0.430401 373.702614
v 4.614806 -0.146661 373.313961
v -8.994365 -23.542179 235.496267
v -9.980026 -21.852119 251.075978
v -9.057507 -23.707569 232.101806
v -9.380922 -20.539468 269.036624
v -7.483120 -24.065226 235.496268
v -8.573987 -22.441064 251.075978
v -7.535645 -24.234291 232.101807
v -8.059343 -21.093036 269.036621
v -5.941743 -24.491371 235.496269
v -7.133425 -22.939647 251.075978
v -5.983440 -24.663430 232.101808
v -6.705316 -21.561669 269.036619
v -4.376442 -24.818898 235.496269
v -5.664142 -23.345861 251.075978
v -4.407142 -24.993258 232.101808
v -5.324292 -21.943482 269.036617
v -2.793520 -25.046488 235.496270
v -4.172053 -23.658068 251.075978
v -2.813099 -25.222446 232.101809
v -3.921833 -22.236935 269.036615
v -1.199349 -25.173224 235.496271
v -2.663167 -23.875013 251.075978
v -1.207729 -25.350073 232.101810
v -2.503585 -22.440849 269.036613
v 0.399649 -25.198597 235.496271
v -1.143560 -23.995822 251.075978
v 0.402503 -25.375624 232.101811
v -1.075259 -22.554401 269.036610
v 1.997038 -25.122504 235.496272
v 0.380651 -24.020008 251.075978
v 2.011114 -25.298997 232.101812
v 0.357392 -22.577134 269.036608
v 3.586385 -24.945252 235.496273
v 1.903327 -23.947474 251.075978
v 3.611626 -25.120499 232.101813
v 1.788601 -22.508958 269.036606
v 5.161289 -24.667553 235.496273
v 3.418336 -23.778512 251.075978
v 5.197595 -24.840850 232.101813
v 3.212605 -22.350145 269.036604
v 6.715411 -24.290528 235.496274
v 4.919580 -23.513803 251.075978
v 6.762634 -24.461175 232.101814
v 4.623669 -22.101337 269.036601
v 8.242490 -23.815692 235.496274
v 6.401011 -23.154411 251.075978
v 8.300442 -23.983004 232.101815
v 6.016112 -21.763534 269.036599
v 9.736380 -23.244960 235.496275
v 7.856667 -22.701785 251.075978
v 9.804826 -23.408262 232.101816
v 7.384326 -21.338097 269.036597
v 11.191063 -22.580628 235.496276
v 9.280684 -22.157747 251.075978
v 11.269730 -22.739263 232.101817
v 8.722803 -20.826739 269.036595
v 12.600684 -21.825372 235.496276
v 10.667329 -21.524487 251.075978
v 12.689253 -21.978701 232.101817
v 10.026153 -20.231520 269.036593
v 13.959565 -20.982233 235.496277
v 12.011018 -20.804556 251.075978
v 14.057680 -21.129639 232.101818
v 11.289128 -19.554835 269.036591
v 15.262234 -20.054606 235.496277
v 13.306342 -20.000852 251.075978
v 15.369502 -20.195495 232.101819
v 12.506642 -18.799409 269.036589
v 16.503448 -19.046226 235.496278
v 14.548083 -19.116612 251.075978
v 16.619435 -19.180031 232.101819
v 13.673793 -17.968285 269.036587
v 17.678207 -17.961154 235.496278
v 15.731243 -18.155396 251.075978
v 17.802447 -18.087336 232.101820
v 14.785880 -17.064809 269.036585
v 18.781781 -16.803758 235.496279
v 16.851056 -17.121075 251.075978
v 18.913775 -16.921809 232.101821
v 15.838427 -16.092619 269.036584
v 19.809727 -15.578700 235.496279
v 17.903014 -16.017813 251.075978
v 19.948942 -15.688145 232.101821
v 16.827194 -15.055630 269.036582
v 20.757906 -14.290912 235.496280
v 18.882881 -14.850053 251.075978
v 20.903782 -14.391309 232.101822
v 17.748201 -13.958017 269.036580
v 21.622499 -12.945579 235.496280
v 19.786711 -13.622497 251.075978
v 21.774449 -13.036525 232.101822
v 18.597739 -12.804200 269.036579
v 22.400025 -11.548119 235.496280
v 20.610865 -12.340088 251.075978
v 22.557437 -11.629248 232.101822
v 19.372387 -11.598825 269.036578
v 23.087353 -10.104159 235.496281
v 21.352025 -11.007990 251.075978
v 23.249594 -10.175143 232.101823
v 20.069025 -10.346745 269.036577
v 23.681715 -8.619513 235.496281
v 22.007205 -9.631567 251.075978
v 23.848132 -8.680067 232.101823
v 20.684849 -9.053003 269.036576
v 24.180719 -7.100159 235.496281
v 22.573768 -8.216361 251.075978
v 24.350641 -7.150039 232.101823
v 21.217379 -7.722808 269.036575
v 24.582355 -5.552215 235.496281
v 23.049433 -6.768070 251.075978
v 24.755099 -5.591221 232.101824
v 21.664471 -6.361515 269.036574
v 24.885006 -3.981915 235.496281
v 23.432283 -5.292527 251.075978
v 25.059876 -4.009889 232.101824
v 22.024324 -4.974607 269.036574
v 25.087452 -2.395580 235.496281
v 23.720778 -3.795673 251.075978
v 25.263744 -2.412410 232.101824
v 22.295489 -3.567668 269.036573
v 25.188880 -0.799600 235.496281
v 23.913756 -2.283534 251.075978
v 25.365884 -0.805217 232.101824
v 22.476875 -2.146364 269.036573
v 25.188880 0.799600 235.496281
v 24.010440 -0.762201 251.075978
v 25.365884 0.805217 232.101824
v 22.567751 -0.716416 269.036573
v 25.087452 2.395580 235.496281
v 24.010440 0.762201 251.075978
v 25.263744 2.412410 232.101824
v 22.567751 0.716416 269.036573
v 24.885006 3.981915 235.496281
v 23.913756 2.283534 251.075978
v 25.059876 4.009889 232.101824
v 22.476875 2.146364 269.036573
v 24.582355 5.552215 235.496281
v 23.720778 3.795673 251.075978
v 24.755099 5.591221 232.101824
v 22.295489 3.567668 269.036573
v 24.180719 7.100159 235.496281
v 23.432283 5.292527 251.075978
v 24.350641 7.150039 232.101823
v 22.024324 4.974607 269.036574
v 23.681715 8.619513 235.496281
v 23.049433 6.768070 251.075978
v 23.848132 8.680067 232.101823
v 21.664471 6.361515 269.036574
v 23.087353 10.104159 235.496281
v 22.573768 8.216361 251.075978
v 23.249594 10.175143 232.101823
v 21.217379 7.722808 269.036575
v 22.400025 11.548119 235.496280
v 22.007205 9.631567 251.075978
v 22.557437 11.629248 232.101822
v 20.684849 9.053003 269.036576
v 21.622499 12.945579 235.496280
v 21.352025 11.007990 251.075978
v 21.774449 13.036525 232.101822
v 20.069025 10.346745 269.036577
v 20.757906 14.290912 235.496280
v 20.610865 12.340088 251.075978
v 20.903782 14.391309 232.101822
v 19.372387 11.598825 269.036578
v 19.809727 15.578700 235.496279
v 19.786711 13.622497 251.075978
v 19.948942 15.688145 232.101821
v 18.597739 12.804200 269.036579
v 18.781781 16.803758 235.496279
v 18.882881 14.850053 251.075978
v 18.913775 16.921809 232.101821
v 17.748201 13.958017 269.036580
v 17.678207 17.961154 235.496278
v 17.903014 16.017813 251.075978
v 17.802447 18.087336 232.101820
v 16.827194 15.055630 269.036582
v 16.503448 19.046226 235.496278
v 16.851056 17.121075 251.075978
v 16.619435 19.180031 232.101819
v 15.838427 16.092619 269.036584
v 15.262234 20.054606 235.496277
v 15.731243 18.155396 251.075978
v 15.369502 20.195495 232.101819
v 14.785880 17.064809 269.036585
v 13.959565 20.982233 235.496277
v 14.548083 19.116612 251.075978
v 14.057680 21.129639 232.101818
v 13.673793 17.968285 269.036587
v 12.600684 21.825372 235.496276
v 13.306342 20.000852 251.075978
v 12.689253 21.978701 232.101817
v 12.506642 18.799409 269.036589
v 11.191063 22.580628 235.496276
v 12.011018 20.804556 251.075978
v 11.269730 22.739263 232.101817
v 11.289128 19.554835 269.036591
v -10.469394 -22.924336 235.496267
v 10.667329 21.524487 251.075978
v 8.722803 20.826739 269.036595
v 9.280684 22.157747 251.075978
v 7.384326 21.338097 269.036597
v 7.856667 22.701785 251.075978
v 6.016112 21.763534 269.036599
v 6.401011 23.154411 251.075978
v 4.623669 22.101337 269.036601
v 4.919580 23.513803 251.075978
v 3.212605 22.350145 269.036604
v 3.418336 23.778512 251.075978
v 1.788601 22.508958 269.036606
v 1.903327 23.947474 251.075978
v 0.357392 22.577134 269.036608
v 0.380651 24.020008 251.075978
v -1.075259 22.554401 269.036610
v -1.143560 23.995822 251.075978
v -2.503585 22.440849 269.036613
v -2.663167 23.875013 251.075978
v -3.921833 22.236935 269.036615
v -4.172053 23.658068 251.075978
v -5.324292 21.943482 269.036617
v -5.664142 23.345861 251.075978
v -6.705316 21.561669 269.036619
v -7.133425 22.939647 251.075978
v -8.059343 21.093036 269.036621
v -8.573987 22.441064 251.075978
v -9.380922 20.539468 269.036624
v -9.980026 21.852119 251.075978
v -10.664730 19.903195 269.036626
v -11.345881 21.175182 251.075978
v -11.905599 19.186779 269.036628
v -12.666052 20.412981 251.075978
v -13.098531 18.393104 269.036629
v -13.935223 19.568584 251.075978
v -14.238724 17.525367 269.036631
v -15.148285 18.645391 251.075978
v -15.321586 16.587062 269.036633
v -16.300351 17.647120 251.075978
v -16.342757 15.581966 269.036635
v -17.386784 16.577790 251.075978
v -17.298124 14.514127 269.036636
v -18.403208 15.441707 251.075978
v -18.183842 13.387845 269.036637
v -19.345531 14.243446 251.075978
v -18.996344 12.207655 269.036639
v -20.209958 12.987832 251.075978
v -19.732357 10.978309 269.036640
v -20.993009 11.679920 251.075978
v -20.388918 9.704758 269.036641
v -21.691531 10.324977 251.075978
v -20.963384 8.392128 269.036642
v -22.302710 8.928459 251.075978
v -21.453441 7.045707 269.036643
v -22.824087 7.495989 251.075978
v -21.857117 5.670915 269.036643
v -23.253560 6.033336 251.075978
v -22.172785 4.273288 269.036644
v -23.589402 4.546389 251.075978
v -22.399174 2.858454 269.036644
v -23.830260 3.041135 251.075978
v -22.535373 1.432110 269.036644
v -23.975164 1.523635 251.075978
v -22.580834 0.000000 269.036644
v -24.023530 0.000000 251.075978
v -22.535373 -1.432110 269.036644
v -23.975164 -1.523635 251.075978
v -22.399174 -2.858454 269.036644
v -23.830260 -3.041135 251.075978
v -22.172785 -4.273288 269.036644
v -23.589402 -4.546389 251.075978
v -21.857117 -5.670915 269.036643
v -23.253560 -6.033336 251.075978
v -21.453441 -7.045707 269.036643
v -22.824087 -7.495989 251.075978
v -20.963384 -8.392128 269.036642
v -22.302710 -8.928459 251.075978
v -20.388918 -9.704758 269.036641
v -21.691531 -10.324977 251.075978
v -19.732357 -10.978309 269.036640
v -20.993009 -11.679920 251.075978
v -18.996344 -12.207655 269.036639
v -20.209958 -12.987832 251.075978
v -18.183842 -13.387845 269.036637
v -19.345531 -14.243446 251.075978
v -17.298124 -14.514127 269.036636
v -18.403208 -15.441707 251.075978
v -16.342757 -15.581966 269.036635
v -17.386784 -16.577790 251.075978
v -15.321586 -16.587062 269.036633
v -16.300351 -17.647120 251.075978
v -14.238724 -17.525367 269.036631
v -15.148285 -18.645391 251.075978
v -13.098531 -18.393104 269.036629
v -13.935223 -19.568584 251.075978
v -11.905599 -19.186779 269.036628
v -12.666052 -20.412981 251.075978
v -10.664730 -19.903195 269.036626
v -11.345881 -21.175182 251.075978
v 10.026153 20.231520 269.036593
v 9.804826 23.408262 232.101816
v 9.736380 23.244960 235.496275
v 8.300442 23.983004 232.101815
v 8.242490 23.815692 235.496274
v 6.762634 24.461175 232.101814
v 6.715411 24.290528 235.496274
v 5.197595 24.840850 232.101813
v 5.161289 24.667553 235.496273
v 3.611626 25.120499 232.101813
v 3.586385 24.945252 235.496273
v 2.011114 25.298997 232.101812
v 1.997038 25.122504 235.496272
v 0.402503 25.375624 232.101811
v 0.399649 25.198597 235.496271
v -1.207729 25.350073 232.101810
v -1.199349 25.173224 235.496271
v -2.813099 25.222446 232.101809
v -2.793520 25.046488 235.496270
v -4.407142 24.993258 232.101808
v -4.376442 24.818898 235.496269
v -5.983440 24.663430 232.101808
v -5.941743 24.491371 235.496269
v -7.535645 24.234291 232.101807
v -7.483120 24.065226 235.496268
v -9.057507 23.707569 232.101806
v -8.994365 23.542179 235.496267
v -10.542899 23.085386 232.101805
v -10.469394 22.924336 235.496267
v -11.985838 22.370245 232.101805
v -11.902268 22.214185 235.496266
v -13.380516 21.565028 232.101804
v -13.287216 21.414584 235.496266
v -14.721316 20.672976 232.101803
v -14.618662 20.528755 235.496265
v -16.002838 19.697681 232.101802
v -15.891244 19.560264 235.496265
v -17.219924 18.643070 232.101802
v -17.099839 18.513011 235.496264
v -18.367672 17.513390 232.101801
v -18.239579 17.391212 235.496264
v -19.441460 16.313191 232.101801
v -19.305877 16.199385 235.496263
v -20.436965 15.047303 232.101800
v -20.294437 14.942329 235.496263
v -21.350178 13.720826 232.101800
v -21.201279 13.625105 235.496262
v -22.177422 12.339099 232.101799
v -22.022752 12.253018 235.496262
v -22.915366 10.907687 232.101799
v -22.755548 10.831592 235.496262
v -23.561038 9.432354 232.101799
v -23.396716 9.366552 235.496261
v -24.111840 7.919040 232.101798
v -23.943675 7.863795 235.496261
v -24.565552 6.373839 232.101798
v -24.394221 6.329374 235.496261
v -24.920347 4.802973 232.101798
v -24.746542 4.769466 235.496261
v -25.174798 3.212767 232.101798
v -24.999218 3.190354 235.496261
v -25.327880 1.609624 232.101798
v -25.151231 1.598395 235.496261
v -25.378976 0.000000 232.101798
v -25.201971 0.000000 235.496261
v -25.327880 -1.609624 232.101798
v -25.151231 -1.598395 235.496261
v -25.174798 -3.212767 232.101798
v -24.999218 -3.190354 235.496261
v -24.920347 -4.802973 232.101798
v -24.746542 -4.769466 235.496261
v -24.565552 -6.373839 232.101798
v -24.394221 -6.329374 235.496261
v -24.111840 -7.919040 232.101798
v -23.943675 -7.863795 235.496261
v -23.561038 -9.432354 232.101799
v -23.396716 -9.366552 235.496261
v -22.915366 -10.907687 232.101799
v -22.755548 -10.831592 235.496262
v -22.177422 -12.339099 232.101799
v -22.022752 -12.253018 235.496262
v -21.350178 -13.720826 232.101800
v -21.201279 -13.625105 235.496262
v -20.436965 -15.047303 232.101800
v -20.294437 -14.942329 235.496263
v -19.441460 -16.313191 232.101801
v -19.305877 -16.199385 235.496263
v -18.367672 -17.513390 232.101801
v -18.239579 -17.391212 235.496264
v -17.219924 -18.643070 232.101802
v -17.099839 -18.513011 235.496264
v -16.002838 -19.697681 232.101802
v -15.891244 -19.560264 235.496265
v -14.721316 -20.672976 232.101803
v -14.618662 -20.528755 235.496265
v -13.380516 -21.565028 232.101804
v -13.287216 -21.414584 235.496266
v -11.985838 -22.370245 232.101805
v -11.902268 -22.214185 235.496266
v -10.542899 -23.085386 232.101805
v -9.058550 -23.710182 235.505647
v -9.121692 -23.875572 232.111186
v -7.536520 -24.236961 235.505648
v -7.589045 -24.406026 232.111187
v -5.984144 -24.666147 235.505649
v -6.025840 -24.838206 232.111188
v -4.407672 -24.996012 235.505649
v -4.438372 -25.170371 232.111189
v -2.813453 -25.225226 235.505650
v -2.833033 -25.401184 232.111189
v -1.207907 -25.352867 235.505651
v -1.216287 -25.529715 232.111190
v 0.402503 -25.378420 235.505652
v 0.405356 -25.555447 232.111191
v 2.011291 -25.301784 235.505653
v 2.025367 -25.478277 232.111192
v 3.611980 -25.123267 235.505653
v 3.637221 -25.298514 232.111193
v 5.198123 -24.843587 235.505654
v 5.234429 -25.016883 232.111194
v 6.763335 -24.463871 235.505655
v 6.810558 -24.634518 232.111195
v 8.301312 -23.985647 235.505656
v 8.359264 -24.152959 232.111196
v 9.805862 -23.410842 235.505656
v 9.874309 -23.574144 232.111197
v 11.270927 -22.741769 235.505657
v 11.349593 -22.900404 232.111198
v 12.690607 -21.981123 235.505658
v 12.779176 -22.134453 232.111199
v 14.059185 -21.131967 235.505659
v 14.157301 -21.279373 232.111200
v 15.371151 -20.197721 235.505659
v 15.478418 -20.338610 232.111201
v 16.621222 -19.182145 235.505660
v 16.737209 -19.315950 232.111201
v 17.804364 -18.089329 235.505660
v 17.928605 -18.215511 232.111202
v 18.915814 -16.923674 235.505661
v 19.047807 -17.041725 232.111203
v 19.951096 -15.689873 235.505662
v 20.090311 -15.799318 232.111203
v 20.906041 -14.392895 235.505662
v 21.051917 -14.493293 232.111204
v 21.776803 -13.037962 235.505662
v 21.928753 -13.128908 232.111205
v 22.559878 -11.630529 235.505663
v 22.717290 -11.711658 232.111205
v 23.252111 -10.176264 235.505663
v 23.414352 -10.247249 232.111205
v 23.850715 -8.681023 235.505664
v 24.017131 -8.741578 232.111206
v 24.353280 -7.150827 235.505664
v 24.523202 -7.200708 232.111206
v 24.757782 -5.591837 235.505664
v 24.930526 -5.630843 232.111206
v 25.062592 -4.010331 235.505664
v 25.237462 -4.038305 232.111207
v 25.266484 -2.412676 235.505664
v 25.442776 -2.429505 232.111207
v 25.368635 -0.805306 235.505664
v 25.545640 -0.810924 232.111207
v 25.368635 0.805306 235.505664
v 25.545640 0.810924 232.111207
v 25.266484 2.412676 235.505664
v 25.442776 2.429505 232.111207
v 25.062592 4.010331 235.505664
v 25.237462 4.038305 232.111207
v 24.757782 5.591837 235.505664
v 24.930526 5.630843 232.111206
v 24.353280 7.150827 235.505664
v 24.523202 7.200708 232.111206
v 23.850715 8.681023 235.505664
v 24.017131 8.741578 232.111206
v 23.252111 10.176264 235.505663
v 23.414352 10.247249 232.111205
v 22.559878 11.630529 235.505663
v 22.717290 11.711658 232.111205
v 21.776803 13.037962 235.505662
v 21.928753 13.128908 232.111205
v 20.906041 14.392895 235.505662
v 21.051917 14.493293 232.111204
v 19.951096 15.689873 235.505662
v 20.090311 15.799318 232.111203
v 18.915814 16.923674 235.505661
v 19.047807 17.041725 232.111203
v 17.804364 18.089329 235.505660
v 17.928605 18.215511 232.111202
v 16.621222 19.182145 235.505660
v 16.737209 19.315950 232.111201
v 15.371151 20.197721 235.505659
v 15.478418 20.338610 232.111201
v 14.059185 21.131967 235.505659
v 14.157301 21.279373 232.111200
v 12.690607 21.981123 235.505658
v 12.779176 22.134453 232.111199
v 11.270927 22.741769 235.505657
v 11.349593 22.900404 232.111198
v -10.544105 -23.087930 235.505646
v 9.874309 23.574144 232.111197
v 9.805862 23.410842 235.505656
v 8.359264 24.152959 232.111196
v 8.301312 23.985647 235.505656
v 6.810558 24.634518 232.111195
v 6.763335 24.463871 235.505655
v 5.234429 25.016883 232.111194
v 5.198123 24.843587 235.505654
v 3.637221 25.298514 232.111193
v 3.611980 25.123267 235.505653
v 2.025367 25.478277 232.111192
v 2.011291 25.301784 235.505653
v 0.405356 25.555447 232.111191
v 0.402503 25.378420 235.505652
v -1.216287 25.529715 232.111190
v -1.207907 25.352867 235.505651
v -2.833033 25.401184 232.111189
v -2.813453 25.225226 235.505650
v -4.438372 25.170371 232.111189
v -4.407672 24.996012 235.505649
v -6.025840 24.838206 232.111188
v -5.984144 24.666147 235.505649
v -7.589045 24.406026 232.111187
v -7.536520 24.236961 235.505648
v -9.121692 23.875572 232.111186
v -9.058550 23.710182 235.505647
v -10.617609 23.248979 232.111185
v -10.544105 23.087930 235.505646
v -12.070775 22.528771 232.111184
v -11.987204 22.372710 235.505646
v -13.475335 21.717848 232.111183
v -13.382035 21.567404 235.505645
v -14.825637 20.819474 232.111182
v -14.722982 20.675254 235.505644
v -16.116241 19.837268 232.111181
v -16.004646 19.699851 235.505643
v -17.341951 18.775184 232.111181
v -17.221866 18.645124 235.505643
v -18.497832 17.637498 232.111180
v -18.369740 17.515320 235.505642
v -19.579230 16.428793 232.111179
v -19.443647 16.314988 235.505642
v -20.581789 15.153935 232.111179
v -20.439261 15.048961 235.505641
v -21.501474 13.818058 232.111178
v -21.352575 13.722338 235.505641
v -22.334580 12.426540 232.111178
v -22.179910 12.340459 235.505640
v -23.077754 10.984984 232.111177
v -22.917935 10.908889 235.505640
v -23.728002 9.499196 232.111177
v -23.563679 9.433394 235.505640
v -24.282706 7.975158 232.111176
v -24.114541 7.919913 235.505639
v -24.739633 6.419007 232.111176
v -24.568303 6.374542 235.505639
v -25.096943 4.837009 232.111176
v -24.923138 4.803502 235.505639
v -25.353198 3.235534 232.111176
v -25.177617 3.213121 235.505639
v -25.507364 1.621031 232.111176
v -25.330715 1.609802 235.505639
v -25.558822 0.000000 232.111176
v -25.381817 0.000000 235.505639
v -25.507364 -1.621031 232.111176
v -25.330715 -1.609802 235.505639
v -25.353198 -3.235534 232.111176
v -25.177617 -3.213121 235.505639
v -25.096943 -4.837009 232.111176
v -24.923138 -4.803502 235.505639
v -24.739633 -6.419007 232.111176
v -24.568303 -6.374542 235.505639
v -24.282706 -7.975158 232.111176
v -24.114541 -7.919913 235.505639
v -23.728002 -9.499196 232.111177
v -23.563679 -9.433394 235.505640
v -23.077754 -10.984984 232.111177
v -22.917935 -10.908889 235.505640
v -22.334580 -12.426540 232.111178
v -22.179910 -12.340459 235.505640
v -21.501474 -13.818058 232.111178
v -21.352575 -13.722338 235.505641
v -20.581789 -15.153935 232.111179
v -20.439261 -15.048961 235.505641
v -19.579230 -16.428793 232.111179
v -19.443647 -16.314988 235.505642
v -18.497832 -17.637498 232.111180
v -18.369740 -17.515320 235.505642
v -17.341951 -18.775184 232.111181
v -17.221866 -18.645124 235.505643
v -16.116241 -19.837268 232.111181
v -16.004646 -19.699851 235.505643
v -14.825637 -20.819474 232.111182
v -14.722982 -20.675254 235.505644
v -13.475335 -21.717848 232.111183
v -13.382035 -21.567404 235.505645
v -12.070775 -22.528771 232.111184
v -11.987204 -22.372710 235.505646
v -10.617609 -23.248979 232.111185
v -23.398690 0.000000 -363.960514
v -23.351581 -1.484037 -363.960514
v -23.210444 -2.962098 -363.960514
v -22.975846 -4.428231 -363.960514
v -22.648732 -5.876534 -363.960514
v -22.230420 -7.301174 -363.960514
v -21.722594 -8.696415 -363.960514
v -21.127298 -10.056638 -363.960514
v -20.446931 -11.376367 -363.960514
v -19.684231 -12.650287 -363.960514
v -18.842269 -13.873269 -363.960514
v -17.924437 -15.040388 -363.960514
v -16.934429 -16.146945 -363.960514
v -15.876232 -17.188484 -363.960514
v -14.754107 -18.160811 -363.960514
v -13.572572 -19.060010 -363.960514
v -12.336385 -19.882462 -363.960514
v -11.050525 -20.624854 -363.960514
v -9.720167 -21.284197 -363.960514
v -8.350670 -21.857837 -363.960514
v -6.947548 -22.343462 -363.960514
v -5.516450 -22.739118 -363.960514
v -4.063140 -23.043212 -363.960514
v -2.593469 -23.254518 -363.960514
v -1.113355 -23.372188 -363.960514
v 0.371243 -23.395745 -363.960514
v 1.854345 -23.325096 -363.960514
v 3.329981 -23.160525 -363.960514
v 4.792208 -22.902695 -363.960514
v 6.235138 -22.552644 -363.960514
v 7.652962 -22.111782 -363.960514
v 9.039970 -21.581883 -363.960514
v 10.390577 -20.965081 -363.960514
v 11.699345 -20.263860 -363.960514
v 12.961004 -19.481044 -363.960514
v 14.170474 -18.619785 -363.960514
v 15.322884 -17.683550 -363.960514
v 16.413594 -16.676110 -363.960514
v 17.438212 -15.601521 -363.960514
v 18.392613 -14.464111 -363.960514
v 19.272953 -13.268458 -363.960514
v 20.075688 -12.019378 -363.960514
v 20.797585 -10.721900 -363.960514
v 21.435738 -9.381249 -363.960514
v 21.987577 -8.002823 -363.960514
v 22.450879 -6.592173 -363.960514
v 22.823780 -5.154978 -363.960514
v 23.104777 -3.697026 -363.960514
v 23.292739 -2.224187 -363.960514
v 23.386910 -0.742392 -363.960514
v 23.386910 0.742392 -363.960514
v 23.292739 2.224187 -363.960514
v 23.104777 3.697026 -363.960514
v 22.823780 5.154978 -363.960514
v 22.450879 6.592173 -363.960514
v 21.987577 8.002823 -363.960514
v 21.435738 9.381249 -363.960514
v 20.797585 10.721900 -363.960514
v 20.075688 12.019378 -363.960514
v 19.272953 13.268458 -363.960514
v 18.392613 14.464111 -363.960514
v 17.438212 15.601521 -363.960514
v 16.413594 16.676110 -363.960514
v 15.322884 17.683550 -363.960514
v 14.170474 18.619785 -363.960514
v 12.961004 19.481044 -363.960514
v 11.699345 20.263860 -363.960514
v 10.390577 20.965081 -363.960514
v 9.039970 21.581883 -363.960514
v 7.652962 22.111782 -363.960514
v 6.235138 22.552644 -363.960514
v 4.792208 22.902695 -363.960514
v 3.329981 23.160525 -363.960514
v 1.854345 23.325096 -363.960514
v 0.371243 23.395745 -363.960514
v -1.113355 23.372188 -363.960514
v -2.593469 23.254518 -363.960514
v -4.063140 23.043212 -363.960514
v -5.516450 22.739118 -363.960514
v -6.947548 22.343462 -363.960514
v -8.350670 21.857837 -363.960514
v -9.720167 21.284197 -363.960514
v -11.050525 20.624854 -363.960514
v -12.336385 19.882462 -363.960514
v -13.572572 19.060010 -363.960514
v -14.754107 18.160811 -363.960514
v -15.876232 17.188484 -363.960514
v -16.934429 16.146945 -363.960514
v -17.924437 15.040388 -363.960514
v -18.842269 13.873269 -363.960514
v -19.684231 12.650287 -363.960514
v -20.446931 11.376367 -363.960514
v -21.127298 10.056638 -363.960514
v -21.722594 8.696415 -363.960514
v -22.230420 7.301174 -363.960514
v -22.648732 5.876534 -363.960514
v -22.975846 4.428231 -363.960514
v -23.210444 2.962098 -363.960514
v -23.351581 1.484037 -363.960514
v -23.398690 0.000000 -366.693408
v -23.351581 -1.484037 -366.693408
v -23.210444 -2.962098 -366.693408
v -22.975846 -4.428231 -366.693408
v -22.648732 -5.876534 -366.693408
v -22.230420 -7.301174 -366.693408
v -21.722594 -8.696415 -366.693408
v -21.127298 -10.056638 -366.693408
v -20.446931 -11.376367 -366.693408
v -19.684231 -12.650287 -366.693408
v -18.842269 -13.873269 -366.693408
v -17.924437 -15.040388 -366.693408
v -16.934429 -16.146945 -366.693408
v -15.876232 -17.188484 -366.693408
v -14.754107 -18.160811 -366.693408
v -13.572572 -19.060010 -366.693408
v -12.336385 -19.882462 -366.693408
v -11.050525 -20.624854 -366.693408
v -9.720167 -21.284197 -366.693408
v -8.350670 -21.857837 -366.693408
v -6.947548 -22.343462 -366.693408
v -5.516450 -22.739118 -366.693408
v -4.063140 -23.043212 -366.693408
v -2.593469 -23.254518 -366.693408
v -1.113355 -23.372188 -366.693408
v 0.371243 -23.395745 -366.693408
v 1.854345 -23.325096 -366.693408
v 3.329981 -23.160525 -366.693408
v 4.792208 -22.902695 -366.693408
v 6.235138 -22.552644 -366.693408
v 7.652962 -22.111782 -366.693408
v 9.039970 -21.581883 -366.693408
v 10.390577 -20.965081 -366.693408
v 11.699345 -20.263860 -366.693408
v 12.961004 -19.481044 -366.693408
v 14.170474 -18.619785 -366.693408
v 15.322884 -17.683550 -366.693408
v 16.413594 -16.676110 -366.693408
v 17.438212 -15.601521 -366.693408
v 18.392613 -14.464111 -366.693408
v 19.272953 -13.268458 -366.693408
v 20.075688 -12.019378 -366.693408
v 20.797585 -10.721900 -366.693408
v 21.435738 -9.381249 -366.693408
v 21.987577 -8.002823 -366.693408
v 22.450879 -6.592173 -366.693408
v 22.823780 -5.154978 -366.693408
v 23.104777 -3.697026 -366.693408
v 23.292739 -2.224187 -366.693408
v 23.386910 -0.742392 -366.693408
v 23.386910 0.742392 -366.693408
v 23.292739 2.224187 -366.693408
v 23.104777 3.697026 -366.693408
v 22.823780 5.154978 -366.693408
v 22.450879 6.592173 -366.693408
v 21.987577 8.002823 -366.693408
v 21.435738 9.381249 -366.693408
v 20.797585 10.721900 -366.693408
v 20.075688 12.019378 -366.693408
v 19.272953 13.268458 -366.693408
v 18.392613 14.464111 -366.693408
v 17.438212 15.601521 -366.693408
v 16.413594 16.676110 -366.693408
v 15.322884 17.683550 -366.693408
v 14.170474 18.619785 -366.693408
v 12.961004 19.481044 -366.693408
v 11.699345 20.263860 -366.693408
v 10.390577 20.965081 -366.693408
v 9.039970 21.581883 -366.693408
v 7.652962 22.111782 -366.693408
v 6.235138 22.552644 -366.693408
v 4.792208 22.902695 -366.693408
v 3.329981 23.160525 -366.693408
v 1.854345 23.325096 -366.693408
v 0.371243 23.395745 -366.693408
v -1.113355 23.372188 -366.693408
v -2.593469 23.254518 -366.693408
v -4.063140 23.043212 -366.693408
v -5.516450 22.739118 -366.693408
v -6.947548 22.343462 -366.693408
v -8.350670 21.857837 -366.693408
v -9.720167 21.284197 -366.693408
v -11.050525 20.624854 -366.693408
v -12.336385 19.882462 -366.693408
v -13.572572 19.060010 -366.693408
v -14.754107 18.160811 -366.693408
v -15.876232 17.188484 -366.693408
v -16.934429 16.146945 -366.693408
v -17.924437 15.040388 -366.693408
v -18.842269 13.873269 -366.693408
v -19.684231 12.650287 -366.693408
v -20.446931 11.376367 -366.693408
v -21.127298 10.056638 -366.693408
v -21.722594 8.696415 -366.693408
v -22.230420 7.301174 -366.693408
v -22.648732 5.876534 -366.693408
v -22.975846 4.428231 -366.693408
v -23.210444 2.962098 -366.693408
v -23.351581 1.484037 -366.693408
v -20.897431 -0.000000 -366.693408
v -20.855358 -1.325397 -366.693408
v -20.729307 -2.645457 -366.693408
v -20.519787 -3.954865 -366.693408
v -20.227641 -5.248348 -366.693408
v -19.854046 -6.520697 -366.693408
v -19.400505 -7.766791 -366.693408
v -18.868845 -8.981610 -366.693408
v -18.261207 -10.160263 -366.693408
v -17.580038 -11.298004 -366.693408
v -16.828080 -12.390253 -366.693408
v -16.008361 -13.432610 -366.693408
v -15.124182 -14.420879 -366.693408
v -14.179104 -15.351080 -366.693408
v -13.176931 -16.219467 -366.693408
v -12.121699 -17.022545 -366.693408
v -11.017658 -17.757079 -366.693408
v -9.869252 -18.420111 -366.693408
v -8.681107 -19.008972 -366.693408
v -7.458005 -19.521291 -366.693408
v -6.204873 -19.955004 -366.693408
v -4.926756 -20.308365 -366.693408
v -3.628801 -20.579952 -366.693408
v -2.316234 -20.768671 -366.693408
v -0.994340 -20.873761 -366.693408
v 0.331558 -20.894801 -366.693408
v 1.656121 -20.831704 -366.693408
v 2.974015 -20.684725 -366.693408
v 4.279933 -20.454457 -366.693408
v 5.568618 -20.141825 -366.693408
v 6.834880 -19.748089 -366.693408
v 8.073621 -19.274835 -366.693408
v 9.279851 -18.723968 -366.693408
v 10.448716 -18.097706 -366.693408
v 11.575506 -17.398571 -366.693408
v 12.655687 -16.629378 -366.693408
v 13.684907 -15.793225 -366.693408
v 14.659023 -14.893477 -366.693408
v 15.574112 -13.933759 -366.693408
v 16.426490 -12.917935 -366.693408
v 17.212725 -11.850094 -366.693408
v 17.929649 -10.734538 -366.693408
v 18.574378 -9.575757 -366.693408
v 19.144313 -8.378418 -366.693408
v 19.637162 -7.147342 -366.693408
v 20.050938 -5.887487 -366.693408
v 20.383977 -4.603924 -366.693408
v 20.634936 -3.301823 -366.693408
v 20.802806 -1.986427 -366.693408
v 20.886910 -0.663032 -366.693408
v 20.886910 0.663032 -366.693408
v 20.802806 1.986427 -366.693408
v 20.634936 3.301823 -366.693408
v 20.383977 4.603924 -366.693408
v 20.050938 5.887487 -366.693408
v 19.637162 7.147342 -366.693408
v 19.144313 8.378418 -366.693408
v 18.574378 9.575757 -366.693408
v 17.929649 10.734538 -366.693408
v 17.212725 11.850094 -366.693408
v 16.426490 12.917935 -366.693408
v 15.574112 13.933759 -366.693408
v 14.659023 14.893477 -366.693408
v 13.684907 15.793225 -366.693408
v 12.655687 16.629378 -366.693408
v 11.575506 17.398571 -366.693408
v 10.448716 18.097706 -366.693408
v 9.279851 18.723968 -366.693408
v 8.073621 19.274835 -366.693408
v 6.834880 19.748089 -366.693408
v 5.568618 20.141825 -366.693408
v 4.279933 20.454457 -366.693408
v 2.974015 20.684725 -366.693408
v 1.656121 20.831704 -366.693408
v 0.331558 20.894801 -366.693408
v -0.994340 20.873761 -366.693408
v -2.316234 20.768671 -366.693408
v -3.628801 20.579952 -366.693408
v -4.926756 20.308365 -366.693408
v -6.204873 19.955004 -366.693408
v -7.458005 19.521291 -366.693408
v -8.681107 19.008972 -366.693408
v -9.869252 18.420111 -366.693408
v -11.017658 17.757079 -366.693408
v -12.121699 17.022545 -366.693408
v -13.176931 16.219467 -366.693408
v -14.179104 15.351080 -366.693408
v -15.124182 14.420879 -366.693408
v -16.008361 13.432610 -366.693408
v -16.828080 12.390253 -366.693408
v -17.580038 11.298004 -366.693408
v -18.261207 10.160263 -366.693408
v -18.868845 8.981610 -366.693408
v -19.400505 7.766791 -366.693408
v -19.854046 6.520697 -366.693408
v -20.227641 5.248348 -366.693408
v -20.519787 3.954865 -366.693408
v -20.729307 2.645457 -366.693408
v -20.855358 1.325397 -366.693408
v -20.897431 -0.000000 -358.166344
v -20.855358 -1.325397 -358.166344
v -20.729307 -2.645457 -358.166344
v -20.519787 -3.954865 -358.166344
v -20.227641 -5.248348 -358.166344
v -19.854046 -6.520697 -358.166344
v -19.400505 -7.766791 -358.166344
v -18.868845 -8.981610 -358.166344
v -18.261207 -10.160263 -358.166344
v -17.580038 -11.298004 -358.166344
v -16.828080 -12.390253 -358.166344
v -16.008361 -13.432610 -358.166344
v -15.124182 -14.420879 -358.166344
v -14.179104 -15.351080 -358.166344
v -13.176931 -16.219467 -358.166344
v -12.121699 -17.022545 -358.166344
v -11.017658 -17.757079 -358.166344
v -9.869252 -18.420111 -358.166344
v -8.681107 -19.008972 -358.166344
v -7.458005 -19.521291 -358.166344
v -6.204873 -19.955004 -358.166344
v -4.926756 -20.308365 -358.166344
v -3.628801 -20.579952 -358.166344
v -2.316234 -20.768671 -358.166344
v -0.994340 -20.873761 -358.166344
v 0.331558 -20.894801 -358.166344
v 1.656121 -20.831704 -358.166344
v 2.974015 -20.684725 -358.166344
v 4.279933 -20.454457 -358.166344
v 5.568618 -20.141825 -358.166344
v 6.834880 -19.748089 -358.166344
v 8.073621 -19.274835 -358.166344
v 9.279851 -18.723968 -358.166344
v 10.448716 -18.097706 -358.166344
v 11.575506 -17.398571 -358.166344
v 12.655687 -16.629378 -358.166344
v 13.684907 -15.793225 -358.166344
v 14.659023 -14.893477 -358.166344
v 15.574112 -13.933759 -358.166344
v 16.426490 -12.917935 -358.166344
v 17.212725 -11.850094 -358.166344
v 17.929649 -10.734538 -358.166344
v 18.574378 -9.575757 -358.166344
v 19.144313 -8.378418 -358.166344
v 19.637162 -7.147342 -358.166344
v 20.050938 -5.887487 -358.166344
v 20.383977 -4.603924 -358.166344
v 20.634936 -3.301823 -358.166344
v 20.802806 -1.986427 -358.166344
v 20.886910 -0.663032 -358.166344
v 20.886910 0.663032 -358.166344
v 20.802806 1.986427 -358.166344
v 20.634936 3.301823 -358.166344
v 20.383977 4.603924 -358.166344
v 20.050938 5.887487 -358.166344
v 19.637162 7.147342 -358.166344
v 19.144313 8.378418 -358.166344
v 18.574378 9.575757 -358.166344
v 17.929649 10.734538 -358.166344
v 17.212725 11.850094 -358.166344
v 16.426490 12.917935 -358.166344
v 15.574112 13.933759 -358.166344
v 14.659023 14.893477 -358.166344
v 13.684907 15.793225 -358.166344
v 12.655687 16.629378 -358.166344
v 11.575506 17.398571 -358.166344
v 10.448716 18.097706 -358.166344
v 9.279851 18.723968 -358.166344
v 8.073621 19.274835 -358.166344
v 6.834880 19.748089 -358.166344
v 5.568618 20.141825 -358.166344
v 4.279933 20.454457 -358.166344
v 2.974015 20.684725 -358.166344
v 1.656121 20.831704 -358.166344
v 0.331558 20.894801 -358.166344
v -0.994340 20.873761 -358.166344
v -2.316234 20.768671 -358.166344
v -3.628801 20.579952 -358.166344
v -4.926756 20.308365 -358.166344
v -6.204873 19.955004 -358.166344
v -7.458005 19.521291 -358.166344
v -8.681107 19.008972 -358.166344
v -9.869252 18.420111 -358.166344
v -11.017658 17.757079 -358.166344
v -12.121699 17.022545 -358.166344
v -13.176931 16.219467 -358.166344
v -14.179104 15.351080 -358.166344
v -15.124182 14.420879 -358.166344
v -16.008361 13.432610 -358.166344
v -16.828080 12.390253 -358.166344
v -17.580038 11.298004 -358.166344
v -18.261207 10.160263 -358.166344
v -18.868845 8.981610 -358.166344
v -19.400505 7.766791 -358.166344
v -19.854046 6.520697 -358.166344
v -20.227641 5.248348 -358.166344
v -20.519787 3.954865 -358.166344
v -20.729307 2.645457 -358.166344
v -20.855358 1.325397 -358.166344
v -17.195567 -0.000000 -358.166344
v -17.160947 -1.090610 -358.166344
v -17.057226 -2.176829 -358.166344
v -16.884821 -3.254283 -358.166344
v -16.644427 -4.318632 -358.166344
v -16.337012 -5.365592 -358.166344
v -15.963813 -6.390947 -358.166344
v -15.526334 -7.390567 -358.166344
v -15.026336 -8.360429 -358.166344
v -14.465832 -9.296626 -358.166344
v -13.847079 -10.195388 -358.166344
v -13.172569 -11.053098 -358.166344
v -12.445017 -11.866300 -358.166344
v -11.667354 -12.631721 -358.166344
v -10.842711 -13.346279 -358.166344
v -9.974408 -14.007096 -358.166344
v -9.065941 -14.611511 -358.166344
v -8.120969 -15.157091 -358.166344
v -7.143297 -15.641638 -358.166344
v -6.136861 -16.063202 -358.166344
v -5.105714 -16.420086 -358.166344
v -4.054009 -16.710851 -358.166344
v -2.985979 -16.934328 -358.166344
v -1.905926 -17.089616 -358.166344
v -0.818198 -17.176091 -358.166344
v 0.272824 -17.193403 -358.166344
v 1.362748 -17.141483 -358.166344
v 2.447184 -17.020541 -358.166344
v 3.521767 -16.831063 -358.166344
v 4.582168 -16.573813 -358.166344
v 5.624119 -16.249825 -358.166344
v 6.643424 -15.860405 -358.166344
v 7.635977 -15.407121 -358.166344
v 8.597784 -14.891798 -358.166344
v 9.524970 -14.316511 -358.166344
v 10.413802 -13.683576 -358.166344
v 11.260702 -12.995543 -358.166344
v 12.062259 -12.255181 -358.166344
v 12.815245 -11.465471 -358.166344
v 13.516629 -10.629594 -358.166344
v 14.163586 -9.750916 -358.166344
v 14.753512 -8.832974 -358.166344
v 15.284030 -7.879465 -358.166344
v 15.753005 -6.894228 -358.166344
v 16.158548 -5.881230 -358.166344
v 16.499026 -4.844551 -358.166344
v 16.773069 -3.788365 -358.166344
v 16.979572 -2.716924 -358.166344
v 17.117704 -1.634543 -358.166344
v 17.186910 -0.545580 -358.166344
v 17.186910 0.545580 -358.166344
v 17.117704 1.634543 -358.166344
v 16.979572 2.716924 -358.166344
v 16.773069 3.788365 -358.166344
v 16.499026 4.844551 -358.166344
v 16.158548 5.881230 -358.166344
v 15.753005 6.894228 -358.166344
v 15.284030 7.879465 -358.166344
v 14.753512 8.832974 -358.166344
v 14.163586 9.750916 -358.166344
v 13.516629 10.629594 -358.166344
v 12.815245 11.465471 -358.166344
v 12.062259 12.255181 -358.166344
v 11.260702 12.995543 -358.166344
v 10.413802 13.683576 -358.166344
v 9.524970 14.316511 -358.166344
v 8.597784 14.891798 -358.166344
v 7.635977 15.407121 -358.166344
v 6.643424 15.860405 -358.166344
v 5.624119 16.249825 -358.166344
v 4.582168 16.573813 -358.166344
v 3.521767 16.831063 -358.166344
v 2.447184 17.020541 -358.166344
v 1.362748 17.141483 -358.166344
v 0.272824 17.193403 -358.166344
v -0.818198 17.176091 -358.166344
v -1.905926 17.089616 -358.166344
v -2.985979 16.934328 -358.166344
v -4.054009 16.710851 -358.166344
v -5.105714 16.420086 -358.166344
v -6.136861 16.063202 -358.166344
v -7.143297 15.641638 -358.166344
v -8.120969 15.157091 -358.166344
v -9.065941 14.611511 -358.166344
v -9.974408 14.007096 -358.166344
v -10.842711 13.346279 -358.166344
v -11.667354 12.631721 -358.166344
v -12.445017 11.866300 -358.166344
v -13.172569 11.053098 -358.166344
v -13.847079 10.195388 -358.166344
v -14.465832 9.296626 -358.166344
v -15.026336 8.360429 -358.166344
v -15.526334 7.390567 -358.166344
v -15.963813 6.390947 -358.166344
v -16.337012 5.365592 -358.166344
v -16.644427 4.318632 -358.166344
v -16.884821 3.254283 -358.166344
v -17.057226 2.176829 -358.166344
v -17.160947 1.090610 -358.166344
v -17.195567 -0.000000 -367.816882
v -17.160947 -1.090610 -367.816882
v -17.057226 -2.176829 -367.816882
v -16.884821 -3.254283 -367.816882
v -16.644427 -4.318632 -367.816882
v -16.337012 -5.365592 -367.816882
v -15.963813 -6.390947 -367.816882
v -15.526334 -7.390567 -367.816882
v -15.026336 -8.360429 -367.816882
v -14.465832 -9.296626 -367.816882
v -13.847079 -10.195388 -367.816882
v -13.172569 -11.053098 -367.816882
v -12.445017 -11.866300 -367.816882
v -11.667354 -12.631721 -367.816882
v -10.842711 -13.346279 -367.816882
v -9.974408 -14.007096 -367.816882
v -9.065941 -14.611511 -367.816882
v -8.120969 -15.157091 -367.816882
v -7.143297 -15.641638 -367.816882
v -6.136861 -16.063202 -367.816882
v -5.105714 -16.420086 -367.816882
v -4.054009 -16.710851 -367.816882
v -2.985979 -16.934328 -367.816882
v -1.905926 -17.089616 -367.816882
v -0.818198 -17.176091 -367.816882
v 0.272824 -17.193403 -367.816882
v 1.362748 -17.141483 -367.816882
v 2.447184 -17.020541 -367.816882
v 3.521767 -16.831063 -367.816882
v 4.582168 -16.573813 -367.816882
v 5.624119 -16.249825 -367.816882
v 6.643424 -15.860405 -367.816882
v 7.635977 -15.407121 -367.816882
v 8.597784 -14.891798 -367.816882
v 9.524970 -14.316511 -367.816882
v 10.413802 -13.683576 -367.816882
v 11.260702 -12.995543 -367.816882
v 12.062259 -12.255181 -367.816882
v 12.815245 -11.465471 -367.816882
v 13.516629 -10.629594 -367.816882
v 14.163586 -9.750916 -367.816882
v 14.753512 -8.832974 -367.816882
v 15.284030 -7.879465 -367.816882
v 15.753005 -6.894228 -367.816882
v 16.158548 -5.881230 -367.816882
v 16.499026 -4.844551 -367.816882
v 16.773069 -3.788365 -367.816882
v 16.979572 -2.716924 -367.816882
v 17.117704 -1.634543 -367.816882
v 17.186910 -0.545580 -367.816882
v 17.186910 0.545580 -367.816882
v 17.117704 1.634543 -367.816882
v 16.979572 2.716924 -367.816882
v 16.773069 3.788365 -367.816882
v 16.499026 4.844551 -367.816882
v 16.158548 5.881230 -367.816882
v 15.753005 6.894228 -367.816882
v 15.284030 7.879465 -367.816882
v 14.753512 8.832974 -367.816882
v 14.163586 9.750916 -367.816882
v 13.516629 10.629594 -367.816882
v 12.815245 11.465471 -367.816882
v 12.062259 12.255181 -367.816882
v 11.260702 12.995543 -367.816882
v 10.413802 13.683576 -367.816882
v 9.524970 14.316511 -367.816882
v 8.597784 14.891798 -367.816882
v 7.635977 15.407121 -367.816882
v 6.643424 15.860405 -367.816882
v 5.624119 16.249825 -367.816882
v 4.582168 16.573813 -367.816882
v 3.521767 16.831063 -367.816882
v 2.447184 17.020541 -367.816882
v 1.362748 17.141483 -367.816882
v 0.272824 17.193403 -367.816882
v -0.818198 17.176091 -367.816882
v -1.905926 17.089616 -367.816882
v -2.985979 16.934328 -367.816882
v -4.054009 16.710851 -367.816882
v -5.105714 16.420086 -367.816882
v -6.136861 16.063202 -367.816882
v -7.143297 15.641638 -367.816882
v -8.120969 15.157091 -367.816882
v -9.065941 14.611511 -367.816882
v -9.974408 14.007096 -367.816882
v -10.842711 13.346279 -367.816882
v -11.667354 12.631721 -367.816882
v -12.445017 11.866300 -367.816882
v -13.172569 11.053098 -367.816882
v -13.847079 10.195388 -367.816882
v -14.465832 9.296626 -367.816882
v -15.026336 8.360429 -367.816882
v -15.526334 7.390567 -367.816882
v -15.963813 6.390947 -367.816882
v -16.337012 5.365592 -367.816882
v -16.644427 4.318632 -367.816882
v -16.884821 3.254283 -367.816882
v -17.057226 2.176829 -367.816882
v -17.160947 1.090610 -367.816882
v -13.293603 -0.000000 -372.572932
v -13.266839 -0.843132 -372.572932
v -13.186653 -1.682870 -372.572932
v -13.053370 -2.515831 -372.572932
v -12.867526 -3.338662 -372.572932
v -12.629868 -4.148049 -372.572932
v -12.341355 -4.940733 -372.572932
v -12.003147 -5.713523 -372.572932
v -11.616607 -6.463306 -372.572932
v -11.183290 -7.187064 -372.572932
v -10.704943 -7.881883 -372.572932
v -10.183491 -8.544963 -372.572932
v -9.621033 -9.173636 -372.572932
v -9.019835 -9.765370 -372.572932
v -8.382317 -10.317783 -372.572932
v -7.711046 -10.828649 -372.572932
v -7.008726 -11.295912 -372.572932
v -6.278184 -11.717691 -372.572932
v -5.522362 -12.092287 -372.572932
v -4.744304 -12.418191 -372.572932
v -3.947142 -12.694091 -372.572932
v -3.134086 -12.918877 -372.572932
v -2.308410 -13.091643 -372.572932
v -1.473439 -13.211694 -372.572932
v -0.632535 -13.278546 -372.572932
v 0.210916 -13.291930 -372.572932
v 1.053517 -13.251792 -372.572932
v 1.891877 -13.158293 -372.572932
v 2.722619 -13.011811 -372.572932
v 3.542397 -12.812935 -372.572932
v 4.347912 -12.562466 -372.572932
v 5.135919 -12.261412 -372.572932
v 5.903245 -11.910985 -372.572932
v 6.646801 -11.512598 -372.572932
v 7.363593 -11.067853 -372.572932
v 8.050735 -10.578542 -372.572932
v 8.705459 -10.046635 -372.572932
v 9.325129 -9.474273 -372.572932
v 9.907250 -8.863762 -372.572932
v 10.449478 -8.217560 -372.572932
v 10.949629 -7.538269 -372.572932
v 11.405691 -6.828623 -372.572932
v 11.815825 -6.091481 -372.572932
v 12.178382 -5.329811 -372.572932
v 12.491901 -4.546680 -372.572932
v 12.755119 -3.745241 -372.572932
v 12.966976 -2.928721 -372.572932
v 13.126620 -2.100408 -372.572932
v 13.233408 -1.263637 -372.572932
v 13.286910 -0.421779 -372.572932
v 13.286910 0.421779 -372.572932
v 13.233408 1.263637 -372.572932
v 13.126620 2.100408 -372.572932
v 12.966976 2.928721 -372.572932
v 12.755119 3.745241 -372.572932
v 12.491901 4.546680 -372.572932
v 12.178382 5.329811 -372.572932
v 11.815825 6.091481 -372.572932
v 11.405691 6.828623 -372.572932
v 10.949629 7.538269 -372.572932
v 10.449478 8.217560 -372.572932
v 9.907250 8.863762 -372.572932
v 9.325129 9.474273 -372.572932
v 8.705459 10.046635 -372.572932
v 8.050735 10.578542 -372.572932
v 7.363593 11.067853 -372.572932
v 6.646801 11.512598 -372.572932
v 5.903245 11.910985 -372.572932
v 5.135919 12.261412 -372.572932
v 4.347912 12.562466 -372.572932
v 3.542397 12.812935 -372.572932
v 2.722619 13.011811 -372.572932
v 1.891877 13.158293 -372.572932
v 1.053517 13.251792 -372.572932
v 0.210916 13.291930 -372.572932
v -0.632535 13.278546 -372.572932
v -1.473439 13.211694 -372.572932
v -2.308410 13.091643 -372.572932
v -3.134086 12.918877 -372.572932
v -3.947142 12.694091 -372.572932
v -4.744304 12.418191 -372.572932
v -5.522362 12.092287 -372.572932
v -6.278184 11.717691 -372.572932
v -7.008726 11.295912 -372.572932
v -7.711046 10.828649 -372.572932
v -8.382317 10.317783 -372.572932
v -9.019835 9.765370 -372.572932
v -9.621033 9.173636 -372.572932
v -10.183491 8.544963 -372.572932
v -10.704943 7.881883 -372.572932
v -11.183290 7.187064 -372.572932
v -11.616607 6.463306 -372.572932
v -12.003147 5.713523 -372.572932
v -12.341355 4.940733 -372.572932
v -12.629868 4.148049 -372.572932
v -12.867526 3.338662 -372.572932
v -13.053370 2.515831 -372.572932
v -13.186653 1.682870 -372.572932
v -13.266839 0.843132 -372.572932
v -11.592747 -0.000000 -372.572932
v -11.569407 -0.735257 -372.572932
v -11.499481 -1.467554 -372.572932
v -11.383251 -2.193942 -372.572932
v -11.221184 -2.911495 -372.572932
v -11.013934 -3.617325 -372.572932
v -10.762334 -4.308589 -372.572932
v -10.467399 -4.982503 -372.572932
v -10.130314 -5.636356 -372.572932
v -9.752439 -6.267512 -372.572932
v -9.335294 -6.873431 -372.572932
v -8.880559 -7.451674 -372.572932
v -8.390065 -7.999911 -372.572932
v -7.865788 -8.515936 -372.572932
v -7.309837 -8.997669 -372.572932
v -6.724453 -9.443173 -372.572932
v -6.111991 -9.850652 -372.572932
v -5.474919 -10.218465 -372.572932
v -4.815801 -10.545133 -372.572932
v -4.137292 -10.829339 -372.572932
v -3.442123 -11.069940 -372.572932
v -2.733094 -11.265965 -372.572932
v -2.013059 -11.416627 -372.572932
v -1.284919 -11.521317 -372.572932
v -0.551605 -11.579616 -372.572932
v 0.183930 -11.591287 -372.572932
v 0.918725 -11.556285 -372.572932
v 1.649820 -11.474749 -372.572932
v 2.374272 -11.347009 -372.572932
v 3.089163 -11.173578 -372.572932
v 3.791616 -10.955155 -372.572932
v 4.478801 -10.692620 -372.572932
v 5.147952 -10.387029 -372.572932
v 5.796373 -10.039613 -372.572932
v 6.421455 -9.651771 -372.572932
v 7.020680 -9.225065 -372.572932
v 7.591635 -8.761213 -372.572932
v 8.132021 -8.262083 -372.572932
v 8.639662 -7.729684 -372.572932
v 9.112514 -7.166160 -372.572932
v 9.548674 -6.573781 -372.572932
v 9.946384 -5.954932 -372.572932
v 10.304044 -5.312104 -372.572932
v 10.620213 -4.647886 -372.572932
v 10.893618 -3.964953 -372.572932
v 11.123159 -3.266054 -372.572932
v 11.307910 -2.554004 -372.572932
v 11.447129 -1.831670 -372.572932
v 11.540254 -1.101961 -372.572932
v 11.586910 -0.367814 -372.572932
v 11.586910 0.367814 -372.572932
v 11.540254 1.101961 -372.572932
v 11.447129 1.831670 -372.572932
v 11.307910 2.554004 -372.572932
v 11.123159 3.266054 -372.572932
v 10.893618 3.964953 -372.572932
v 10.620213 4.647886 -372.572932
v 10.304044 5.312104 -372.572932
v 9.946384 5.954932 -372.572932
v 9.548674 6.573781 -372.572932
v 9.112514 7.166160 -372.572932
v 8.639662 7.729684 -372.572932
v 8.132021 8.262083 -372.572932
v 7.591635 8.761213 -372.572932
v 7.020680 9.225065 -372.572932
v 6.421455 9.651771 -372.572932
v 5.796373 10.039613 -372.572932
v 5.147952 10.387029 -372.572932
v 4.478801 10.692620 -372.572932
v 3.791616 10.955155 -372.572932
v 3.089163 11.173578 -372.572932
v 2.374272 11.347009 -372.572932
v 1.649820 11.474749 -372.572932
v 0.918725 11.556285 -372.572932
v 0.183930 11.591287 -372.572932
v -0.551605 11.579616 -372.572932
v -1.284919 11.521317 -372.572932
v -2.013059 11.416627 -372.572932
v -2.733094 11.265965 -372.572932
v -3.442123 11.069940 -372.572932
v -4.137292 10.829339 -372.572932
v -4.815801 10.545133 -372.572932
v -5.474919 10.218465 -372.572932
v -6.111991 9.850652 -372.572932
v -6.724453 9.443173 -372.572932
v -7.309837 8.997669 -372.572932
v -7.865788 8.515936 -372.572932
v -8.390065 7.999911 -372.572932
v -8.880559 7.451674 -372.572932
v -9.335294 6.873431 -372.572932
v -9.752439 6.267512 -372.572932
v -10.130314 5.636356 -372.572932
v -10.467399 4.982503 -372.572932
v -10.762334 4.308589 -372.572932
v -11.013934 3.617325 -372.572932
v -11.221184 2.911495 -372.572932
v -11.383251 2.193942 -372.572932
v -11.499481 1.467554 -372.572932
v -11.569407 0.735257 -372.572932
v -3.294429 0.000000 -313.020499
v -3.287801 -0.208813 -313.020499
v -3.267942 -0.416785 -313.020499
v -3.234933 -0.623079 -313.020499
v -3.188906 -0.826865 -313.020499
v -3.130047 -1.027320 -313.020499
v -3.058592 -1.223639 -313.020499
v -2.974831 -1.415031 -313.020499
v -2.879099 -1.600725 -313.020499
v -2.771782 -1.779973 -313.020499
v -2.653313 -1.952055 -313.020499
v -2.524168 -2.116275 -313.020499
v -2.384868 -2.271975 -313.020499
v -2.235973 -2.418526 -313.020499
v -2.078083 -2.555338 -313.020499
v -1.911834 -2.681861 -313.020499
v -1.737895 -2.797585 -313.020499
v -1.556966 -2.902044 -313.020499
v -1.369777 -2.994818 -313.020499
v -1.177080 -3.075532 -313.020499
v -0.979652 -3.143863 -313.020499
v -0.778288 -3.199534 -313.020499
v -0.573798 -3.242322 -313.020499
v -0.367006 -3.272054 -313.020499
v -0.158745 -3.288611 -313.020499
v 0.050147 -3.291926 -313.020499
v 0.258828 -3.281985 -313.020499
v 0.466459 -3.258829 -313.020499
v 0.672204 -3.222550 -313.020499
v 0.875233 -3.173296 -313.020499
v 1.074729 -3.111264 -313.020499
v 1.269890 -3.036704 -313.020499
v 1.459929 -2.949916 -313.020499
v 1.644081 -2.851250 -313.020499
v 1.821604 -2.741103 -313.020499
v 1.991784 -2.619919 -313.020499
v 2.153935 -2.488185 -313.020499
v 2.307404 -2.346432 -313.020499
v 2.451575 -2.195230 -313.020499
v 2.585865 -2.035190 -313.020499
v 2.709734 -1.866954 -313.020499
v 2.822684 -1.691201 -313.020499
v 2.924259 -1.508638 -313.020499
v 3.014051 -1.320000 -313.020499
v 3.091698 -1.126047 -313.020499
v 3.156888 -0.927559 -313.020499
v 3.209357 -0.725337 -313.020499
v 3.248895 -0.520194 -313.020499
v 3.275343 -0.312957 -313.020499
v 3.288593 -0.104459 -313.020499
v 3.288593 0.104459 -313.020499
v 3.275343 0.312957 -313.020499
v 3.248895 0.520194 -313.020499
v 3.209357 0.725337 -313.020499
v 3.156888 0.927559 -313.020499
v 3.091698 1.126047 -313.020499
v 3.014051 1.320000 -313.020499
v 2.924259 1.508638 -313.020499
v 2.822684 1.691201 -313.020499
v 2.709734 1.866954 -313.020499
v 2.585865 2.035190 -313.020499
v 2.451575 2.195230 -313.020499
v 2.307404 2.346432 -313.020499
v 2.153935 2.488185 -313.020499
v 1.991784 2.619919 -313.020499
v 1.821604 2.741103 -313.020499
v 1.644081 2.851250 -313.020499
v 1.459929 2.949916 -313.020499
v 1.269890 3.036704 -313.020499
v 1.074729 3.111264 -313.020499
v 0.875233 3.173296 -313.020499
v 0.672204 3.222550 -313.020499
v 0.466459 3.258829 -313.020499
v 0.258828 3.281985 -313.020499
v 0.050147 3.291926 -313.020499
v -0.158745 3.288611 -313.020499
v -0.367006 3.272054 -313.020499
v -0.573798 3.242322 -313.020499
v -0.778288 3.199534 -313.020499
v -0.979652 3.143863 -313.020499
v -1.177080 3.075532 -313.020499
v -1.369777 2.994818 -313.020499
v -1.556966 2.902044 -313.020499
v -1.737895 2.797585 -313.020499
v -1.911834 2.681861 -313.020499
v -2.078083 2.555338 -313.020499
v -2.235973 2.418526 -313.020499
v -2.384868 2.271975 -313.020499
v -2.524168 2.116275 -313.020499
v -2.653313 1.952055 -313.020499
v -2.771782 1.779973 -313.020499
v -2.879099 1.600725 -313.020499
v -2.974831 1.415031 -313.020499
v -3.058592 1.223639 -313.020499
v -3.130047 1.027320 -313.020499
v -3.188906 0.826865 -313.020499
v -3.234933 0.623079 -313.020499
v -3.267942 0.416785 -313.020499
v -3.287801 0.208813 -313.020499
v 12.891320 22.328515 153.670323
v 12.891966 22.329635 150.590323
v 14.281527 21.465939 153.670323
v 14.282244 21.467016 150.590323
v 15.614228 20.516928 153.670323
v 15.615011 20.517956 150.590323
v 16.884055 19.485301 153.670323
v 16.884902 19.486278 150.590323
v 18.085896 18.375215 153.670323
v 18.086803 18.376136 150.590323
v 19.214911 17.191138 153.670323
v 19.215875 17.192000 150.590323
v 20.266555 15.937838 153.670323
v 20.267571 15.938637 150.590323
v 21.236592 14.620362 153.670323
v 21.237657 14.621095 150.590323
v 22.121116 13.244015 153.670323
v 22.122226 13.244679 150.590323
v 22.916566 11.814339 153.670323
v 22.917716 11.814932 150.590323
v 23.619740 10.337091 153.670323
v 23.620924 10.337610 150.590323
v 24.227804 8.818219 153.670323
v 24.229019 8.818662 150.590323
v 24.738312 7.263840 153.670323
v 24.739552 7.264204 150.590323
v 25.149206 5.680211 153.670323
v 25.150468 5.680496 150.590323
v 25.458834 4.073710 153.670323
v 25.460111 4.073915 150.590323
v 25.665948 2.450806 153.670323
v 25.667235 2.450929 150.590323
v 25.769714 0.818033 153.670323
v 25.771006 0.818074 150.590323
v 25.769714 -0.818033 153.670323
v 25.771006 -0.818074 150.590323
v 25.665948 -2.450806 153.670323
v 25.667235 -2.450929 150.590323
v 25.458834 -4.073710 153.670323
v 25.460111 -4.073915 150.590323
v 25.149206 -5.680211 153.670323
v 25.150468 -5.680496 150.590323
v 24.738312 -7.263840 153.670323
v 24.739552 -7.264204 150.590323
v 24.227804 -8.818219 153.670323
v 24.229019 -8.818662 150.590323
v 23.619740 -10.337091 153.670323
v 23.620924 -10.337610 150.590323
v 22.916566 -11.814339 153.670323
v 22.917716 -11.814932 150.590323
v 22.121116 -13.244015 153.670323
v 22.122226 -13.244679 150.590323
v 21.236592 -14.620362 153.670323
v 21.237657 -14.621095 150.590323
v 20.266555 -15.937838 153.670323
v 20.267571 -15.938637 150.590323
v 19.214911 -17.191138 153.670323
v 19.215875 -17.192000 150.590323
v 18.085896 -18.375215 153.670323
v 18.086803 -18.376136 150.590323
v 16.884055 -19.485301 153.670323
v 16.884902 -19.486278 150.590323
v 15.614228 -20.516928 153.670323
v 15.615011 -20.517956 150.590323
v 14.281527 -21.465939 153.670323
v 14.282244 -21.467016 150.590323
v 12.891320 -22.328515 153.670323
v 12.891966 -22.329635 150.590323
v 11.449203 -23.101182 153.670323
v 11.449778 -23.102341 150.590323
v 9.960985 -23.780829 153.670323
v 9.961484 -23.782021 150.590323
v 8.432656 -24.364719 153.670323
v 8.433080 -24.365940 150.590323
v 6.870373 -24.850500 153.670323
v 6.870718 -24.851746 150.590323
v 5.280424 -25.236218 153.670323
v 5.280689 -25.237483 150.590323
v 3.669213 -25.520318 153.670323
v 3.669397 -25.521597 150.590323
v 2.043227 -25.701656 153.670323
v 2.043330 -25.702945 150.590323
v 0.409013 -25.779503 153.670323
v 0.409034 -25.780796 150.590323
v -1.226847 -25.753546 153.670323
v -1.226908 -25.754837 150.590323
v -2.857768 -25.623887 153.670323
v -2.857911 -25.625172 150.590323
v -4.477182 -25.391051 153.670323
v -4.477406 -25.392324 150.590323
v -6.078568 -25.055974 153.670323
v -6.078873 -25.057230 150.590323
v -7.655478 -24.620005 153.670323
v -7.655862 -24.621239 150.590323
v -9.201562 -24.084900 153.670323
v -9.202024 -24.086107 150.590323
v -10.710596 -23.452813 153.670323
v -10.711132 -23.453989 150.590323
v -12.176501 -22.726291 153.670323
v 11.449778 23.102341 150.590323
v 11.449203 23.101182 153.670323
v 9.961484 23.782021 150.590323
v 9.960985 23.780829 153.670323
v 8.433080 24.365940 150.590323
v 8.432656 24.364719 153.670323
v 6.870718 24.851746 150.590323
v 6.870373 24.850500 153.670323
v 5.280689 25.237483 150.590323
v 5.280424 25.236218 153.670323
v 3.669397 25.521597 150.590323
v 3.669213 25.520318 153.670323
v 2.043330 25.702945 150.590323
v 2.043227 25.701656 153.670323
v 0.409034 25.780796 150.590323
v 0.409013 25.779503 153.670323
v -1.226908 25.754837 150.590323
v -1.226847 25.753546 153.670323
v -2.857911 25.625172 150.590323
v -2.857768 25.623887 153.670323
v -4.477406 25.392324 150.590323
v -4.477182 25.391051 153.670323
v -6.078873 25.057230 150.590323
v -6.078568 25.055974 153.670323
v -7.655862 24.621239 150.590323
v -7.655478 24.620005 153.670323
v -9.202024 24.086107 150.590323
v -9.201562 24.084900 153.670323
v -10.711132 23.453989 150.590323
v -10.710596 23.452813 153.670323
v -12.177111 22.727430 150.590323
v -12.176501 22.726291 153.670323
v -13.594058 21.909356 150.590323
v -13.593376 21.908257 153.670323
v -14.956266 21.003060 150.590323
v -14.955516 21.002007 153.670323
v -16.258250 20.012193 150.590323
v -16.257436 20.011189 153.670323
v -17.494769 18.940743 150.590323
v -17.493892 18.939794 153.670323
v -18.660843 17.793026 150.590323
v -18.659908 17.792134 153.670323
v -19.751776 16.573662 150.590323
v -19.750786 16.572831 153.670323
v -20.763176 15.287563 150.590323
v -20.762135 15.286796 153.670323
v -21.690970 13.939905 150.590323
v -21.689883 13.939206 153.670323
v -22.531423 12.536117 150.590323
v -22.530294 12.535488 153.670323
v -23.281150 11.081850 150.590323
v -23.279983 11.081294 153.670323
v -23.937132 9.582960 150.590323
v -23.935932 9.582480 153.670323
v -24.496727 8.045483 150.590323
v -24.495500 8.045080 153.670323
v -24.957684 6.475610 150.590323
v -24.956433 6.475285 153.670323
v -25.318145 4.879662 150.590323
v -25.316876 4.879417 153.670323
v -25.576658 3.264065 150.590323
v -25.575376 3.263901 153.670323
v -25.732184 1.635325 150.590323
v -25.730894 1.635243 153.670323
v -25.784096 0.000000 150.590323
v -25.782803 0.000000 153.670323
v -25.732184 -1.635325 150.590323
v -25.730894 -1.635243 153.670323
v -25.576658 -3.264065 150.590323
v -25.575376 -3.263901 153.670323
v -25.318145 -4.879662 150.590323
v -25.316876 -4.879417 153.670323
v -24.957684 -6.475610 150.590323
v -24.956433 -6.475285 153.670323
v -24.496727 -8.045483 150.590323
v -24.495500 -8.045080 153.670323
v -23.937132 -9.582960 150.590323
v -23.935932 -9.582480 153.670323
v -23.281150 -11.081850 150.590323
v -23.279983 -11.081294 153.670323
v -22.531423 -12.536117 150.590323
v -22.530294 -12.535488 153.670323
v -21.690970 -13.939905 150.590323
v -21.689883 -13.939206 153.670323
v -20.763176 -15.287563 150.590323
v -20.762135 -15.286796 153.670323
v -19.751776 -16.573662 150.590323
v -19.750786 -16.572831 153.670323
v -18.660843 -17.793026 150.590323
v -18.659908 -17.792134 153.670323
v -17.494769 -18.940743 150.590323
v -17.493892 -18.939794 153.670323
v -16.258250 -20.012193 150.590323
v -16.257436 -20.011189 153.670323
v -14.956266 -21.003060 150.590323
v -14.955516 -21.002007 153.670323
v -13.594058 -21.909356 150.590323
v -13.593376 -21.908257 153.670323
v -12.177111 -22.727430 150.590323
v 12.996373 22.510472 153.670411
v 12.997019 22.511592 150.590412
v 14.397909 21.640867 153.670411
v 14.398625 21.641943 150.590412
v 15.741470 20.684122 153.670411
v 15.742253 20.685150 150.590412
v 17.021645 19.644089 153.670411
v 17.022492 19.645066 150.590412
v 18.233280 18.524956 153.670411
v 18.234187 18.525877 150.590412
v 19.371496 17.331230 153.670411
v 19.372459 17.332092 150.590412
v 20.431709 16.067717 153.670411
v 20.432726 16.068516 150.590412
v 21.409651 14.739505 153.670411
v 21.410716 14.740238 150.590412
v 22.301383 13.351942 153.670411
v 22.302493 13.352606 150.590412
v 23.103316 11.910615 153.670411
v 23.104465 11.911208 150.590412
v 23.812219 10.421329 153.670411
v 23.813404 10.421847 150.590412
v 24.425239 8.890080 153.670411
v 24.426454 8.890522 150.590412
v 24.939907 7.323033 153.670411
v 24.941147 7.323398 150.590412
v 25.354150 5.726500 153.670411
v 25.355411 5.726784 150.590412
v 25.666301 4.106907 153.670411
v 25.667578 4.107112 150.590412
v 25.875102 2.470778 153.670411
v 25.876389 2.470901 150.590412
v 25.979714 0.824700 153.670411
v 25.981006 0.824741 150.590412
v 25.979714 -0.824700 153.670411
v 25.981006 -0.824741 150.590412
v 25.875102 -2.470778 153.670411
v 25.876389 -2.470901 150.590412
v 25.666301 -4.106907 153.670411
v 25.667578 -4.107112 150.590412
v 25.354150 -5.726500 153.670411
v 25.355411 -5.726784 150.590412
v 24.939907 -7.323033 153.670411
v 24.941147 -7.323398 150.590412
v 24.425239 -8.890080 153.670411
v 24.426454 -8.890522 150.590412
v 23.812219 -10.421329 153.670411
v 23.813404 -10.421847 150.590412
v 23.103316 -11.910615 153.670411
v 23.104465 -11.911208 150.590412
v 22.301383 -13.351942 153.670411
v 22.302493 -13.352606 150.590412
v 21.409651 -14.739505 153.670411
v 21.410716 -14.740238 150.590412
v 20.431709 -16.067717 153.670411
v 20.432726 -16.068516 150.590412
v 19.371496 -17.331230 153.670411
v 19.372459 -17.332092 150.590412
v 18.233280 -18.524956 153.670411
v 18.234187 -18.525877 150.590412
v 17.021645 -19.644089 153.670411
v 17.022492 -19.645066 150.590412
v 15.741470 -20.684122 153.670411
v 15.742253 -20.685150 150.590412
v 14.397909 -21.640867 153.670411
v 14.398625 -21.641943 150.590412
v 12.996373 -22.510472 153.670411
v 12.997019 -22.511592 150.590412
v 11.542504 -23.289436 153.670411
v 11.543079 -23.290594 150.590412
v 10.042158 -23.974621 153.670411
v 10.042658 -23.975813 150.590412
v 8.501375 -24.563269 153.670411
v 8.501798 -24.564490 150.590412
v 6.926360 -25.053009 153.670411
v 6.926705 -25.054255 150.590412
v 5.323455 -25.441870 153.670411
v 5.323720 -25.443135 150.590412
v 3.699114 -25.728285 153.670411
v 3.699298 -25.729564 150.590412
v 2.059878 -25.911101 153.670411
v 2.059981 -25.912390 150.590412
v 0.412347 -25.989583 153.670411
v 0.412368 -25.990875 150.590412
v -1.236845 -25.963413 153.670411
v -1.236906 -25.964705 150.590412
v -2.881056 -25.832699 153.670411
v -2.881199 -25.833983 150.590412
v -4.513667 -25.597965 153.670411
v -4.513891 -25.599238 150.590412
v -6.128102 -25.260157 153.670411
v -6.128407 -25.261413 150.590412
v -7.717863 -24.820635 153.670411
v -7.718246 -24.821869 150.590412
v -9.276546 -24.281169 153.670411
v -9.277007 -24.282377 150.590412
v -10.797877 -23.643932 153.670411
v -10.798413 -23.645108 150.590412
v -12.275728 -22.911489 153.670411
v 11.543079 23.290594 150.590412
v 11.542504 23.289436 153.670411
v 10.042658 23.975813 150.590412
v 10.042158 23.974621 153.670411
v 8.501798 24.564490 150.590412
v 8.501375 24.563269 153.670411
v 6.926705 25.054255 150.590412
v 6.926360 25.053009 153.670411
v 5.323720 25.443135 150.590412
v 5.323455 25.441870 153.670411
v 3.699298 25.729564 150.590412
v 3.699114 25.728285 153.670411
v 2.059981 25.912390 150.590412
v 2.059878 25.911101 153.670411
v 0.412368 25.990875 150.590412
v 0.412347 25.989583 153.670411
v -1.236906 25.964705 150.590412
v -1.236845 25.963413 153.670411
v -2.881199 25.833983 150.590412
v -2.881056 25.832699 153.670411
v -4.513891 25.599238 150.590412
v -4.513667 25.597965 153.670411
v -6.128407 25.261413 150.590412
v -6.128102 25.260157 153.670411
v -7.718246 24.821869 150.590412
v -7.717863 24.820635 153.670411
v -9.277007 24.282377 150.590412
v -9.276546 24.281169 153.670411
v -10.798413 23.645108 150.590412
v -10.797877 23.643932 153.670411
v -12.276338 22.912629 150.590412
v -12.275728 22.911489 153.670411
v -13.704831 22.087888 150.590412
v -13.704150 22.086790 153.670411
v -15.078139 21.174207 150.590412
v -15.077390 21.173154 153.670411
v -16.390733 20.175265 150.590412
v -16.389918 20.174262 153.670411
v -17.637328 19.095085 150.590412
v -17.636451 19.094135 153.670411
v -18.812904 17.938015 150.590412
v -18.811968 17.937123 153.670411
v -19.912726 16.708716 150.590412
v -19.911736 16.707885 153.670411
v -20.932368 15.412136 150.590412
v -20.931327 15.411370 153.670411
v -21.867723 14.053497 150.590412
v -21.866635 14.052798 153.670411
v -22.715024 12.638270 150.590412
v -22.713894 12.637641 153.670411
v -23.470860 11.172152 150.590412
v -23.469693 11.171597 153.670411
v -24.132187 9.661049 150.590412
v -24.130987 9.660568 153.670411
v -24.696343 8.111043 150.590412
v -24.695115 8.110640 153.670411
v -25.161055 6.528378 150.590412
v -25.159805 6.528053 153.670411
v -25.524454 4.919425 150.590412
v -25.523185 4.919180 153.670411
v -25.785074 3.290663 150.590412
v -25.783792 3.290499 153.670411
v -25.941867 1.648651 150.590412
v -25.940577 1.648569 153.670411
v -25.994202 0.000000 150.590412
v -25.992909 0.000000 153.670411
v -25.941867 -1.648651 150.590412
v -25.940577 -1.648569 153.670411
v -25.785074 -3.290663 150.590412
v -25.783792 -3.290499 153.670411
v -25.524454 -4.919425 150.590412
v -25.523185 -4.919180 153.670411
v -25.161055 -6.528378 150.590412
v -25.159805 -6.528053 153.670411
v -24.696343 -8.111043 150.590412
v -24.695115 -8.110640 153.670411
v -24.132187 -9.661049 150.590412
v -24.130987 -9.660568 153.670411
v -23.470860 -11.172152 150.590412
v -23.469693 -11.171597 153.670411
v -22.715024 -12.638270 150.590412
v -22.713894 -12.637641 153.670411
v -21.867723 -14.053497 150.590412
v -21.866635 -14.052798 153.670411
v -20.932368 -15.412136 150.590412
v -20.931327 -15.411370 153.670411
v -19.912726 -16.708716 150.590412
v -19.911736 -16.707885 153.670411
v -18.812904 -17.938015 150.590412
v -18.811968 -17.937123 153.670411
v -17.637328 -19.095085 150.590412
v -17.636451 -19.094135 153.670411
v -16.390733 -20.175265 150.590412
v -16.389918 -20.174262 153.670411
v -15.078139 -21.174207 150.590412
v -15.077390 -21.173154 153.670411
v -13.704831 -22.087888 150.590412
v -13.704150 -22.086790 153.670411
v -12.276338 -22.912629 150.590412
v 12.990241 22.499767 -317.481966
v 12.990871 22.500857 -320.481966
v 11.537065 23.278360 -317.481966
v 11.537624 23.279488 -320.481966
v 10.037432 23.963219 -317.481966
v 10.037919 23.964380 -320.481966
v 8.497382 24.551587 -317.481966
v 8.497794 24.552777 -320.481966
v 6.923116 25.041094 -317.481966
v 6.923452 25.042308 -320.481966
v 5.320973 25.429770 -317.481966
v 5.321231 25.431002 -320.481966
v 3.697405 25.716049 -317.481966
v 3.697584 25.717295 -320.481966
v 2.058948 25.898778 -317.481966
v 2.059048 25.900033 -320.481966
v 0.412201 25.977223 -317.481966
v 0.412221 25.978482 -320.481966
v -1.236207 25.951066 -317.481966
v -1.236266 25.952323 -320.481966
v -2.879636 25.820413 -317.481966
v -2.879775 25.821664 -320.481966
v -4.511470 25.585791 -317.481966
v -4.511688 25.587031 -320.481966
v -6.125138 25.248143 -317.481966
v -6.125435 25.249367 -320.481966
v -7.714143 24.808831 -317.481966
v -7.714516 24.810033 -320.481966
v -9.272085 24.269622 -317.481966
v -9.272534 24.270798 -320.481966
v -10.792692 23.632688 -317.481966
v -10.793214 23.633833 -320.481966
v -12.269840 22.900593 -317.481966
v -12.270434 22.901703 -320.481966
v -13.697582 22.076285 -317.481966
v -13.698246 22.077355 -320.481966
v -15.070169 21.163085 -317.481966
v -15.070899 21.164110 -320.481966
v -16.382074 20.164668 -317.481966
v -16.382868 20.165645 -320.481966
v -17.628014 19.085055 -317.481966
v -17.628868 19.085980 -320.481966
v -18.802972 17.928593 -317.481966
v -18.803883 17.929462 -320.481966
v -19.902217 16.699939 -317.481966
v -19.903181 16.700748 -320.481966
v -20.921323 15.404040 -317.481966
v -20.922337 15.404787 -320.481966
v -21.856186 14.046115 -317.481966
v -21.857245 14.046796 -320.481966
v -22.703042 12.631631 -317.481966
v -22.704142 12.632243 -320.481966
v -23.458481 11.166284 -317.481966
v -23.459618 11.166825 -320.481966
v -24.119461 9.655974 -317.481966
v -24.120630 9.656442 -320.481966
v -24.683321 8.106783 -317.481966
v -24.684517 8.107176 -320.481966
v -25.147789 6.524948 -317.481966
v -25.149008 6.525265 -320.481966
v -25.510996 4.916841 -317.481966
v -25.512232 4.917079 -320.481966
v -25.771480 3.288934 -317.481966
v -25.772728 3.289094 -320.481966
v -25.928191 1.647785 -317.481966
v -25.929447 1.647865 -320.481966
v -25.980498 0.000000 -317.481966
v -25.981757 0.000000 -320.481966
v -25.928191 -1.647785 -317.481966
v -25.929447 -1.647865 -320.481966
v -25.771480 -3.288934 -317.481966
v -25.772728 -3.289094 -320.481966
v -25.510996 -4.916841 -317.481966
v -25.512232 -4.917079 -320.481966
v -25.147789 -6.524948 -317.481966
v -25.149008 -6.525265 -320.481966
v -24.683321 -8.106783 -317.481966
v -24.684517 -8.107176 -320.481966
v -24.119461 -9.655974 -317.481966
v -24.120630 -9.656442 -320.481966
v -23.458481 -11.166284 -317.481966
v -23.459618 -11.166825 -320.481966
v -22.703042 -12.631631 -317.481966
v -22.704142 -12.632243 -320.481966
v -21.856186 -14.046115 -317.481966
v -21.857245 -14.046796 -320.481966
v -20.921323 -15.404040 -317.481966
v -20.922337 -15.404787 -320.481966
v -19.902217 -16.699939 -317.481966
v -19.903181 -16.700748 -320.481966
v -18.802972 -17.928593 -317.481966
v -18.803883 -17.929462 -320.481966
v -17.628014 -19.085055 -317.481966
v -17.628868 -19.085980 -320.481966
v -16.382074 -20.164668 -317.481966
v -16.382868 -20.165645 -320.481966
v -15.070169 -21.163085 -317.481966
v -15.070899 -21.164110 -320.481966
v -13.697582 -22.076285 -317.481966
v -13.698246 -22.077355 -320.481966
v -12.269840 -22.900593 -317.481966
v -12.270434 -22.901703 -320.481966
v -10.792692 -23.632688 -317.481966
v -10.793214 -23.633833 -320.481966
v -9.272085 -24.269622 -317.481966
v -9.272534 -24.270798 -320.481966
v -7.714143 -24.808831 -317.481966
v -7.714516 -24.810033 -320.481966
v -6.125138 -25.248143 -317.481966
v -6.125435 -25.249367 -320.481966
v -4.511470 -25.585791 -317.481966
v -4.511688 -25.587031 -320.481966
v -2.879636 -25.820413 -317.481966
v -2.879775 -25.821664 -320.481966
v -1.236207 -25.951066 -317.481966
v -1.236266 -25.952323 -320.481966
v 0.412201 -25.977223 -317.481966
v 0.412221 -25.978482 -320.481966
v 2.058948 -25.898778 -317.481966
v 2.059048 -25.900033 -320.481966
v 3.697405 -25.716049 -317.481966
v 3.697584 -25.717295 -320.481966
v 5.320973 -25.429770 -317.481966
v 5.321231 -25.431002 -320.481966
v 6.923116 -25.041094 -317.481966
v 6.923452 -25.042308 -320.481966
v 8.497382 -24.551587 -317.481966
v 8.497794 -24.552777 -320.481966
v 10.037432 -23.963219 -317.481966
v 10.037919 -23.964380 -320.481966
v 11.537065 -23.278360 -317.481966
v 11.537624 -23.279488 -320.481966
v 12.990241 -22.499767 -317.481966
v 12.990871 -22.500857 -320.481966
v 14.391111 -21.630575 -317.481966
v 14.391809 -21.631623 -320.481966
v 15.734033 -20.674285 -317.481966
v 15.734796 -20.675287 -320.481966
v 17.013600 -19.634746 -317.481966
v 17.014425 -19.635698 -320.481966
v 18.224658 -18.516146 -317.481966
v 18.225542 -18.517043 -320.481966
v 19.362333 -17.322987 -317.481966
v 19.363271 -17.323827 -320.481966
v 20.422042 -16.060075 -317.481966
v 20.423032 -16.060853 -320.481966
v 21.399519 -14.732495 -317.481966
v 21.400556 -14.733209 -320.481966
v 22.290827 -13.345592 -317.481966
v 22.291908 -13.346239 -320.481966
v 23.092378 -11.904951 -317.481966
v 23.093498 -11.905528 -320.481966
v 23.800944 -10.416373 -317.481966
v 23.802098 -10.416878 -320.481966
v 24.413672 -8.885852 -317.481966
v 24.414856 -8.886283 -320.481966
v 24.928095 -7.319551 -317.481966
v 24.929304 -7.319905 -320.481966
v 25.342142 -5.723776 -317.481966
v 25.343370 -5.724054 -320.481966
v 25.654144 -4.104954 -317.481966
v 25.655388 -4.105153 -320.481966
v 25.862846 -2.469603 -317.481966
v 25.864100 -2.469723 -320.481966
v 25.967408 -0.824307 -317.481966
v 25.968667 -0.824347 -320.481966
v 25.967408 0.824307 -317.481966
v 25.968667 0.824347 -320.481966
v 25.862846 2.469603 -317.481966
v 25.864100 2.469723 -320.481966
v 25.654144 4.104954 -317.481966
v 25.655388 4.105153 -320.481966
v 25.342142 5.723776 -317.481966
v 25.343370 5.724054 -320.481966
v 24.928095 7.319551 -317.481966
v 24.929304 7.319905 -320.481966
v 24.413672 8.885852 -317.481966
v 24.414856 8.886283 -320.481966
v 23.800944 10.416373 -317.481966
v 23.802098 10.416878 -320.481966
v 23.092378 11.904951 -317.481966
v 23.093498 11.905528 -320.481966
v 22.290827 13.345592 -317.481966
v 22.291908 13.346239 -320.481966
v 21.399519 14.732495 -317.481966
v 21.400556 14.733209 -320.481966
v 20.422042 16.060075 -317.481966
v 20.423032 16.060853 -320.481966
v 19.362333 17.322987 -317.481966
v 19.363271 17.323827 -320.481966
v 18.224658 18.516146 -317.481966
v 18.225542 18.517043 -320.481966
v 17.013600 19.634746 -317.481966
v 17.014425 19.635698 -320.481966
v 15.734033 20.674285 -317.481966
v 15.734796 20.675287 -320.481966
v 14.391111 21.630575 -317.481966
v 14.391809 21.631623 -320.481966
v 21.384877 14.722418 -275.142648
v 21.385915 14.723132 -278.142648
v 22.275576 13.336464 -275.142648
v 22.276657 13.337111 -278.142648
v 23.076579 11.896808 -275.142648
v 23.077699 11.897385 -278.142648
v 23.784661 10.409248 -275.142648
v 23.785814 10.409753 -278.142648
v 24.396970 8.879774 -275.142648
v 24.398153 8.880205 -278.142648
v 24.911041 7.314544 -275.142648
v 24.912249 7.314899 -278.142648
v 25.324804 5.719861 -275.142648
v 25.326032 5.720139 -278.142648
v 25.636593 4.102146 -275.142648
v 25.637836 4.102345 -278.142648
v 25.845152 2.467914 -275.142648
v 25.846406 2.468033 -278.142648
v 25.949642 0.823744 -275.142648
v 25.950901 0.823783 -278.142648
v 25.949642 -0.823744 -275.142648
v 25.950901 -0.823783 -278.142648
v 25.845152 -2.467914 -275.142648
v 25.846406 -2.468033 -278.142648
v 25.636593 -4.102146 -275.142648
v 25.637836 -4.102345 -278.142648
v 25.324804 -5.719861 -275.142648
v 25.326032 -5.720139 -278.142648
v 24.911041 -7.314544 -275.142648
v 24.912249 -7.314899 -278.142648
v 24.396970 -8.879774 -275.142648
v 24.398153 -8.880205 -278.142648
v 23.784661 -10.409248 -275.142648
v 23.785814 -10.409753 -278.142648
v 23.076579 -11.896808 -275.142648
v 23.077699 -11.897385 -278.142648
v 22.275576 -13.336464 -275.142648
v 22.276657 -13.337111 -278.142648
v 21.384877 -14.722418 -275.142648
v 21.385915 -14.723132 -278.142648
v 20.408069 -16.049090 -275.142648
v 20.409059 -16.049869 -278.142648
v 19.349085 -17.311139 -275.142648
v 19.350024 -17.311978 -278.142648
v 18.212189 -18.503481 -275.142648
v 18.213072 -18.504379 -278.142648
v 17.001958 -19.621317 -275.142648
v 17.002783 -19.622268 -278.142648
v 15.723267 -20.660144 -275.142648
v 15.724030 -20.661146 -278.142648
v 14.381264 -21.615780 -275.142648
v 14.381961 -21.616829 -278.142648
v 12.981352 -22.484378 -275.142648
v 12.981982 -22.485468 -278.142648
v 11.529169 -23.262438 -275.142648
v 11.529728 -23.263566 -278.142648
v 10.030562 -23.946829 -275.142648
v 10.031049 -23.947990 -278.142648
v 8.491566 -24.534794 -275.142648
v 8.491978 -24.535984 -278.142648
v 6.918376 -25.023967 -275.142648
v 6.918712 -25.025180 -278.142648
v 5.317329 -25.412377 -275.142648
v 5.317588 -25.413609 -278.142648
v 3.694871 -25.698460 -275.142648
v 3.695051 -25.699706 -278.142648
v 2.057535 -25.881064 -275.142648
v 2.057635 -25.882319 -278.142648
v 0.411914 -25.959455 -275.142648
v 0.411935 -25.960714 -278.142648
v -1.235365 -25.933316 -275.142648
v -1.235425 -25.934574 -278.142648
v -2.877671 -25.802753 -275.142648
v -2.877810 -25.804004 -278.142648
v -4.508389 -25.568291 -275.142648
v -4.508607 -25.569531 -278.142648
v -6.120953 -25.230874 -275.142648
v -6.121250 -25.232098 -278.142648
v -7.708871 -24.791862 -275.142648
v -7.709244 -24.793065 -278.142648
v -9.265747 -24.253022 -275.142648
v -9.266196 -24.254198 -278.142648
v -10.785314 -23.616523 -275.142648
v -10.785837 -23.617669 -278.142648
v -12.261452 -22.884929 -275.142648
v -12.262047 -22.886039 -278.142648
v -13.688218 -22.061186 -275.142648
v -13.688882 -22.062256 -278.142648
v -15.059866 -21.148610 -275.142648
v -15.060596 -21.149635 -278.142648
v -16.370874 -20.150876 -275.142648
v -16.371667 -20.151853 -278.142648
v -17.615961 -19.072001 -275.142648
v -17.616815 -19.072926 -278.142648
v -18.790116 -17.916330 -275.142648
v -18.791027 -17.917199 -278.142648
v -19.888609 -16.688517 -275.142648
v -19.889573 -16.689326 -278.142648
v -20.907018 -15.393504 -275.142648
v -20.908032 -15.394251 -278.142648
v -21.841242 -14.036508 -275.142648
v -21.842301 -14.037188 -278.142648
v -22.687519 -12.622991 -275.142648
v -22.688619 -12.623603 -278.142648
v -23.442441 -11.158646 -275.142648
v -23.443577 -11.159187 -278.142648
v -24.102969 -9.649369 -275.142648
v -24.104137 -9.649837 -278.142648
v -24.666443 -8.101238 -275.142648
v -24.667638 -8.101631 -278.142648
v -25.130593 -6.520486 -275.142648
v -25.131812 -6.520802 -278.142648
v -25.493552 -4.913478 -275.142648
v -25.494788 -4.913716 -278.142648
v -25.753857 -3.286685 -275.142648
v -25.755106 -3.286844 -278.142648
v -25.910461 -1.646658 -275.142648
v -25.911717 -1.646738 -278.142648
v -25.962732 0.000000 -275.142648
v -25.963991 0.000000 -278.142648
v -25.910461 1.646658 -275.142648
v -25.911717 1.646738 -278.142648
v -25.753857 3.286685 -275.142648
v -25.755106 3.286844 -278.142648
v -25.493552 4.913478 -275.142648
v -25.494788 4.913716 -278.142648
v -25.130593 6.520486 -275.142648
v -25.131812 6.520802 -278.142648
v -24.666443 8.101238 -275.142648
v -24.667638 8.101631 -278.142648
v -24.102969 9.649369 -275.142648
v -24.104137 9.649837 -278.142648
v -23.442441 11.158646 -275.142648
v -23.443577 11.159187 -278.142648
v -22.687519 12.622991 -275.142648
v -22.688619 12.623603 -278.142648
v -21.841242 14.036508 -275.142648
v -21.842301 14.037188 -278.142648
v -20.907018 15.393504 -275.142648
v -20.908032 15.394251 -278.142648
v -19.888609 16.688517 -275.142648
v -19.889573 16.689326 -278.142648
v -18.790116 17.916330 -275.142648
v -18.791027 17.917199 -278.142648
v -17.615961 19.072001 -275.142648
v -17.616815 19.072926 -278.142648
v -16.370874 20.150876 -275.142648
v -16.371667 20.151853 -278.142648
v -15.059866 21.148610 -275.142648
v -15.060596 21.149635 -278.142648
v -13.688218 22.061186 -275.142648
v -13.688882 22.062256 -278.142648
v -12.261452 22.884929 -275.142648
v -12.262047 22.886039 -278.142648
v -10.785314 23.616523 -275.142648
v -10.785837 23.617669 -278.142648
v -9.265747 24.253022 -275.142648
v -9.266196 24.254198 -278.142648
v -7.708871 24.791862 -275.142648
v -7.709244 24.793065 -278.142648
v -6.120953 25.230874 -275.142648
v -6.121250 25.232098 -278.142648
v -4.508389 25.568291 -275.142648
v -4.508607 25.569531 -278.142648
v -2.877671 25.802753 -275.142648
v -2.877810 25.804004 -278.142648
v -1.235365 25.933316 -275.142648
v -1.235425 25.934574 -278.142648
v 0.411914 25.959455 -275.142648
v 0.411935 25.960714 -278.142648
v 2.057535 25.881064 -275.142648
v 2.057635 25.882319 -278.142648
v 3.694871 25.698460 -275.142648
v 3.695051 25.699706 -278.142648
v 5.317329 25.412377 -275.142648
v 5.317588 25.413609 -278.142648
v 6.918376 25.023967 -275.142648
v 6.918712 25.025180 -278.142648
v 8.491566 24.534794 -275.142648
v 8.491978 24.535984 -278.142648
v 10.030562 23.946829 -275.142648
v 10.031049 23.947990 -278.142648
v 11.529169 23.262438 -275.142648
v 11.529728 23.263566 -278.142648
v 12.981352 22.484378 -275.142648
v 12.981982 22.485468 -278.142648
v 14.381264 21.615780 -275.142648
v 14.381961 21.616829 -278.142648
v 15.723267 20.660144 -275.142648
v 15.724030 20.661146 -278.142648
v 17.001958 19.621317 -275.142648
v 17.002783 19.622268 -278.142648
v 18.212189 18.503481 -275.142648
v 18.213072 18.504379 -278.142648
v 19.349085 17.311139 -275.142648
v 19.350024 17.311978 -278.142648
v 20.408069 16.049090 -275.142648
v 20.409059 16.049869 -278.142648
v 13.105299 22.699053 -317.481870
v 13.105929 22.700143 -320.481869
v 11.639251 23.484542 -317.481870
v 11.639811 23.485670 -320.481869
v 10.126336 24.175467 -317.481870
v 10.126823 24.176629 -320.481869
v 8.572645 24.769047 -317.481870
v 8.573058 24.770236 -320.481869
v 6.984436 25.262890 -317.481870
v 6.984772 25.264103 -320.481869
v 5.368103 25.655008 -317.481870
v 5.368361 25.656240 -320.481869
v 3.730154 25.943822 -317.481870
v 3.730333 25.945069 -320.481869
v 2.077185 26.128170 -317.481870
v 2.077285 26.129426 -320.481869
v 0.415852 26.207309 -317.481870
v 0.415872 26.208568 -320.481869
v -1.247156 26.180921 -317.481870
v -1.247215 26.182179 -320.481869
v -2.905142 26.049111 -317.481870
v -2.905281 26.050362 -320.481869
v -4.551429 25.812411 -317.481870
v -4.551648 25.813651 -320.481869
v -6.179390 25.471773 -317.481870
v -6.179687 25.472996 -320.481869
v -7.782469 25.028569 -317.481870
v -7.782842 25.029771 -320.481869
v -9.354210 24.484584 -317.481870
v -9.354659 24.485760 -320.481869
v -10.888285 23.842008 -317.481870
v -10.888808 23.843154 -320.481869
v -12.378517 23.103429 -317.481870
v -12.379112 23.104539 -320.481869
v -13.818905 22.271821 -317.481870
v -13.819569 22.272891 -320.481869
v -15.203650 21.350531 -317.481870
v -15.204380 21.351557 -320.481869
v -16.527174 20.343271 -317.481870
v -16.527968 20.344248 -320.481869
v -17.784150 19.254096 -317.481870
v -17.785004 19.255021 -320.481869
v -18.969515 18.087391 -317.481870
v -18.970425 18.088260 -320.481869
v -20.078496 16.847854 -317.481870
v -20.079460 16.848664 -320.481869
v -21.106628 15.540478 -317.481870
v -21.107642 15.541224 -320.481869
v -22.049772 14.170525 -317.481870
v -22.050831 14.171206 -320.481869
v -22.904129 12.743512 -317.481870
v -22.905229 12.744125 -320.481869
v -23.666259 11.265186 -317.481870
v -23.667396 11.265727 -320.481869
v -24.333093 9.741499 -317.481870
v -24.334262 9.741967 -320.481869
v -24.901947 8.178587 -317.481870
v -24.903143 8.178979 -320.481869
v -25.370530 6.582742 -317.481870
v -25.371748 6.583058 -320.481869
v -25.736954 4.960390 -317.481870
v -25.738190 4.960629 -320.481869
v -25.999744 3.318065 -317.481870
v -26.000993 3.318225 -320.481869
v -26.157843 1.662380 -317.481870
v -26.159099 1.662459 -320.481869
v -26.210614 0.000000 -317.481870
v -26.211872 0.000000 -320.481869
v -26.157843 -1.662380 -317.481870
v -26.159099 -1.662459 -320.481869
v -25.999744 -3.318065 -317.481870
v -26.000993 -3.318225 -320.481869
v -25.736954 -4.960390 -317.481870
v -25.738190 -4.960629 -320.481869
v -25.370530 -6.582742 -317.481870
v -25.371748 -6.583058 -320.481869
v -24.901947 -8.178587 -317.481870
v -24.903143 -8.178979 -320.481869
v -24.333093 -9.741499 -317.481870
v -24.334262 -9.741967 -320.481869
v -23.666259 -11.265186 -317.481870
v -23.667396 -11.265727 -320.481869
v -22.904129 -12.743512 -317.481870
v -22.905229 -12.744125 -320.481869
v -22.049772 -14.170525 -317.481870
v -22.050831 -14.171206 -320.481869
v -21.106628 -15.540478 -317.481870
v -21.107642 -15.541224 -320.481869
v -20.078496 -16.847854 -317.481870
v -20.079460 -16.848664 -320.481869
v -18.969515 -18.087391 -317.481870
v -18.970425 -18.088260 -320.481869
v -17.784150 -19.254096 -317.481870
v -17.785004 -19.255021 -320.481869
v -16.527174 -20.343271 -317.481870
v -16.527968 -20.344248 -320.481869
v -15.203650 -21.350531 -317.481870
v -15.204380 -21.351557 -320.481869
v -13.818905 -22.271821 -317.481870
v -13.819569 -22.272891 -320.481869
v -12.378517 -23.103429 -317.481870
v -12.379112 -23.104539 -320.481869
v -10.888285 -23.842008 -317.481870
v -10.888808 -23.843154 -320.481869
v -9.354210 -24.484584 -317.481870
v -9.354659 -24.485760 -320.481869
v -7.782469 -25.028569 -317.481870
v -7.782842 -25.029771 -320.481869
v -6.179390 -25.471773 -317.481870
v -6.179687 -25.472996 -320.481869
v -4.551429 -25.812411 -317.481870
v -4.551648 -25.813651 -320.481869
v -2.905142 -26.049111 -317.481870
v -2.905281 -26.050362 -320.481869
v -1.247156 -26.180921 -317.481870
v -1.247215 -26.182179 -320.481869
v 0.415852 -26.207309 -317.481870
v 0.415872 -26.208568 -320.481869
v 2.077185 -26.128170 -317.481870
v 2.077285 -26.129426 -320.481869
v 3.730154 -25.943822 -317.481870
v 3.730333 -25.945069 -320.481869
v 5.368103 -25.655008 -317.481870
v 5.368361 -25.656240 -320.481869
v 6.984436 -25.262890 -317.481870
v 6.984772 -25.264103 -320.481869
v 8.572645 -24.769047 -317.481870
v 8.573058 -24.770236 -320.481869
v 10.126336 -24.175467 -317.481870
v 10.126823 -24.176629 -320.481869
v 11.639251 -23.484542 -317.481870
v 11.639811 -23.485670 -320.481869
v 13.105299 -22.699053 -317.481870
v 13.105929 -22.700143 -320.481869
v 14.518577 -21.822163 -317.481870
v 14.519275 -21.823211 -320.481869
v 15.873394 -20.857402 -317.481870
v 15.874156 -20.858404 -320.481869
v 17.164294 -19.808656 -317.481870
v 17.165118 -19.809608 -320.481869
v 18.386079 -18.680148 -317.481870
v 18.386962 -18.681045 -320.481869
v 19.533830 -17.476421 -317.481870
v 19.534769 -17.477261 -320.481869
v 20.602925 -16.202323 -317.481870
v 20.603915 -16.203102 -320.481869
v 21.589060 -14.862984 -317.481870
v 21.590097 -14.863698 -320.481869
v 22.488263 -13.463797 -317.481870
v 22.489343 -13.464444 -320.481869
v 23.296913 -12.010396 -317.481870
v 23.298033 -12.010973 -320.481869
v 24.011755 -10.508633 -317.481870
v 24.012909 -10.509138 -320.481869
v 24.629911 -8.964556 -317.481870
v 24.631094 -8.964987 -320.481869
v 25.148890 -7.384382 -317.481870
v 25.150098 -7.384737 -320.481869
v 25.566603 -5.774473 -317.481870
v 25.567832 -5.774751 -320.481869
v 25.881369 -4.141313 -317.481870
v 25.882613 -4.141512 -320.481869
v 26.091920 -2.491477 -317.481870
v 26.093174 -2.491596 -320.481869
v 26.197408 -0.831608 -317.481870
v 26.198667 -0.831648 -320.481869
v 26.197408 0.831608 -317.481870
v 26.198667 0.831648 -320.481869
v 26.091920 2.491477 -317.481870
v 26.093174 2.491596 -320.481869
v 25.881369 4.141313 -317.481870
v 25.882613 4.141512 -320.481869
v 25.566603 5.774473 -317.481870
v 25.567832 5.774751 -320.481869
v 25.148890 7.384382 -317.481870
v 25.150098 7.384737 -320.481869
v 24.629911 8.964556 -317.481870
v 24.631094 8.964987 -320.481869
v 24.011755 10.508633 -317.481870
v 24.012909 10.509138 -320.481869
v 23.296913 12.010396 -317.481870
v 23.298033 12.010973 -320.481869
v 22.488263 13.463797 -317.481870
v 22.489343 13.464444 -320.481869
v 21.589060 14.862984 -317.481870
v 21.590097 14.863698 -320.481869
v 20.602925 16.202323 -317.481870
v 20.603915 16.203102 -320.481869
v 19.533830 17.476421 -317.481870
v 19.534769 17.477261 -320.481869
v 18.386079 18.680148 -317.481870
v 18.386962 18.681045 -320.481869
v 17.164294 19.808656 -317.481870
v 17.165118 19.809608 -320.481869
v 15.873394 20.857402 -317.481870
v 15.874156 20.858404 -320.481869
v 14.518577 21.822163 -317.481870
v 14.519275 21.823211 -320.481869
v 21.574418 14.852908 -275.142552
v 21.575456 14.853622 -278.142551
v 22.473012 13.454669 -275.142552
v 22.474092 13.455316 -278.142551
v 23.281114 12.002253 -275.142552
v 23.282234 12.002830 -278.142551
v 23.995472 10.501509 -275.142552
v 23.996625 10.502014 -278.142551
v 24.613208 8.958478 -275.142552
v 24.614391 8.958909 -278.142551
v 25.131835 7.379375 -275.142552
v 25.133044 7.379730 -278.142551
v 25.549266 5.770558 -275.142552
v 25.550494 5.770836 -278.142551
v 25.863818 4.138505 -275.142552
v 25.865062 4.138704 -278.142551
v 26.074226 2.489788 -275.142552
v 26.075480 2.489907 -278.142551
v 26.179642 0.831045 -275.142552
v 26.180901 0.831085 -278.142551
v 26.179642 -0.831045 -275.142552
v 26.180901 -0.831085 -278.142551
v 26.074226 -2.489788 -275.142552
v 26.075480 -2.489907 -278.142551
v 25.863818 -4.138505 -275.142552
v 25.865062 -4.138704 -278.142551
v 25.549266 -5.770558 -275.142552
v 25.550494 -5.770836 -278.142551
v 25.131835 -7.379375 -275.142552
v 25.133044 -7.379730 -278.142551
v 24.613208 -8.958478 -275.142552
v 24.614391 -8.958909 -278.142551
v 23.995472 -10.501509 -275.142552
v 23.996625 -10.502014 -278.142551
v 23.281114 -12.002253 -275.142552
v 23.282234 -12.002830 -278.142551
v 22.473012 -13.454669 -275.142552
v 22.474092 -13.455316 -278.142551
v 21.574418 -14.852908 -275.142552
v 21.575456 -14.853622 -278.142551
v 20.588953 -16.191339 -275.142552
v 20.589943 -16.192117 -278.142551
v 19.520582 -17.464573 -275.142552
v 19.521521 -17.465412 -278.142551
v 18.373609 -18.667483 -275.142552
v 18.374493 -18.668381 -278.142551
v 17.152652 -19.795227 -275.142552
v 17.153477 -19.796178 -278.142551
v 15.862627 -20.843262 -275.142552
v 15.863390 -20.844263 -278.142551
v 14.508730 -21.807368 -275.142552
v 14.509427 -21.808416 -278.142551
v 13.096410 -22.683664 -275.142552
v 13.097040 -22.684754 -278.142551
v 11.631356 -23.468620 -275.142552
v 11.631915 -23.469749 -278.142551
v 10.119466 -24.159077 -275.142552
v 10.119953 -24.160239 -278.142551
v 8.566829 -24.752254 -275.142552
v 8.567241 -24.753444 -278.142551
v 6.979696 -25.245762 -275.142552
v 6.980032 -25.246976 -278.142551
v 5.364459 -25.637615 -275.142552
v 5.364717 -25.638847 -278.142551
v 3.727620 -25.926233 -275.142552
v 3.727800 -25.927480 -278.142551
v 2.075772 -26.110456 -275.142552
v 2.075872 -26.111712 -278.142551
v 0.415565 -26.189542 -275.142552
v 0.415586 -26.190801 -278.142551
v -1.246315 -26.163171 -275.142552
v -1.246374 -26.164429 -278.142551
v -2.903176 -26.031451 -275.142552
v -2.903316 -26.032702 -278.142551
v -4.548348 -25.794911 -275.142552
v -4.548566 -25.796151 -278.142551
v -6.175205 -25.454504 -275.142552
v -6.175502 -25.455727 -278.142551
v -7.777197 -25.011600 -275.142552
v -7.777570 -25.012803 -278.142551
v -9.347873 -24.467984 -275.142552
v -9.348322 -24.469160 -278.142551
v -10.880908 -23.825844 -275.142552
v -10.881431 -23.826989 -278.142551
v -12.370129 -23.087766 -275.142552
v -12.370724 -23.088876 -278.142551
v -13.809541 -22.256721 -275.142552
v -13.810205 -22.257791 -278.142551
v -15.193346 -21.336057 -275.142552
v -15.194076 -21.337082 -278.142551
v -16.515974 -20.329479 -275.142552
v -16.516767 -20.330456 -278.142551
v -17.772097 -19.241042 -275.142552
v -17.772951 -19.241967 -278.142551
v -18.956658 -18.075128 -275.142552
v -18.957569 -18.075997 -278.142551
v -20.064888 -16.836432 -275.142552
v -20.065852 -16.837242 -278.142551
v -21.092323 -15.529942 -275.142552
v -21.093337 -15.530688 -278.142551
v -22.034827 -14.160918 -275.142552
v -22.035886 -14.161598 -278.142551
v -22.888605 -12.734873 -275.142552
v -22.889705 -12.735485 -278.142551
v -23.650219 -11.257549 -275.142552
v -23.651355 -11.258090 -278.142551
v -24.316601 -9.734895 -275.142552
v -24.317770 -9.735363 -278.142551
v -24.885069 -8.173042 -275.142552
v -24.886265 -8.173435 -278.142551
v -25.353334 -6.578279 -275.142552
v -25.354552 -6.578595 -278.142551
v -25.719509 -4.957027 -275.142552
v -25.720745 -4.957266 -278.142551
v -25.982122 -3.315816 -275.142552
v -25.983370 -3.315975 -278.142551
v -26.140113 -1.661252 -275.142552
v -26.141370 -1.661332 -278.142551
v -26.192848 0.000000 -275.142552
v -26.194107 0.000000 -278.142551
v -26.140113 1.661252 -275.142552
v -26.141370 1.661332 -278.142551
v -25.982122 3.315816 -275.142552
v -25.983370 3.315975 -278.142551
v -25.719509 4.957027 -275.142552
v -25.720745 4.957266 -278.142551
v -25.353334 6.578279 -275.142552
v -25.354552 6.578595 -278.142551
v -24.885069 8.173042 -275.142552
v -24.886265 8.173435 -278.142551
v -24.316601 9.734895 -275.142552
v -24.317770 9.735363 -278.142551
v -23.650219 11.257549 -275.142552
v -23.651355 11.258090 -278.142551
v -22.888605 12.734873 -275.142552
v -22.889705 12.735485 -278.142551
v -22.034827 14.160918 -275.142552
v -22.035886 14.161598 -278.142551
v -21.092323 15.529942 -275.142552
v -21.093337 15.530688 -278.142551
v -20.064888 16.836432 -275.142552
v -20.065852 16.837242 -278.142551
v -18.956658 18.075128 -275.142552
v -18.957569 18.075997 -278.142551
v -17.772097 19.241042 -275.142552
v -17.772951 19.241967 -278.142551
v -16.515974 20.329479 -275.142552
v -16.516767 20.330456 -278.142551
v -15.193346 21.336057 -275.142552
v -15.194076 21.337082 -278.142551
v -13.809541 22.256721 -275.142552
v -13.810205 22.257791 -278.142551
v -12.370129 23.087766 -275.142552
v -12.370724 23.088876 -278.142551
v -10.880908 23.825844 -275.142552
v -10.881431 23.826989 -278.142551
v -9.347873 24.467984 -275.142552
v -9.348322 24.469160 -278.142551
v -7.777197 25.011600 -275.142552
v -7.777570 25.012803 -278.142551
v -6.175205 25.454504 -275.142552
v -6.175502 25.455727 -278.142551
v -4.548348 25.794911 -275.142552
v -4.548566 25.796151 -278.142551
v -2.903176 26.031451 -275.142552
v -2.903316 26.032702 -278.142551
v -1.246315 26.163171 -275.142552
v -1.246374 26.164429 -278.142551
v 0.415565 26.189542 -275.142552
v 0.415586 26.190801 -278.142551
v 2.075772 26.110456 -275.142552
v 2.075872 26.111712 -278.142551
v 3.727620 25.926233 -275.142552
v 3.727800 25.927480 -278.142551
v 5.364459 25.637615 -275.142552
v 5.364717 25.638847 -278.142551
v 6.979696 25.245762 -275.142552
v 6.980032 25.246976 -278.142551
v 8.566829 24.752254 -275.142552
v 8.567241 24.753444 -278.142551
v 10.119466 24.159077 -275.142552
v 10.119953 24.160239 -278.142551
v 11.631356 23.468620 -275.142552
v 11.631915 23.469749 -278.142551
v 13.096410 22.683664 -275.142552
v 13.097040 22.684754 -278.142551
v 14.508730 21.807368 -275.142552
v 14.509427 21.808416 -278.142551
v 15.862627 20.843262 -275.142552
v 15.863390 20.844263 -278.142551
v 17.152652 19.795227 -275.142552
v 17.153477 19.796178 -278.142551
v 18.373609 18.667483 -275.142552
v 18.374493 18.668381 -278.142551
v 19.520582 17.464573 -275.142552
v 19.521521 17.465412 -278.142551
v 20.588953 16.191339 -275.142552
# 4643 vertices

vn 0.000000 -0.734262 -0.678866
vn 0.000000 0.000000 -1.000000
vn -1.000000 0.000000 0.000000
vn 0.000000 0.768423 0.639942
vn 0.000000 0.940325 0.340277
vn 0.000000 -1.000000 0.000000
vn 1.000000 0.000000 0.000000
vn 0.000000 1.000000 0.000000
vn 0.734262 0.000000 -0.678866
vn -0.768423 0.000000 0.639942
vn -0.940325 0.000000 0.340277
vn 0.000000 0.734262 -0.678866
vn 0.000000 -0.768423 0.639942
vn 0.000000 -0.940325 0.340277
vn -0.734262 0.000000 -0.678866
vn 0.768423 0.000000 0.639942
vn 0.940325 0.000000 0.340277
vn 1.000000 0.000000 -0.000000
vn 0.000000 0.576511 0.817089
vn 0.000000 0.390507 -0.920600
vn -0.000000 1.000000 0.000000
vn -0.576511 0.000000 0.817089
vn -0.390507 0.000000 -0.920600
vn -1.000000 -0.000000 0.000000
vn 0.000000 -0.576511 0.817089
vn 0.000000 -0.390507 -0.920600
vn 0.576511 0.000000 0.817089
vn 0.390507 0.000000 -0.920600
vn 1.000000 0.000000 -0.000000
vn 0.000000 0.832513 0.554005
vn 0.000000 -0.349450 -0.936955
vn -0.832513 0.000000 0.554005
vn 0.349450 0.000000 -0.936955
vn -1.000000 -0.000000 0.000000
vn 0.000000 -0.832513 0.554005
vn 0.000000 0.349450 -0.936955
vn 0.832513 0.000000 0.554005
vn -0.349450 0.000000 -0.936955
vn -0.000328 -0.000226 1.000000
vn -0.000313 -0.000246 1.000000
vn -1.000000 0.000000 0.000420
vn -0.997987 -0.063424 0.000420
vn -0.122895 -0.000000 0.992420
vn 0.000000 0.000000 1.000000
vn -0.122647 -0.007794 0.992420
vn 0.000313 0.000246 -1.000000
vn 0.000328 0.000226 -1.000000
vn -0.991955 -0.126593 0.000420
vn -0.121906 -0.015558 0.992420
vn -0.000297 -0.000265 1.000000
vn -0.981929 -0.189251 0.000420
vn -0.120674 -0.023258 0.992420
vn 0.000297 0.000265 -1.000000
vn -0.967949 -0.251148 0.000420
vn -0.118956 -0.030865 0.992420
vn -0.000279 -0.000284 1.000000
vn -0.950071 -0.312033 0.000420
vn -0.116759 -0.038347 0.992420
vn 0.000279 0.000284 -1.000000
vn -0.928368 -0.371663 0.000420
vn -0.114091 -0.045675 0.992420
vn -0.000261 -0.000301 1.000000
vn -0.902926 -0.429795 0.000420
vn -0.110965 -0.052820 0.992420
vn 0.000261 0.000301 -1.000000
vn -0.873849 -0.486197 0.000420
vn -0.107391 -0.059751 0.992420
vn -0.000241 -0.000317 1.000000
vn -0.841254 -0.540641 0.000420
vn -0.103386 -0.066442 0.992420
vn 0.000241 0.000317 -1.000000
vn -0.805270 -0.592908 0.000420
vn -0.098963 -0.072865 0.992420
vn -0.000220 -0.000331 1.000000
vn -0.766044 -0.642788 0.000420
vn -0.094143 -0.078995 0.992420
vn 0.000220 0.000331 -1.000000
vn -0.723734 -0.690079 0.000420
vn -0.088943 -0.084807 0.992420
vn -0.000199 -0.000345 1.000000
vn -0.678509 -0.734592 0.000420
vn -0.083385 -0.090277 0.992420
vn 0.000199 0.000345 -1.000000
vn -0.630552 -0.776146 0.000420
vn -0.077492 -0.095384 0.992420
vn -0.000177 -0.000356 1.000000
vn -0.580057 -0.814576 0.000420
vn -0.071286 -0.100107 0.992420
vn 0.000177 0.000356 -1.000000
vn -0.527226 -0.849725 0.000420
vn -0.064793 -0.104427 0.992420
vn -0.000154 -0.000367 1.000000
vn -0.472271 -0.881453 0.000420
vn -0.058040 -0.108326 0.992420
vn 0.000154 0.000367 -1.000000
vn -0.415415 -0.909632 0.000420
vn -0.051052 -0.111789 0.992420
vn -0.000130 -0.000376 1.000000
vn -0.356886 -0.934148 0.000420
vn -0.043859 -0.114802 0.992420
vn 0.000130 0.000376 -1.000000
vn -0.296921 -0.954902 0.000420
vn -0.036490 -0.117352 0.992420
vn -0.000106 -0.000383 1.000000
vn -0.235759 -0.971812 0.000420
vn -0.028973 -0.119430 0.992420
vn 0.000106 0.000383 -1.000000
vn -0.173648 -0.984808 0.000420
vn -0.021340 -0.121028 0.992420
vn -0.000081 -0.000389 1.000000
vn -0.110838 -0.993838 0.000420
vn -0.013621 -0.122137 0.992420
vn 0.000081 0.000389 -1.000000
vn -0.047582 -0.998867 0.000420
vn -0.005848 -0.122755 0.992420
vn -0.000057 -0.000394 1.000000
vn 0.015866 -0.999874 0.000420
vn 0.001950 -0.122879 0.992420
vn 0.000057 0.000394 -1.000000
vn 0.079250 -0.996855 0.000420
vn 0.009739 -0.122508 0.992420
vn -0.000032 -0.000397 1.000000
vn 0.142315 -0.989821 0.000420
vn 0.017490 -0.121644 0.992420
vn 0.000032 0.000397 -1.000000
vn 0.204806 -0.978803 0.000420
vn 0.025170 -0.120290 0.992420
vn -0.000006 -0.000398 1.000000
vn 0.266474 -0.963842 0.000420
vn 0.032748 -0.118451 0.992420
vn 0.000006 0.000398 -1.000000
vn 0.327068 -0.945001 0.000420
vn 0.040195 -0.116136 0.992420
vn 0.000019 -0.000397 1.000000
vn 0.386345 -0.922354 0.000420
vn 0.047480 -0.113352 0.992420
vn -0.000019 0.000397 -1.000000
vn 0.444067 -0.895994 0.000420
vn 0.054573 -0.110113 0.992420
vn 0.000044 -0.000395 1.000000
vn 0.500000 -0.866025 0.000420
vn 0.061447 -0.106430 0.992420
vn -0.000044 0.000395 -1.000000
vn 0.553920 -0.832570 0.000420
vn 0.068074 -0.102318 0.992420
vn 0.000069 -0.000392 1.000000
vn 0.605610 -0.795762 0.000420
vn 0.074426 -0.097795 0.992420
vn -0.000069 0.000392 -1.000000
vn 0.654861 -0.755750 0.000420
vn 0.080479 -0.092878 0.992420
vn 0.000094 -0.000387 1.000000
vn 0.701475 -0.712694 0.000420
vn 0.086207 -0.087586 0.992420
vn -0.000094 0.000387 -1.000000
vn 0.745264 -0.666769 0.000420
vn 0.091589 -0.081942 0.992420
vn 0.000118 -0.000380 1.000000
vn 0.786053 -0.618159 0.000420
vn 0.096602 -0.075968 0.992420
vn -0.000118 0.000380 -1.000000
vn 0.823677 -0.567060 0.000420
vn 0.101225 -0.069689 0.992420
vn 0.000142 -0.000372 1.000000
vn 0.857983 -0.513678 0.000420
vn 0.105442 -0.063128 0.992420
vn -0.000142 0.000372 -1.000000
vn 0.888836 -0.458226 0.000420
vn 0.109233 -0.056314 0.992420
vn 0.000165 -0.000362 1.000000
vn 0.916108 -0.400930 0.000420
vn 0.112585 -0.049272 0.992420
vn -0.000165 0.000362 -1.000000
vn 0.939692 -0.342020 0.000420
vn 0.115483 -0.042032 0.992420
vn 0.000188 -0.000351 1.000000
vn 0.959493 -0.281732 0.000420
vn 0.117917 -0.034623 0.992420
vn -0.000188 0.000351 -1.000000
vn 0.975430 -0.220310 0.000420
vn 0.119875 -0.027075 0.992420
vn 0.000210 -0.000338 1.000000
vn 0.987439 -0.158002 0.000420
vn 0.121351 -0.019418 0.992420
vn -0.000210 0.000338 -1.000000
vn 0.995472 -0.095056 0.000420
vn 0.122338 -0.011682 0.992420
vn 0.000231 -0.000324 1.000000
vn 0.999496 -0.031728 0.000420
vn 0.122833 -0.003899 0.992420
vn -0.000231 0.000324 -1.000000
vn 0.999496 0.031728 0.000420
vn 0.122833 0.003899 0.992420
vn 0.000251 -0.000309 1.000000
vn 0.995472 0.095056 0.000420
vn 0.122338 0.011682 0.992420
vn -0.000251 0.000309 -1.000000
vn 0.987439 0.158002 0.000420
vn 0.121351 0.019418 0.992420
vn 0.000270 -0.000292 1.000000
vn 0.975430 0.220310 0.000420
vn 0.119875 0.027075 0.992420
vn -0.000270 0.000292 -1.000000
vn 0.959493 0.281732 0.000420
vn 0.117917 0.034623 0.992420
vn 0.000288 -0.000275 1.000000
vn 0.939692 0.342020 0.000420
vn 0.115483 0.042032 0.992420
vn -0.000288 0.000275 -1.000000
vn 0.916108 0.400930 0.000420
vn 0.112585 0.049272 0.992420
vn 0.000305 -0.000256 1.000000
vn 0.888835 0.458226 0.000420
vn 0.109233 0.056314 0.992420
vn -0.000305 0.000256 -1.000000
vn 0.857983 0.513678 0.000420
vn 0.105442 0.063128 0.992420
vn 0.000320 -0.000236 1.000000
vn 0.823677 0.567060 0.000420
vn 0.101225 0.069689 0.992420
vn -0.000320 0.000236 -1.000000
vn 0.786053 0.618159 0.000420
vn 0.096602 0.075968 0.992420
vn 0.000335 -0.000215 1.000000
vn 0.745264 0.666769 0.000420
vn 0.091589 0.081942 0.992420
vn -0.000335 0.000215 -1.000000
vn 0.701475 0.712694 0.000420
vn 0.086207 0.087586 0.992420
vn 0.000348 -0.000193 1.000000
vn 0.654861 0.755750 0.000420
vn 0.080479 0.092878 0.992420
vn -0.000348 0.000193 -1.000000
vn 0.605610 0.795762 0.000420
vn 0.074426 0.097795 0.992420
vn 0.000359 -0.000171 1.000000
vn 0.553920 0.832570 0.000420
vn 0.068074 0.102318 0.992420
vn -0.000359 0.000171 -1.000000
vn 0.500000 0.866025 0.000420
vn 0.061447 0.106430 0.992420
vn 0.000369 -0.000148 1.000000
vn 0.444067 0.895994 0.000420
vn 0.054573 0.110113 0.992420
vn -0.000369 0.000148 -1.000000
vn 0.386345 0.922354 0.000420
vn 0.047480 0.113352 0.992420
vn 0.000378 -0.000124 1.000000
vn 0.327068 0.945001 0.000420
vn 0.040195 0.116136 0.992420
vn -0.000378 0.000124 -1.000000
vn 0.266474 0.963842 0.000420
vn 0.032748 0.118451 0.992420
vn 0.000385 -0.000100 1.000000
vn 0.204806 0.978803 0.000420
vn 0.025170 0.120290 0.992420
vn -0.000385 0.000100 -1.000000
vn 0.142315 0.989821 0.000420
vn 0.017490 0.121644 0.992420
vn 0.000391 -0.000075 1.000000
vn 0.079250 0.996855 0.000420
vn 0.009739 0.122508 0.992420
vn -0.000391 0.000075 -1.000000
vn 0.015866 0.999874 0.000420
vn 0.001950 0.122879 0.992420
vn 0.000395 -0.000050 1.000000
vn -0.047582 0.998867 0.000420
vn -0.005848 0.122755 0.992420
vn -0.000395 0.000050 -1.000000
vn -0.110838 0.993838 0.000420
vn -0.013621 0.122137 0.992420
vn 0.000397 -0.000025 1.000000
vn -0.173648 0.984808 0.000420
vn -0.021340 0.121028 0.992420
vn -0.000397 0.000025 -1.000000
vn -0.235759 0.971812 0.000420
vn -0.028973 0.119430 0.992420
vn 0.000398 0.000000 1.000000
vn -0.296921 0.954902 0.000420
vn -0.036490 0.117352 0.992420
vn -0.000398 0.000000 -1.000000
vn -0.356886 0.934148 0.000420
vn -0.043859 0.114802 0.992420
vn 0.000397 0.000025 1.000000
vn -0.415415 0.909632 0.000420
vn -0.051052 0.111789 0.992420
vn -0.000397 -0.000025 -1.000000
vn -0.472271 0.881453 0.000420
vn -0.058040 0.108326 0.992420
vn 0.000395 0.000050 1.000000
vn -0.527226 0.849725 0.000420
vn -0.064793 0.104427 0.992420
vn -0.000395 -0.000050 -1.000000
vn -0.580057 0.814576 0.000420
vn -0.071286 0.100107 0.992420
vn 0.000391 0.000075 1.000000
vn -0.630552 0.776146 0.000420
vn -0.077492 0.095384 0.992420
vn -0.000391 -0.000075 -1.000000
vn -0.678509 0.734592 0.000420
vn -0.083385 0.090277 0.992420
vn 0.000385 0.000100 1.000000
vn -0.723734 0.690079 0.000420
vn -0.088943 0.084807 0.992420
vn -0.000385 -0.000100 -1.000000
vn -0.766044 0.642788 0.000420
vn -0.094143 0.078995 0.992420
vn 0.000378 0.000124 1.000000
vn -0.805270 0.592908 0.000420
vn -0.098963 0.072865 0.992420
vn -0.000378 -0.000124 -1.000000
vn -0.841254 0.540641 0.000420
vn -0.103386 0.066442 0.992420
vn 0.000369 0.000148 1.000000
vn -0.873849 0.486197 0.000420
vn -0.107391 0.059751 0.992420
vn -0.000369 -0.000148 -1.000000
vn -0.902926 0.429795 0.000420
vn -0.110965 0.052820 0.992420
vn 0.000359 0.000171 1.000000
vn -0.928368 0.371663 0.000420
vn -0.114091 0.045675 0.992420
vn -0.000359 -0.000171 -1.000000
vn -0.950071 0.312033 0.000420
vn -0.116759 0.038347 0.992420
vn 0.000348 0.000193 1.000000
vn -0.967949 0.251148 0.000420
vn -0.118956 0.030865 0.992420
vn -0.000348 -0.000193 -1.000000
vn -0.981929 0.189251 0.000420
vn -0.120674 0.023258 0.992420
vn 0.000335 0.000215 1.000000
vn -0.991955 0.126593 0.000420
vn -0.121906 0.015558 0.992420
vn -0.000344 -0.000221 -1.000000
vn -0.997987 0.063424 0.000420
vn -0.122647 0.007794 0.992420
vn 0.000329 0.000243 1.000000
vn -0.991649 -0.063021 0.112520
vn -0.993948 -0.063167 0.089874
vn -0.995953 -0.000000 0.089874
vn -0.993650 -0.000000 0.112520
vn -0.985655 -0.125789 0.112520
vn -0.987940 -0.126080 0.089874
vn -0.975693 -0.188049 0.112520
vn -0.977955 -0.188485 0.089875
vn -0.961802 -0.249553 0.112521
vn -0.964031 -0.250132 0.089875
vn -0.944037 -0.310052 0.112521
vn -0.946226 -0.310771 0.089875
vn -0.922472 -0.369302 0.112522
vn -0.924611 -0.370158 0.089876
vn -0.897192 -0.427065 0.112523
vn -0.899272 -0.428055 0.089876
vn -0.868300 -0.483109 0.112523
vn -0.870313 -0.484229 0.089877
vn -0.835911 -0.537207 0.112524
vn -0.837849 -0.538453 0.089878
vn -0.800156 -0.589142 0.112525
vn -0.802011 -0.590509 0.089879
vn -0.761179 -0.638705 0.112526
vn -0.762944 -0.640186 0.089880
vn -0.719137 -0.685696 0.112527
vn -0.720805 -0.687286 0.089880
vn -0.674200 -0.729926 0.112529
vn -0.675763 -0.731618 0.089881
vn -0.626548 -0.771217 0.112530
vn -0.628001 -0.773005 0.089883
vn -0.576373 -0.809402 0.112532
vn -0.577709 -0.811279 0.089884
vn -0.523877 -0.844328 0.112533
vn -0.525091 -0.846286 0.089885
vn -0.469271 -0.875854 0.112535
vn -0.470359 -0.877885 0.089886
vn -0.412776 -0.903854 0.112536
vn -0.413733 -0.905950 0.089887
vn -0.354619 -0.928214 0.112538
vn -0.355442 -0.930366 0.089889
vn -0.295034 -0.948836 0.112539
vn -0.295719 -0.951037 0.089890
vn -0.234261 -0.965638 0.112541
vn -0.234805 -0.967877 0.089891
vn -0.172545 -0.978551 0.112543
vn -0.172945 -0.980821 0.089893
vn -0.110134 -0.987524 0.112545
vn -0.110390 -0.989815 0.089894
vn -0.047280 -0.992521 0.112546
vn -0.047389 -0.994823 0.089896
vn 0.015765 -0.993521 0.112548
vn 0.015802 -0.995826 0.089897
vn 0.078747 -0.990521 0.112550
vn 0.078930 -0.992818 0.089898
vn 0.141411 -0.983532 0.112552
vn 0.141738 -0.985814 0.089900
vn 0.203505 -0.972583 0.112553
vn 0.203977 -0.974839 0.089901
vn 0.264780 -0.957717 0.112555
vn 0.265395 -0.959939 0.089903
vn 0.324989 -0.938996 0.112557
vn 0.325744 -0.941174 0.089904
vn 0.383890 -0.916493 0.112559
vn 0.384780 -0.918619 0.089905
vn 0.441244 -0.890300 0.112560
vn 0.442268 -0.892365 0.089907
vn 0.496823 -0.860521 0.112562
vn 0.497975 -0.862518 0.089908
vn 0.550399 -0.827279 0.112563
vn 0.551677 -0.829198 0.089909
vn 0.601761 -0.790704 0.112565
vn 0.603157 -0.792539 0.089910
vn 0.650699 -0.750946 0.112566
vn 0.652208 -0.752689 0.089911
vn 0.697016 -0.708164 0.112567
vn 0.698634 -0.709807 0.089912
vn 0.740528 -0.662531 0.112569
vn 0.742246 -0.664068 0.089913
vn 0.781057 -0.614230 0.112570
vn 0.782869 -0.615655 0.089914
vn 0.818441 -0.563455 0.112571
vn 0.820340 -0.564763 0.089915
vn 0.852530 -0.510412 0.112572
vn 0.854508 -0.511597 0.089916
vn 0.883186 -0.455314 0.112573
vn 0.885235 -0.456370 0.089917
vn 0.910285 -0.398382 0.112573
vn 0.912398 -0.399306 0.089917
vn 0.933719 -0.339846 0.112574
vn 0.935886 -0.340634 0.089918
vn 0.953394 -0.279942 0.112575
vn 0.955606 -0.280592 0.089918
vn 0.969229 -0.218910 0.112575
vn 0.971478 -0.219418 0.089919
vn 0.981162 -0.156997 0.112575
vn 0.983439 -0.157361 0.089919
vn 0.989144 -0.094452 0.112576
vn 0.991439 -0.094671 0.089919
vn 0.993143 -0.031526 0.112576
vn 0.995448 -0.031600 0.089919
vn 0.993143 0.031526 0.112576
vn 0.995448 0.031600 0.089919
vn 0.989144 0.094452 0.112576
vn 0.991439 0.094671 0.089919
vn 0.981162 0.156997 0.112575
vn 0.983439 0.157361 0.089919
vn 0.969229 0.218910 0.112575
vn 0.971479 0.219418 0.089919
vn 0.953394 0.279942 0.112575
vn 0.955606 0.280592 0.089918
vn 0.933719 0.339846 0.112574
vn 0.935886 0.340634 0.089918
vn 0.910285 0.398382 0.112573
vn 0.912398 0.399306 0.089917
vn 0.883186 0.455314 0.112573
vn 0.885235 0.456370 0.089917
vn 0.852530 0.510412 0.112572
vn 0.854508 0.511597 0.089916
vn 0.818441 0.563455 0.112571
vn 0.820340 0.564763 0.089915
vn 0.781057 0.614230 0.112570
vn 0.782869 0.615655 0.089914
vn 0.740528 0.662531 0.112569
vn 0.742246 0.664068 0.089913
vn 0.697016 0.708164 0.112567
vn 0.698634 0.709807 0.089912
vn 0.650699 0.750946 0.112566
vn 0.652208 0.752689 0.089911
vn 0.601761 0.790704 0.112565
vn 0.603157 0.792539 0.089910
vn 0.550399 0.827279 0.112563
vn 0.551677 0.829198 0.089909
vn 0.496823 0.860521 0.112562
vn 0.497975 0.862518 0.089908
vn 0.441245 0.890300 0.112560
vn 0.442268 0.892365 0.089907
vn 0.383890 0.916493 0.112559
vn 0.384780 0.918619 0.089905
vn 0.324989 0.938996 0.112557
vn 0.325744 0.941174 0.089904
vn 0.264780 0.957717 0.112555
vn 0.265395 0.959939 0.089903
vn 0.203505 0.972583 0.112553
vn 0.203977 0.974839 0.089901
vn 0.141411 0.983532 0.112552
vn 0.141738 0.985814 0.089900
vn 0.078747 0.990521 0.112550
vn 0.078930 0.992818 0.089898
vn 0.015765 0.993521 0.112548
vn 0.015802 0.995826 0.089897
vn -0.047280 0.992521 0.112546
vn -0.047389 0.994823 0.089896
vn -0.110134 0.987524 0.112545
vn -0.110390 0.989815 0.089894
vn -0.172545 0.978551 0.112543
vn -0.172945 0.980821 0.089893
vn -0.234261 0.965638 0.112541
vn -0.234805 0.967877 0.089891
vn -0.295034 0.948836 0.112539
vn -0.295719 0.951037 0.089890
vn -0.354619 0.928214 0.112538
vn -0.355442 0.930366 0.089889
vn -0.412776 0.903854 0.112536
vn -0.413733 0.905950 0.089887
vn -0.469271 0.875854 0.112535
vn -0.470359 0.877885 0.089886
vn -0.523877 0.844328 0.112533
vn -0.525091 0.846286 0.089885
vn -0.576373 0.809402 0.112532
vn -0.577709 0.811279 0.089884
vn -0.626548 0.771217 0.112530
vn -0.628001 0.773005 0.089883
vn -0.674200 0.729926 0.112529
vn -0.675763 0.731618 0.089881
vn -0.719137 0.685696 0.112527
vn -0.720805 0.687286 0.089880
vn -0.761179 0.638705 0.112526
vn -0.762944 0.640186 0.089880
vn -0.800156 0.589142 0.112525
vn -0.802011 0.590509 0.089879
vn -0.835911 0.537207 0.112524
vn -0.837849 0.538453 0.089878
vn -0.868300 0.483109 0.112523
vn -0.870313 0.484229 0.089877
vn -0.897192 0.427065 0.112523
vn -0.899272 0.428055 0.089876
vn -0.922472 0.369302 0.112522
vn -0.924611 0.370158 0.089876
vn -0.944037 0.310052 0.112521
vn -0.946226 0.310771 0.089875
vn -0.961802 0.249553 0.112521
vn -0.964032 0.250132 0.089875
vn -0.975693 0.188049 0.112520
vn -0.977955 0.188485 0.089875
vn -0.985655 0.125788 0.112520
vn -0.987941 0.126080 0.089874
vn -0.991649 0.063021 0.112520
vn -0.993948 0.063167 0.089874
vn -0.988979 -0.062851 0.134052
vn -0.990974 0.000000 0.134052
vn -0.983002 -0.125450 0.134052
vn -0.973066 -0.187543 0.134052
vn -0.959212 -0.248881 0.134053
vn -0.941496 -0.309217 0.134053
vn -0.919989 -0.368308 0.134054
vn -0.894777 -0.425916 0.134055
vn -0.865962 -0.481808 0.134056
vn -0.833660 -0.535761 0.134057
vn -0.798001 -0.587556 0.134058
vn -0.759130 -0.636985 0.134059
vn -0.717201 -0.683850 0.134061
vn -0.672384 -0.727960 0.134062
vn -0.624860 -0.769140 0.134064
vn -0.574820 -0.807222 0.134066
vn -0.522466 -0.842054 0.134067
vn -0.468007 -0.873496 0.134069
vn -0.411665 -0.901420 0.134071
vn -0.353664 -0.925714 0.134073
vn -0.294239 -0.946281 0.134075
vn -0.233630 -0.963037 0.134077
vn -0.172081 -0.975915 0.134079
vn -0.109837 -0.984864 0.134081
vn -0.047152 -0.989848 0.134083
vn 0.015723 -0.990845 0.134085
vn 0.078534 -0.987853 0.134088
vn 0.141030 -0.980882 0.134090
vn 0.202957 -0.969963 0.134092
vn 0.264067 -0.955137 0.134094
vn 0.324114 -0.936466 0.134096
vn 0.382855 -0.914024 0.134098
vn 0.440056 -0.887901 0.134100
vn 0.495484 -0.858203 0.134101
vn 0.548917 -0.825050 0.134103
vn 0.600139 -0.788574 0.134105
vn 0.648945 -0.748923 0.134107
vn 0.695138 -0.706256 0.134108
vn 0.738532 -0.660746 0.134110
vn 0.778952 -0.612575 0.134111
vn 0.816236 -0.561937 0.134112
vn 0.850232 -0.509037 0.134113
vn 0.880806 -0.454087 0.134114
vn 0.907832 -0.397308 0.134115
vn 0.931203 -0.338930 0.134116
vn 0.950824 -0.279187 0.134117
vn 0.966617 -0.218320 0.134117
vn 0.978518 -0.156574 0.134118
vn 0.986478 -0.094197 0.134118
vn 0.990466 -0.031442 0.134118
vn 0.990466 0.031442 0.134118
vn 0.986478 0.094197 0.134118
vn 0.978518 0.156574 0.134118
vn 0.966617 0.218320 0.134117
vn 0.950824 0.279187 0.134117
vn 0.931203 0.338930 0.134116
vn 0.907832 0.397308 0.134115
vn 0.880806 0.454087 0.134114
vn 0.850232 0.509037 0.134113
vn 0.816236 0.561937 0.134112
vn 0.778952 0.612575 0.134111
vn 0.738532 0.660746 0.134110
vn 0.695138 0.706256 0.134108
vn 0.648945 0.748923 0.134107
vn 0.600139 0.788574 0.134105
vn 0.548917 0.825050 0.134103
vn 0.495484 0.858203 0.134101
vn 0.440056 0.887901 0.134100
vn 0.382855 0.914024 0.134098
vn 0.324114 0.936466 0.134096
vn 0.264067 0.955137 0.134094
vn 0.202957 0.969963 0.134092
vn 0.141030 0.980883 0.134090
vn 0.078534 0.987853 0.134088
vn 0.015722 0.990845 0.134085
vn -0.047152 0.989848 0.134083
vn -0.109837 0.984864 0.134081
vn -0.172080 0.975915 0.134079
vn -0.233630 0.963037 0.134077
vn -0.294239 0.946281 0.134075
vn -0.353664 0.925714 0.134073
vn -0.411665 0.901420 0.134071
vn -0.468007 0.873496 0.134069
vn -0.522466 0.842054 0.134067
vn -0.574820 0.807222 0.134066
vn -0.624860 0.769140 0.134064
vn -0.672384 0.727960 0.134062
vn -0.717201 0.683850 0.134061
vn -0.759130 0.636985 0.134059
vn -0.798001 0.587556 0.134058
vn -0.833660 0.535761 0.134057
vn -0.865962 0.481808 0.134056
vn -0.894777 0.425916 0.134055
vn -0.919988 0.368308 0.134054
vn -0.941496 0.309217 0.134053
vn -0.959212 0.248881 0.134053
vn -0.973066 0.187543 0.134052
vn -0.983002 0.125450 0.134052
vn -0.988979 0.062851 0.134052
vn -0.986518 -0.062695 0.151169
vn -0.988508 0.000000 0.151169
vn -0.980555 -0.125138 0.151169
vn -0.970644 -0.187076 0.151170
vn -0.956825 -0.248262 0.151170
vn -0.939153 -0.308447 0.151171
vn -0.917699 -0.367391 0.151172
vn -0.892549 -0.424856 0.151173
vn -0.863806 -0.480609 0.151174
vn -0.831585 -0.534427 0.151175
vn -0.796015 -0.586094 0.151176
vn -0.757240 -0.635400 0.151178
vn -0.715416 -0.682147 0.151179
vn -0.670711 -0.726148 0.151181
vn -0.623305 -0.767225 0.151183
vn -0.573389 -0.805213 0.151185
vn -0.521165 -0.839958 0.151187
vn -0.466842 -0.871321 0.151189
vn -0.410640 -0.899175 0.151191
vn -0.352784 -0.923409 0.151193
vn -0.293507 -0.943925 0.151195
vn -0.233048 -0.960639 0.151198
vn -0.171652 -0.973486 0.151200
vn -0.109564 -0.982412 0.151202
vn -0.047035 -0.987383 0.151205
vn 0.015684 -0.988378 0.151207
vn 0.078339 -0.985393 0.151209
vn 0.140678 -0.978440 0.151212
vn 0.202452 -0.967547 0.151214
vn 0.263410 -0.952759 0.151216
vn 0.323307 -0.934134 0.151218
vn 0.381902 -0.911747 0.151221
vn 0.438960 -0.885689 0.151223
vn 0.494250 -0.856065 0.151225
vn 0.547549 -0.822995 0.151227
vn 0.598644 -0.786610 0.151229
vn 0.647329 -0.747057 0.151231
vn 0.693407 -0.704497 0.151232
vn 0.736692 -0.659100 0.151234
vn 0.777012 -0.611049 0.151236
vn 0.814202 -0.560537 0.151237
vn 0.848114 -0.507769 0.151238
vn 0.878611 -0.452956 0.151239
vn 0.905570 -0.396319 0.151240
vn 0.928883 -0.338086 0.151241
vn 0.948456 -0.278492 0.151242
vn 0.964209 -0.217776 0.151243
vn 0.976080 -0.156184 0.151243
vn 0.984021 -0.093963 0.151243
vn 0.987999 -0.031363 0.151244
vn 0.987999 0.031363 0.151244
vn 0.984021 0.093963 0.151243
vn 0.976080 0.156184 0.151243
vn 0.964209 0.217776 0.151243
vn 0.948456 0.278492 0.151242
vn 0.928883 0.338086 0.151241
vn 0.905570 0.396319 0.151240
vn 0.878611 0.452955 0.151239
vn 0.848114 0.507769 0.151238
vn 0.814202 0.560537 0.151237
vn 0.777012 0.611049 0.151236
vn 0.736692 0.659100 0.151234
vn 0.693407 0.704497 0.151232
vn 0.647329 0.747057 0.151231
vn 0.598644 0.786610 0.151229
vn 0.547549 0.822995 0.151227
vn 0.494250 0.856065 0.151225
vn 0.438960 0.885690 0.151223
vn 0.381902 0.911747 0.151221
vn 0.323307 0.934134 0.151218
vn 0.263410 0.952759 0.151216
vn 0.202452 0.967547 0.151214
vn 0.140678 0.978440 0.151212
vn 0.078339 0.985393 0.151209
vn 0.015684 0.988378 0.151207
vn -0.047035 0.987383 0.151205
vn -0.109564 0.982412 0.151202
vn -0.171652 0.973486 0.151200
vn -0.233048 0.960639 0.151198
vn -0.293507 0.943925 0.151195
vn -0.352784 0.923409 0.151193
vn -0.410640 0.899175 0.151191
vn -0.466842 0.871321 0.151189
vn -0.521165 0.839958 0.151187
vn -0.573389 0.805213 0.151185
vn -0.623305 0.767225 0.151183
vn -0.670711 0.726148 0.151181
vn -0.715416 0.682147 0.151179
vn -0.757240 0.635400 0.151178
vn -0.796015 0.586094 0.151176
vn -0.831585 0.534427 0.151175
vn -0.863806 0.480609 0.151174
vn -0.892549 0.424856 0.151173
vn -0.917699 0.367391 0.151172
vn -0.939153 0.308447 0.151171
vn -0.956825 0.248262 0.151170
vn -0.970644 0.187076 0.151170
vn -0.980555 0.125138 0.151169
vn -0.986518 0.062695 0.151169
vn -0.983610 -0.062510 0.169126
vn -0.985594 0.000000 0.169126
vn -0.977665 -0.124769 0.169126
vn -0.967783 -0.186525 0.169126
vn -0.954005 -0.247530 0.169127
vn -0.936384 -0.307538 0.169128
vn -0.914994 -0.366309 0.169129
vn -0.889919 -0.423603 0.169130
vn -0.861260 -0.479192 0.169131
vn -0.829134 -0.532852 0.169132
vn -0.793669 -0.584366 0.169134
vn -0.755008 -0.633527 0.169135
vn -0.713307 -0.680137 0.169137
vn -0.668734 -0.724008 0.169139
vn -0.621467 -0.764964 0.169141
vn -0.571699 -0.802839 0.169143
vn -0.519629 -0.837482 0.169145
vn -0.465466 -0.868752 0.169147
vn -0.409429 -0.896525 0.169150
vn -0.351744 -0.920687 0.169152
vn -0.292642 -0.941142 0.169155
vn -0.232361 -0.957807 0.169157
vn -0.171146 -0.970615 0.169160
vn -0.109241 -0.979515 0.169162
vn -0.046896 -0.984471 0.169165
vn 0.015637 -0.985463 0.169168
vn 0.078108 -0.982487 0.169170
vn 0.140264 -0.975555 0.169173
vn 0.201855 -0.964694 0.169175
vn 0.262633 -0.949949 0.169178
vn 0.322353 -0.931379 0.169180
vn 0.380776 -0.909058 0.169183
vn 0.437665 -0.883077 0.169185
vn 0.492792 -0.853541 0.169188
vn 0.545934 -0.820567 0.169190
vn 0.596879 -0.784289 0.169192
vn 0.645419 -0.744854 0.169194
vn 0.691361 -0.702419 0.169196
vn 0.734519 -0.657156 0.169198
vn 0.774720 -0.609246 0.169199
vn 0.811800 -0.558884 0.169201
vn 0.845612 -0.506271 0.169202
vn 0.876019 -0.451619 0.169204
vn 0.902899 -0.395150 0.169205
vn 0.926143 -0.337088 0.169206
vn 0.945658 -0.277670 0.169207
vn 0.961365 -0.217134 0.169207
vn 0.973200 -0.155723 0.169208
vn 0.981117 -0.093686 0.169208
vn 0.985084 -0.031271 0.169208
vn 0.985084 0.031271 0.169208
vn 0.981117 0.093686 0.169208
vn 0.973200 0.155723 0.169208
vn 0.961365 0.217134 0.169207
vn 0.945658 0.277670 0.169207
vn 0.926143 0.337088 0.169206
vn 0.902899 0.395150 0.169205
vn 0.876019 0.451619 0.169204
vn 0.845612 0.506271 0.169202
vn 0.811800 0.558884 0.169201
vn 0.774720 0.609246 0.169199
vn 0.734519 0.657156 0.169198
vn 0.691361 0.702419 0.169196
vn 0.645419 0.744854 0.169194
vn 0.596879 0.784289 0.169192
vn 0.545934 0.820567 0.169190
vn 0.492792 0.853541 0.169188
vn 0.437665 0.883077 0.169185
vn 0.380776 0.909058 0.169183
vn 0.322353 0.931379 0.169180
vn 0.262633 0.949949 0.169178
vn 0.201854 0.964694 0.169175
vn 0.140264 0.975555 0.169173
vn 0.078108 0.982487 0.169170
vn 0.015637 0.985463 0.169168
vn -0.046896 0.984471 0.169165
vn -0.109241 0.979515 0.169162
vn -0.171146 0.970615 0.169160
vn -0.232361 0.957807 0.169157
vn -0.292642 0.941142 0.169155
vn -0.351744 0.920687 0.169152
vn -0.409429 0.896524 0.169150
vn -0.465466 0.868752 0.169147
vn -0.519629 0.837482 0.169145
vn -0.571699 0.802839 0.169143
vn -0.621467 0.764964 0.169141
vn -0.668734 0.724008 0.169139
vn -0.713307 0.680137 0.169137
vn -0.755008 0.633527 0.169135
vn -0.793669 0.584366 0.169134
vn -0.829134 0.532852 0.169132
vn -0.861260 0.479192 0.169131
vn -0.889919 0.423603 0.169130
vn -0.914994 0.366309 0.169129
vn -0.936384 0.307538 0.169128
vn -0.954005 0.247530 0.169127
vn -0.967783 0.186525 0.169126
vn -0.977665 0.124769 0.169126
vn -0.983610 0.062510 0.169126
vn -0.980224 -0.062295 0.187830
vn -0.982202 0.000000 0.187830
vn -0.974299 -0.124339 0.187831
vn -0.964452 -0.185883 0.187831
vn -0.950720 -0.246678 0.187832
vn -0.933161 -0.306480 0.187832
vn -0.911844 -0.365048 0.187833
vn -0.886855 -0.422145 0.187835
vn -0.858295 -0.477542 0.187836
vn -0.826279 -0.531017 0.187837
vn -0.790936 -0.582354 0.187839
vn -0.752408 -0.631346 0.187841
vn -0.710851 -0.677795 0.187843
vn -0.666431 -0.721515 0.187845
vn -0.619328 -0.762330 0.187847
vn -0.569731 -0.800075 0.187849
vn -0.517840 -0.834598 0.187852
vn -0.463863 -0.865761 0.187854
vn -0.408019 -0.893437 0.187857
vn -0.350532 -0.917516 0.187859
vn -0.291634 -0.937901 0.187862
vn -0.231561 -0.954508 0.187865
vn -0.170557 -0.967273 0.187868
vn -0.108865 -0.976142 0.187871
vn -0.046735 -0.981081 0.187874
vn 0.015583 -0.982069 0.187876
vn 0.077839 -0.979103 0.187879
vn 0.139781 -0.972194 0.187882
vn 0.201159 -0.961371 0.187885
vn 0.261728 -0.946677 0.187888
vn 0.321243 -0.928170 0.187891
vn 0.379464 -0.905927 0.187893
vn 0.436157 -0.880035 0.187896
vn 0.491094 -0.850600 0.187899
vn 0.544054 -0.817740 0.187901
vn 0.594822 -0.781587 0.187903
vn 0.643196 -0.742288 0.187906
vn 0.688979 -0.699999 0.187908
vn 0.731989 -0.654891 0.187910
vn 0.772050 -0.607147 0.187912
vn 0.809003 -0.556958 0.187913
vn 0.842699 -0.504526 0.187915
vn 0.873001 -0.450063 0.187916
vn 0.899788 -0.393788 0.187918
vn 0.922952 -0.335927 0.187919
vn 0.942399 -0.276714 0.187920
vn 0.958052 -0.216386 0.187920
vn 0.969847 -0.155186 0.187921
vn 0.977737 -0.093363 0.187921
vn 0.981690 -0.031163 0.187921
vn 0.981690 0.031163 0.187921
vn 0.977737 0.093363 0.187921
vn 0.969847 0.155186 0.187921
vn 0.958052 0.216386 0.187920
vn 0.942399 0.276713 0.187920
vn 0.922952 0.335927 0.187919
vn 0.899788 0.393788 0.187918
vn 0.873001 0.450063 0.187916
vn 0.842699 0.504526 0.187915
vn 0.809003 0.556958 0.187913
vn 0.772050 0.607147 0.187912
vn 0.731989 0.654891 0.187910
vn 0.688979 0.699999 0.187908
vn 0.643196 0.742288 0.187906
vn 0.594822 0.781587 0.187903
vn 0.544054 0.817740 0.187901
vn 0.491094 0.850600 0.187899
vn 0.436157 0.880035 0.187896
vn 0.379464 0.905927 0.187893
vn 0.321243 0.928170 0.187891
vn 0.261728 0.946677 0.187888
vn 0.201159 0.961371 0.187885
vn 0.139781 0.972194 0.187882
vn 0.077839 0.979103 0.187879
vn 0.015583 0.982069 0.187877
vn -0.046734 0.981081 0.187874
vn -0.108865 0.976142 0.187871
vn -0.170557 0.967273 0.187868
vn -0.231561 0.954508 0.187865
vn -0.291634 0.937901 0.187862
vn -0.350532 0.917516 0.187859
vn -0.408019 0.893437 0.187857
vn -0.463863 0.865761 0.187854
vn -0.517839 0.834598 0.187852
vn -0.569731 0.800075 0.187849
vn -0.619328 0.762330 0.187847
vn -0.666431 0.721515 0.187845
vn -0.710851 0.677795 0.187843
vn -0.752408 0.631346 0.187841
vn -0.790936 0.582354 0.187839
vn -0.826279 0.531017 0.187837
vn -0.858295 0.477542 0.187836
vn -0.886855 0.422145 0.187835
vn -0.911844 0.365048 0.187833
vn -0.933161 0.306480 0.187832
vn -0.950720 0.246678 0.187832
vn -0.964452 0.185883 0.187831
vn -0.974299 0.124339 0.187831
vn -0.980224 0.062295 0.187830
vn -0.976840 -0.062080 0.204769
vn -0.978810 -0.000000 0.204769
vn -0.970936 -0.123910 0.204770
vn -0.961122 -0.185241 0.204770
vn -0.947438 -0.245826 0.204771
vn -0.929939 -0.305422 0.204772
vn -0.908695 -0.363787 0.204773
vn -0.883793 -0.420687 0.204774
vn -0.855332 -0.475894 0.204776
vn -0.823426 -0.529184 0.204777
vn -0.788205 -0.580343 0.204779
vn -0.749810 -0.629166 0.204781
vn -0.708396 -0.675454 0.204783
vn -0.664130 -0.719024 0.204785
vn -0.617189 -0.759697 0.204788
vn -0.567763 -0.797312 0.204790
vn -0.516051 -0.831716 0.204793
vn -0.462261 -0.862771 0.204795
vn -0.406610 -0.890352 0.204798
vn -0.349321 -0.914347 0.204801
vn -0.290626 -0.934661 0.204804
vn -0.230761 -0.951212 0.204807
vn -0.169968 -0.963932 0.204810
vn -0.108489 -0.972770 0.204813
vn -0.046573 -0.977692 0.204816
vn 0.015529 -0.978677 0.204819
vn 0.077570 -0.975721 0.204823
vn 0.139298 -0.968836 0.204826
vn 0.200464 -0.958050 0.204829
vn 0.260824 -0.943406 0.204832
vn 0.320133 -0.924964 0.204835
vn 0.378153 -0.902797 0.204838
vn 0.434650 -0.876994 0.204841
vn 0.489397 -0.847661 0.204843
vn 0.542174 -0.814915 0.204846
vn 0.592767 -0.778887 0.204849
vn 0.640973 -0.739723 0.204851
vn 0.686599 -0.697580 0.204853
vn 0.729459 -0.652628 0.204856
vn 0.769382 -0.605049 0.204858
vn 0.806207 -0.555033 0.204859
vn 0.839786 -0.502783 0.204861
vn 0.869984 -0.448508 0.204863
vn 0.896678 -0.392427 0.204864
vn 0.919762 -0.334766 0.204865
vn 0.939142 -0.275757 0.204866
vn 0.954741 -0.215638 0.204867
vn 0.966495 -0.154650 0.204867
vn 0.974358 -0.093040 0.204868
vn 0.978297 -0.031055 0.204868
vn 0.978297 0.031055 0.204868
vn 0.974358 0.093040 0.204868
vn 0.966495 0.154650 0.204867
vn 0.954741 0.215638 0.204867
vn 0.939142 0.275757 0.204866
vn 0.919762 0.334766 0.204865
vn 0.896678 0.392427 0.204864
vn 0.869984 0.448508 0.204863
vn 0.839786 0.502783 0.204861
vn 0.806207 0.555033 0.204859
vn 0.769382 0.605049 0.204858
vn 0.729459 0.652628 0.204856
vn 0.686599 0.697580 0.204853
vn 0.640973 0.739723 0.204851
vn 0.592767 0.778887 0.204849
vn 0.542174 0.814914 0.204846
vn 0.489397 0.847661 0.204843
vn 0.434650 0.876995 0.204841
vn 0.378153 0.902797 0.204838
vn 0.320133 0.924964 0.204835
vn 0.260824 0.943406 0.204832
vn 0.200464 0.958050 0.204829
vn 0.139298 0.968836 0.204826
vn 0.077570 0.975721 0.204823
vn 0.015529 0.978677 0.204819
vn -0.046573 0.977692 0.204816
vn -0.108489 0.972770 0.204813
vn -0.169968 0.963931 0.204810
vn -0.230761 0.951211 0.204807
vn -0.290626 0.934661 0.204804
vn -0.349321 0.914347 0.204801
vn -0.406610 0.890352 0.204798
vn -0.462261 0.862771 0.204795
vn -0.516051 0.831716 0.204793
vn -0.567763 0.797312 0.204790
vn -0.617189 0.759697 0.204788
vn -0.664130 0.719024 0.204785
vn -0.708396 0.675454 0.204783
vn -0.749810 0.629166 0.204781
vn -0.788205 0.580343 0.204779
vn -0.823426 0.529184 0.204777
vn -0.855332 0.475894 0.204776
vn -0.883793 0.420687 0.204774
vn -0.908695 0.363787 0.204773
vn -0.929939 0.305422 0.204772
vn -0.947438 0.245826 0.204771
vn -0.961122 0.185241 0.204770
vn -0.970936 0.123910 0.204770
vn -0.976840 0.062080 0.204769
vn -0.973398 -0.061861 0.220612
vn -0.975362 -0.000000 0.220612
vn -0.967515 -0.123473 0.220612
vn -0.957735 -0.184588 0.220613
vn -0.944100 -0.244960 0.220613
vn -0.926662 -0.304346 0.220614
vn -0.905494 -0.362505 0.220615
vn -0.880679 -0.419205 0.220617
vn -0.852318 -0.474217 0.220618
vn -0.820525 -0.527319 0.220620
vn -0.785428 -0.578298 0.220622
vn -0.747168 -0.626949 0.220624
vn -0.705900 -0.673074 0.220626
vn -0.661789 -0.716490 0.220629
vn -0.615014 -0.757020 0.220631
vn -0.565763 -0.794502 0.220634
vn -0.514233 -0.828785 0.220637
vn -0.460632 -0.859730 0.220639
vn -0.405177 -0.887214 0.220643
vn -0.348090 -0.911125 0.220646
vn -0.289602 -0.931367 0.220649
vn -0.229948 -0.947859 0.220652
vn -0.169368 -0.960534 0.220655
vn -0.108106 -0.969341 0.220659
vn -0.046409 -0.974246 0.220662
vn 0.015475 -0.975227 0.220665
vn 0.077296 -0.972281 0.220669
vn 0.138807 -0.965420 0.220672
vn 0.199758 -0.954672 0.220675
vn 0.259904 -0.940080 0.220679
vn 0.319005 -0.921703 0.220682
vn 0.376820 -0.899614 0.220685
vn 0.433118 -0.873903 0.220688
vn 0.487672 -0.844673 0.220691
vn 0.540262 -0.812041 0.220694
vn 0.590677 -0.776140 0.220696
vn 0.638713 -0.737114 0.220699
vn 0.684178 -0.695120 0.220702
vn 0.726887 -0.650327 0.220704
vn 0.766669 -0.602916 0.220706
vn 0.803365 -0.553076 0.220708
vn 0.836825 -0.501010 0.220710
vn 0.866916 -0.446926 0.220711
vn 0.893516 -0.391043 0.220713
vn 0.916519 -0.333585 0.220714
vn 0.935830 -0.274785 0.220715
vn 0.951374 -0.214877 0.220716
vn 0.963087 -0.154105 0.220717
vn 0.970922 -0.092712 0.220717
vn 0.974847 -0.030946 0.220717
vn 0.974847 0.030945 0.220717
vn 0.970921 0.092712 0.220717
vn 0.963087 0.154104 0.220717
vn 0.951374 0.214877 0.220716
vn 0.935830 0.274785 0.220715
vn 0.916519 0.333585 0.220714
vn 0.893516 0.391043 0.220713
vn 0.866916 0.446926 0.220711
vn 0.836825 0.501010 0.220710
vn 0.803365 0.553076 0.220708
vn 0.766669 0.602915 0.220706
vn 0.726887 0.650327 0.220704
vn 0.684178 0.695120 0.220702
vn 0.638713 0.737114 0.220699
vn 0.590677 0.776140 0.220696
vn 0.540262 0.812041 0.220694
vn 0.487672 0.844673 0.220691
vn 0.433118 0.873903 0.220688
vn 0.376820 0.899614 0.220685
vn 0.319005 0.921703 0.220682
vn 0.259904 0.940080 0.220679
vn 0.199758 0.954672 0.220675
vn 0.138807 0.965420 0.220672
vn 0.077296 0.972281 0.220669
vn 0.015475 0.975227 0.220665
vn -0.046409 0.974246 0.220662
vn -0.108106 0.969342 0.220659
vn -0.169368 0.960534 0.220655
vn -0.229948 0.947859 0.220652
vn -0.289602 0.931367 0.220649
vn -0.348090 0.911125 0.220646
vn -0.405177 0.887214 0.220643
vn -0.460632 0.859730 0.220639
vn -0.514232 0.828785 0.220637
vn -0.565763 0.794502 0.220634
vn -0.615014 0.757020 0.220631
vn -0.661789 0.716490 0.220629
vn -0.705900 0.673074 0.220626
vn -0.747168 0.626949 0.220624
vn -0.785428 0.578298 0.220622
vn -0.820525 0.527319 0.220620
vn -0.852318 0.474217 0.220618
vn -0.880679 0.419205 0.220617
vn -0.905494 0.362505 0.220615
vn -0.926662 0.304346 0.220614
vn -0.944100 0.244960 0.220613
vn -0.957736 0.184588 0.220613
vn -0.967515 0.123474 0.220612
vn -0.973398 0.061861 0.220612
vn -0.971543 -0.061743 0.228674
vn -0.973503 -0.000000 0.228673
vn -0.965671 -0.123238 0.228674
vn -0.955911 -0.184236 0.228674
vn -0.942301 -0.244494 0.228675
vn -0.924897 -0.303766 0.228676
vn -0.903768 -0.361814 0.228677
vn -0.879001 -0.418406 0.228679
vn -0.850694 -0.473313 0.228680
vn -0.818961 -0.526315 0.228682
vn -0.783931 -0.577196 0.228684
vn -0.745744 -0.625754 0.228686
vn -0.704555 -0.671792 0.228689
vn -0.660528 -0.715124 0.228691
vn -0.613842 -0.755577 0.228694
vn -0.564684 -0.792988 0.228696
vn -0.513252 -0.827205 0.228699
vn -0.459754 -0.858092 0.228702
vn -0.404405 -0.885523 0.228705
vn -0.347427 -0.909388 0.228709
vn -0.289050 -0.929592 0.228712
vn -0.229510 -0.946052 0.228715
vn -0.169045 -0.958703 0.228719
vn -0.107900 -0.967494 0.228722
vn -0.046320 -0.972388 0.228725
vn 0.015446 -0.973368 0.228729
vn 0.077149 -0.970427 0.228732
vn 0.138542 -0.963580 0.228736
vn 0.199377 -0.952852 0.228739
vn 0.259409 -0.938288 0.228743
vn 0.318396 -0.919945 0.228746
vn 0.376101 -0.897898 0.228749
vn 0.432292 -0.872236 0.228752
vn 0.486742 -0.843062 0.228755
vn 0.539232 -0.810493 0.228758
vn 0.589551 -0.774660 0.228761
vn 0.637495 -0.735709 0.228764
vn 0.682873 -0.693794 0.228766
vn 0.725501 -0.649087 0.228769
vn 0.765207 -0.601766 0.228771
vn 0.801832 -0.552021 0.228773
vn 0.835229 -0.500054 0.228775
vn 0.865263 -0.446074 0.228777
vn 0.891812 -0.390297 0.228778
vn 0.914770 -0.332949 0.228779
vn 0.934045 -0.274261 0.228780
vn 0.949559 -0.214467 0.228781
vn 0.961250 -0.153811 0.228782
vn 0.969070 -0.092535 0.228782
vn 0.972987 -0.030887 0.228783
vn 0.972987 0.030886 0.228783
vn 0.969070 0.092535 0.228782
vn 0.961250 0.153811 0.228782
vn 0.949559 0.214467 0.228781
vn 0.934045 0.274261 0.228780
vn 0.914770 0.332949 0.228779
vn 0.891812 0.390297 0.228778
vn 0.865263 0.446074 0.228777
vn 0.835229 0.500054 0.228775
vn 0.801832 0.552021 0.228773
vn 0.765207 0.601766 0.228771
vn 0.725501 0.649087 0.228769
vn 0.682873 0.693794 0.228766
vn 0.637495 0.735709 0.228764
vn 0.589551 0.774660 0.228761
vn 0.539232 0.810493 0.228758
vn 0.486742 0.843062 0.228755
vn 0.432292 0.872236 0.228752
vn 0.376102 0.897898 0.228749
vn 0.318396 0.919945 0.228746
vn 0.259409 0.938288 0.228743
vn 0.199377 0.952852 0.228739
vn 0.138542 0.963580 0.228736
vn 0.077149 0.970427 0.228732
vn 0.015446 0.973368 0.228729
vn -0.046320 0.972388 0.228725
vn -0.107900 0.967494 0.228722
vn -0.169045 0.958703 0.228719
vn -0.229510 0.946052 0.228715
vn -0.289051 0.929592 0.228712
vn -0.347427 0.909388 0.228709
vn -0.404405 0.885523 0.228705
vn -0.459754 0.858092 0.228702
vn -0.513252 0.827205 0.228699
vn -0.564685 0.792988 0.228696
vn -0.613842 0.755577 0.228694
vn -0.660528 0.715124 0.228691
vn -0.704555 0.671791 0.228689
vn -0.745744 0.625754 0.228686
vn -0.783931 0.577196 0.228684
vn -0.818961 0.526315 0.228682
vn -0.850694 0.473313 0.228680
vn -0.879001 0.418406 0.228679
vn -0.903768 0.361814 0.228677
vn -0.924897 0.303766 0.228676
vn -0.942301 0.244494 0.228675
vn -0.955911 0.184237 0.228674
vn -0.965671 0.123238 0.228674
vn -0.971543 0.061744 0.228674
vn -0.341359 -0.021694 0.939683
vn -0.342048 -0.000000 0.939682
vn -0.532880 0.000000 0.846191
vn -0.531807 -0.033797 0.846191
vn -0.706932 0.000000 0.707282
vn -0.705508 -0.044836 0.707282
vn -0.845952 0.000000 0.533260
vn -0.844248 -0.053654 0.533260
vn -0.939570 0.000000 0.342357
vn -0.937678 -0.059591 0.342357
vn -0.967780 -0.061504 0.244171
vn -0.969732 0.000000 0.244171
vn -0.339296 -0.043301 0.939682
vn -0.528593 -0.067459 0.846191
vn -0.701244 -0.089492 0.707282
vn -0.839146 -0.107091 0.533260
vn -0.932011 -0.118942 0.342357
vn -0.961931 -0.122760 0.244171
vn -0.335867 -0.064733 0.939683
vn -0.523250 -0.100848 0.846191
vn -0.694156 -0.133788 0.707282
vn -0.830664 -0.160098 0.533260
vn -0.922591 -0.177815 0.342357
vn -0.952208 -0.183523 0.244171
vn -0.331085 -0.085905 0.939682
vn -0.515800 -0.133832 0.846191
vn -0.684274 -0.177544 0.707282
vn -0.818838 -0.212459 0.533260
vn -0.909456 -0.235971 0.342357
vn -0.938651 -0.243547 0.244171
vn -0.324970 -0.106730 0.939682
vn -0.506274 -0.166276 0.846191
vn -0.671635 -0.220586 0.707282
vn -0.803714 -0.263965 0.533260
vn -0.892659 -0.293177 0.342357
vn -0.921314 -0.302589 0.244171
vn -0.317546 -0.127126 0.939682
vn -0.494708 -0.198051 0.846191
vn -0.656293 -0.262740 0.707282
vn -0.785354 -0.314409 0.533260
vn -0.872267 -0.349203 0.342357
vn -0.900268 -0.360413 0.244171
vn -0.308844 -0.147011 0.939682
vn -0.481151 -0.229029 0.846191
vn -0.638307 -0.303836 0.707282
vn -0.763832 -0.363586 0.533260
vn -0.848363 -0.403823 0.342357
vn -0.875597 -0.416786 0.244171
vn -0.298898 -0.166303 0.939683
vn -0.465657 -0.259084 0.846191
vn -0.617752 -0.343708 0.707282
vn -0.739234 -0.411299 0.533260
vn -0.821043 -0.456816 0.342357
vn -0.847400 -0.471480 0.244171
vn -0.287749 -0.184925 0.939682
vn -0.448287 -0.288096 0.846191
vn -0.594709 -0.382196 0.707282
vn -0.711660 -0.457356 0.533260
vn -0.790417 -0.507970 0.342357
vn -0.815791 -0.524276 0.244171
vn -0.275441 -0.202803 0.939682
vn -0.429112 -0.315949 0.846191
vn -0.569271 -0.419145 0.707282
vn -0.681220 -0.501571 0.533260
vn -0.756608 -0.557078 0.342357
vn -0.780896 -0.574962 0.244171
vn -0.262024 -0.219864 0.939682
vn -0.408209 -0.342528 0.846191
vn -0.541541 -0.454407 0.707282
vn -0.648036 -0.543767 0.533260
vn -0.719752 -0.603944 0.342357
vn -0.742858 -0.623332 0.244171
vn -0.247552 -0.236040 0.939682
vn -0.385663 -0.367729 0.846191
vn -0.511630 -0.487839 0.707282
vn -0.612244 -0.583774 0.533260
vn -0.679999 -0.648378 0.342357
vn -0.701828 -0.669192 0.244171
vn -0.232083 -0.251266 0.939682
vn -0.361564 -0.391449 0.846191
vn -0.479660 -0.519306 0.707282
vn -0.573986 -0.621429 0.533260
vn -0.637507 -0.690200 0.342357
vn -0.657972 -0.712357 0.244171
vn -0.215679 -0.265479 0.939682
vn -0.336009 -0.413593 0.846191
vn -0.445758 -0.548683 0.707282
vn -0.533417 -0.656582 0.533260
vn -0.592448 -0.729244 0.342357
vn -0.611467 -0.752654 0.244171
vn -0.198407 -0.278624 0.939682
vn -0.309101 -0.434071 0.846191
vn -0.410061 -0.575850 0.707282
vn -0.490700 -0.689092 0.533260
vn -0.545004 -0.765351 0.342357
vn -0.562500 -0.789920 0.244171
vn -0.180336 -0.290647 0.939682
vn -0.280948 -0.452801 0.846191
vn -0.372712 -0.600698 0.707282
vn -0.446007 -0.718827 0.533260
vn -0.495365 -0.798377 0.342357
vn -0.511267 -0.824006 0.244171
vn -0.161539 -0.301499 0.939683
vn -0.251664 -0.469709 0.846191
vn -0.333863 -0.623127 0.707282
vn -0.399518 -0.745667 0.533260
vn -0.443732 -0.828187 0.342357
vn -0.457976 -0.854774 0.244171
vn -0.142092 -0.311138 0.939682
vn -0.221366 -0.484724 0.846191
vn -0.293670 -0.643048 0.707282
vn -0.351421 -0.769504 0.533260
vn -0.390312 -0.854663 0.342357
vn -0.402842 -0.882099 0.244171
vn -0.122072 -0.319523 0.939682
vn -0.190177 -0.497788 0.846191
vn -0.252294 -0.660379 0.707282
vn -0.301909 -0.790244 0.533260
vn -0.335320 -0.877697 0.342357
vn -0.346084 -0.905873 0.244171
vn -0.101561 -0.326622 0.939682
vn -0.158223 -0.508848 0.846191
vn -0.209903 -0.675051 0.707282
vn -0.251180 -0.807801 0.533260
vn -0.278977 -0.897198 0.342357
vn -0.287933 -0.925999 0.244171
vn -0.080641 -0.332406 0.939682
vn -0.125631 -0.517859 0.846191
vn -0.166666 -0.687004 0.707282
vn -0.199441 -0.822105 0.533260
vn -0.221512 -0.913085 0.342357
vn -0.228623 -0.942397 0.244171
vn -0.059396 -0.336852 0.939682
vn -0.092534 -0.524784 0.846191
vn -0.122757 -0.696192 0.707282
vn -0.146898 -0.833100 0.533260
vn -0.163155 -0.925296 0.342357
vn -0.168392 -0.955000 0.244171
vn -0.037912 -0.339941 0.939682
vn -0.059063 -0.529596 0.846191
vn -0.078355 -0.702576 0.707282
vn -0.093764 -0.840739 0.533260
vn -0.104140 -0.933781 0.342357
vn -0.107483 -0.963757 0.244171
vn -0.016275 -0.341661 0.939682
vn -0.025355 -0.532276 0.846191
vn -0.033637 -0.706131 0.707282
vn -0.040252 -0.844993 0.533260
vn -0.044706 -0.938506 0.342356
vn -0.046141 -0.968634 0.244171
vn 0.005427 -0.342005 0.939682
vn 0.008455 -0.532813 0.846191
vn 0.011216 -0.706843 0.707282
vn 0.013422 -0.845845 0.533260
vn 0.014907 -0.939452 0.342357
vn 0.015386 -0.969610 0.244171
vn 0.027107 -0.340972 0.939683
vn 0.042231 -0.531204 0.846191
vn 0.056024 -0.704708 0.707282
vn 0.067042 -0.843291 0.533260
vn 0.074461 -0.936615 0.342357
vn 0.076851 -0.966682 0.244171
vn 0.048679 -0.338567 0.939682
vn 0.075837 -0.527456 0.846191
vn 0.100607 -0.699736 0.707282
vn 0.120391 -0.837341 0.533260
vn 0.133715 -0.930007 0.342357
vn 0.138007 -0.959862 0.244171
vn 0.070054 -0.334798 0.939682
vn 0.109137 -0.521584 0.846191
vn 0.144784 -0.691946 0.707282
vn 0.173256 -0.828019 0.533260
vn 0.192430 -0.919654 0.342357
vn 0.198607 -0.949176 0.244171
vn 0.091147 -0.329680 0.939682
vn 0.141998 -0.513612 0.846191
vn 0.188379 -0.681370 0.707282
vn 0.225424 -0.815364 0.533260
vn 0.250371 -0.905597 0.342357
vn 0.258408 -0.934669 0.244171
vn 0.111873 -0.323236 0.939683
vn 0.174288 -0.503572 0.846191
vn 0.231215 -0.668051 0.707282
vn 0.276684 -0.799425 0.533260
vn 0.307303 -0.887895 0.342357
vn 0.317168 -0.916398 0.244171
vn 0.132149 -0.315489 0.939683
vn 0.205876 -0.491504 0.846191
vn 0.273120 -0.652042 0.707282
vn 0.326829 -0.780267 0.533260
vn 0.362998 -0.866616 0.342357
vn 0.374651 -0.894437 0.244171
vn 0.151892 -0.306473 0.939682
vn 0.236634 -0.477457 0.846191
vn 0.313925 -0.633406 0.707282
vn 0.375659 -0.757967 0.533260
vn 0.417232 -0.841849 0.342357
vn 0.430626 -0.868874 0.244171
vn 0.171024 -0.296222 0.939682
vn 0.266440 -0.461487 0.846191
vn 0.353466 -0.612221 0.707282
vn 0.422976 -0.732616 0.533260
vn 0.469785 -0.813692 0.342357
vn 0.484866 -0.839813 0.244171
vn 0.189467 -0.284779 0.939682
vn 0.295173 -0.443660 0.846191
vn 0.391584 -0.588570 0.707282
vn 0.468590 -0.704314 0.533260
vn 0.520447 -0.782258 0.342357
vn 0.537154 -0.807370 0.244171
vn 0.207148 -0.272189 0.939682
vn 0.322717 -0.424045 0.846191
vn 0.428125 -0.562549 0.707282
vn 0.512316 -0.673176 0.533260
vn 0.569013 -0.747674 0.342357
vn 0.587279 -0.771676 0.244171
vn 0.223994 -0.258503 0.939682
vn 0.348962 -0.402724 0.846191
vn 0.462942 -0.534263 0.707282
vn 0.553981 -0.639327 0.533260
vn 0.615288 -0.710079 0.342357
vn 0.635040 -0.732875 0.244171
vn 0.239938 -0.243776 0.939682
vn 0.373802 -0.379780 0.846191
vn 0.495895 -0.503826 0.707282
vn 0.593414 -0.602905 0.533260
vn 0.659085 -0.669626 0.342357
vn 0.680243 -0.691123 0.244171
vn 0.254916 -0.228067 0.939682
vn 0.397136 -0.355308 0.846191
vn 0.526851 -0.471360 0.707282
vn 0.630458 -0.564054 0.533260
vn 0.700228 -0.626476 0.342357
vn 0.722707 -0.646587 0.244171
vn 0.268868 -0.211440 0.939682
vn 0.418872 -0.329404 0.846191
vn 0.555686 -0.436996 0.707282
vn 0.664963 -0.522932 0.533260
vn 0.738552 -0.580804 0.342357
vn 0.762261 -0.599449 0.244171
vn 0.281737 -0.193962 0.939682
vn 0.438921 -0.302174 0.846191
vn 0.582283 -0.400872 0.707282
vn 0.696791 -0.479705 0.533260
vn 0.773902 -0.532793 0.342357
vn 0.798745 -0.549896 0.244171
vn 0.293472 -0.175702 0.939682
vn 0.457202 -0.273728 0.846191
vn 0.606536 -0.363135 0.707282
vn 0.725812 -0.434546 0.533260
vn 0.806136 -0.482636 0.342357
vn 0.832014 -0.498129 0.244171
vn 0.304024 -0.156736 0.939682
vn 0.473642 -0.244180 0.846191
vn 0.628346 -0.323935 0.707282
vn 0.751912 -0.387637 0.533260
vn 0.835123 -0.430536 0.342357
vn 0.861932 -0.444357 0.244171
vn 0.313353 -0.137137 0.939682
vn 0.488176 -0.213648 0.846191
vn 0.647626 -0.283431 0.707282
vn 0.774983 -0.339168 0.533260
vn 0.860748 -0.376702 0.342357
vn 0.888380 -0.388795 0.244171
vn 0.321420 -0.116987 0.939682
vn 0.500743 -0.182256 0.846191
vn 0.664298 -0.241785 0.707282
vn 0.794934 -0.289333 0.533260
vn 0.882907 -0.321352 0.342357
vn 0.911250 -0.331668 0.244171
vn 0.328193 -0.096366 0.939682
vn 0.511294 -0.150129 0.846191
vn 0.678296 -0.199166 0.707282
vn 0.811685 -0.238332 0.533260
vn 0.901511 -0.264708 0.342357
vn 0.930451 -0.273205 0.244171
vn 0.333644 -0.075357 0.939683
vn 0.519787 -0.117399 0.846191
vn 0.689562 -0.155744 0.707282
vn 0.825166 -0.186372 0.533260
vn 0.916485 -0.206997 0.342356
vn 0.945906 -0.213642 0.244171
vn 0.337752 -0.054044 0.939682
vn 0.526186 -0.084196 0.846191
vn 0.698052 -0.111696 0.707282
vn 0.835325 -0.133661 0.533260
vn 0.927768 -0.148453 0.342357
vn 0.957551 -0.153219 0.244171
vn 0.340499 -0.032514 0.939682
vn 0.530467 -0.050653 0.846191
vn 0.703731 -0.067198 0.707282
vn 0.842121 -0.080413 0.533260
vn 0.935316 -0.089312 0.342357
vn 0.965341 -0.092179 0.244171
vn 0.341876 -0.010852 0.939682
vn 0.532611 -0.016907 0.846191
vn 0.706576 -0.022429 0.707282
vn 0.845526 -0.026840 0.533260
vn 0.939097 -0.029811 0.342357
vn 0.969244 -0.030768 0.244171
vn 0.341876 0.010852 0.939682
vn 0.532611 0.016907 0.846191
vn 0.706576 0.022429 0.707282
vn 0.845526 0.026840 0.533260
vn 0.939097 0.029811 0.342357
vn 0.969244 0.030768 0.244171
vn 0.340499 0.032514 0.939682
vn 0.530467 0.050653 0.846191
vn 0.703731 0.067198 0.707282
vn 0.842121 0.080413 0.533260
vn 0.935316 0.089312 0.342357
vn 0.965341 0.092179 0.244171
vn 0.337752 0.054044 0.939682
vn 0.526186 0.084196 0.846191
vn 0.698052 0.111696 0.707282
vn 0.835325 0.133661 0.533260
vn 0.927768 0.148453 0.342356
vn 0.957551 0.153219 0.244171
vn 0.333644 0.075357 0.939683
vn 0.519787 0.117399 0.846191
vn 0.689562 0.155745 0.707282
vn 0.825166 0.186372 0.533260
vn 0.916485 0.206997 0.342357
vn 0.945906 0.213642 0.244171
vn 0.328193 0.096366 0.939683
vn 0.511294 0.150130 0.846191
vn 0.678296 0.199166 0.707282
vn 0.811684 0.238332 0.533260
vn 0.901511 0.264708 0.342357
vn 0.930451 0.273205 0.244171
vn 0.321420 0.116987 0.939683
vn 0.500743 0.182256 0.846191
vn 0.664298 0.241785 0.707282
vn 0.794934 0.289333 0.533260
vn 0.882907 0.321352 0.342357
vn 0.911250 0.331668 0.244171
vn 0.313353 0.137138 0.939682
vn 0.488176 0.213648 0.846191
vn 0.647626 0.283431 0.707282
vn 0.774983 0.339168 0.533260
vn 0.860748 0.376702 0.342356
vn 0.888380 0.388795 0.244171
vn 0.304024 0.156736 0.939682
vn 0.473642 0.244180 0.846191
vn 0.628346 0.323935 0.707282
vn 0.751912 0.387637 0.533260
vn 0.835123 0.430536 0.342357
vn 0.861932 0.444357 0.244171
vn 0.293472 0.175702 0.939682
vn 0.457202 0.273728 0.846191
vn 0.606536 0.363135 0.707282
vn 0.725812 0.434546 0.533260
vn 0.806136 0.482636 0.342357
vn 0.832014 0.498129 0.244171
vn 0.281737 0.193962 0.939682
vn 0.438921 0.302174 0.846191
vn 0.582283 0.400872 0.707282
vn 0.696791 0.479705 0.533260
vn 0.773902 0.532793 0.342357
vn 0.798745 0.549896 0.244171
vn 0.268868 0.211440 0.939682
vn 0.418872 0.329404 0.846191
vn 0.555686 0.436996 0.707282
vn 0.664963 0.522932 0.533260
vn 0.738552 0.580804 0.342357
vn 0.762261 0.599449 0.244171
vn 0.254916 0.228067 0.939682
vn 0.397136 0.355308 0.846191
vn 0.526851 0.471360 0.707282
vn 0.630458 0.564054 0.533260
vn 0.700228 0.626476 0.342357
vn 0.722707 0.646587 0.244171
vn 0.239938 0.243776 0.939683
vn 0.373802 0.379780 0.846191
vn 0.495895 0.503826 0.707282
vn 0.593414 0.602905 0.533260
vn 0.659085 0.669626 0.342357
vn 0.680243 0.691123 0.244171
vn 0.223994 0.258503 0.939683
vn 0.348962 0.402724 0.846191
vn 0.462942 0.534263 0.707282
vn 0.553980 0.639327 0.533260
vn 0.615288 0.710079 0.342357
vn 0.635040 0.732875 0.244171
vn 0.207148 0.272189 0.939682
vn 0.322717 0.424045 0.846191
vn 0.428125 0.562549 0.707282
vn 0.512316 0.673176 0.533260
vn 0.569013 0.747674 0.342357
vn 0.587279 0.771676 0.244171
vn 0.189467 0.284779 0.939682
vn 0.295173 0.443659 0.846191
vn 0.391584 0.588570 0.707282
vn 0.468590 0.704314 0.533260
vn 0.520447 0.782258 0.342357
vn 0.537154 0.807370 0.244171
vn 0.171024 0.296222 0.939682
vn 0.266440 0.461487 0.846191
vn 0.353466 0.612221 0.707282
vn 0.422976 0.732616 0.533260
vn 0.469785 0.813692 0.342357
vn 0.484866 0.839813 0.244171
vn 0.151892 0.306473 0.939683
vn 0.236634 0.477457 0.846191
vn 0.313925 0.633406 0.707282
vn 0.375659 0.757967 0.533260
vn 0.417232 0.841849 0.342357
vn 0.430626 0.868874 0.244171
vn 0.132149 0.315489 0.939683
vn 0.205875 0.491504 0.846191
vn 0.273120 0.652042 0.707282
vn 0.326829 0.780267 0.533260
vn 0.362998 0.866616 0.342357
vn 0.374651 0.894437 0.244171
vn 0.111873 0.323236 0.939683
vn 0.174288 0.503572 0.846191
vn 0.231215 0.668051 0.707282
vn 0.276684 0.799425 0.533260
vn 0.307303 0.887894 0.342357
vn 0.317168 0.916398 0.244171
vn 0.091147 0.329680 0.939683
vn 0.141999 0.513612 0.846191
vn 0.188379 0.681370 0.707282
vn 0.225424 0.815364 0.533260
vn 0.250371 0.905597 0.342357
vn 0.258408 0.934669 0.244171
vn 0.070054 0.334797 0.939683
vn 0.109137 0.521584 0.846191
vn 0.144784 0.691946 0.707282
vn 0.173256 0.828019 0.533260
vn 0.192430 0.919654 0.342357
vn 0.198607 0.949176 0.244171
vn 0.048679 0.338567 0.939683
vn 0.075837 0.527456 0.846191
vn 0.100607 0.699736 0.707282
vn 0.120391 0.837341 0.533260
vn 0.133715 0.930007 0.342357
vn 0.138007 0.959862 0.244171
vn 0.027107 0.340972 0.939683
vn 0.042231 0.531204 0.846191
vn 0.056024 0.704708 0.707282
vn 0.067042 0.843291 0.533260
vn 0.074461 0.936615 0.342357
vn 0.076851 0.966682 0.244171
vn 0.005427 0.342005 0.939683
vn 0.008455 0.532813 0.846191
vn 0.011216 0.706843 0.707282
vn 0.013422 0.845845 0.533260
vn 0.014907 0.939452 0.342357
vn 0.015386 0.969610 0.244171
vn -0.016275 0.341661 0.939682
vn -0.025355 0.532276 0.846191
vn -0.033637 0.706131 0.707282
vn -0.040252 0.844993 0.533260
vn -0.044706 0.938506 0.342356
vn -0.046141 0.968634 0.244171
vn -0.037912 0.339941 0.939683
vn -0.059063 0.529596 0.846191
vn -0.078355 0.702576 0.707282
vn -0.093764 0.840739 0.533260
vn -0.104140 0.933781 0.342357
vn -0.107483 0.963757 0.244171
vn -0.059396 0.336852 0.939683
vn -0.092534 0.524784 0.846191
vn -0.122757 0.696192 0.707282
vn -0.146898 0.833100 0.533260
vn -0.163155 0.925296 0.342357
vn -0.168392 0.955000 0.244171
vn -0.080641 0.332406 0.939682
vn -0.125631 0.517859 0.846191
vn -0.166666 0.687004 0.707282
vn -0.199441 0.822105 0.533260
vn -0.221512 0.913085 0.342357
vn -0.228623 0.942397 0.244171
vn -0.101561 0.326622 0.939682
vn -0.158223 0.508848 0.846191
vn -0.209903 0.675051 0.707282
vn -0.251180 0.807801 0.533260
vn -0.278977 0.897198 0.342357
vn -0.287933 0.925999 0.244171
vn -0.122072 0.319523 0.939682
vn -0.190177 0.497788 0.846191
vn -0.252294 0.660379 0.707282
vn -0.301909 0.790244 0.533260
vn -0.335320 0.877697 0.342357
vn -0.346084 0.905873 0.244171
vn -0.142092 0.311138 0.939683
vn -0.221366 0.484725 0.846191
vn -0.293670 0.643048 0.707282
vn -0.351421 0.769505 0.533260
vn -0.390312 0.854663 0.342357
vn -0.402842 0.882099 0.244171
vn -0.161539 0.301499 0.939682
vn -0.251664 0.469709 0.846191
vn -0.333863 0.623127 0.707282
vn -0.399518 0.745667 0.533260
vn -0.443732 0.828187 0.342357
vn -0.457976 0.854774 0.244171
vn -0.180337 0.290647 0.939682
vn -0.280948 0.452801 0.846191
vn -0.372712 0.600698 0.707282
vn -0.446007 0.718826 0.533260
vn -0.495365 0.798377 0.342357
vn -0.511267 0.824006 0.244171
vn -0.198407 0.278624 0.939683
vn -0.309101 0.434071 0.846191
vn -0.410061 0.575850 0.707282
vn -0.490700 0.689092 0.533260
vn -0.545004 0.765351 0.342357
vn -0.562500 0.789920 0.244171
vn -0.215679 0.265479 0.939682
vn -0.336009 0.413593 0.846191
vn -0.445758 0.548683 0.707282
vn -0.533417 0.656582 0.533260
vn -0.592448 0.729244 0.342357
vn -0.611467 0.752654 0.244171
vn -0.232083 0.251266 0.939683
vn -0.361564 0.391449 0.846191
vn -0.479660 0.519306 0.707282
vn -0.573986 0.621429 0.533260
vn -0.637507 0.690200 0.342357
vn -0.657972 0.712357 0.244171
vn -0.247552 0.236040 0.939682
vn -0.385663 0.367729 0.846191
vn -0.511630 0.487839 0.707282
vn -0.612244 0.583774 0.533260
vn -0.679999 0.648378 0.342357
vn -0.701828 0.669192 0.244171
vn -0.262024 0.219864 0.939682
vn -0.408209 0.342528 0.846191
vn -0.541541 0.454407 0.707282
vn -0.648036 0.543767 0.533260
vn -0.719752 0.603944 0.342357
vn -0.742858 0.623332 0.244171
vn -0.275441 0.202803 0.939682
vn -0.429112 0.315949 0.846191
vn -0.569271 0.419145 0.707282
vn -0.681220 0.501571 0.533260
vn -0.756608 0.557078 0.342357
vn -0.780896 0.574962 0.244171
vn -0.287749 0.184925 0.939682
vn -0.448287 0.288097 0.846191
vn -0.594709 0.382196 0.707282
vn -0.711660 0.457356 0.533260
vn -0.790417 0.507970 0.342357
vn -0.815791 0.524276 0.244171
vn -0.298899 0.166303 0.939682
vn -0.465657 0.259084 0.846191
vn -0.617752 0.343708 0.707282
vn -0.739234 0.411299 0.533260
vn -0.821043 0.456816 0.342357
vn -0.847400 0.471480 0.244171
vn -0.308844 0.147011 0.939682
vn -0.481151 0.229029 0.846191
vn -0.638307 0.303836 0.707282
vn -0.763832 0.363586 0.533260
vn -0.848363 0.403823 0.342357
vn -0.875597 0.416786 0.244171
vn -0.317546 0.127126 0.939682
vn -0.494708 0.198051 0.846191
vn -0.656293 0.262740 0.707282
vn -0.785354 0.314409 0.533260
vn -0.872267 0.349203 0.342357
vn -0.900268 0.360413 0.244171
vn -0.324970 0.106730 0.939682
vn -0.506274 0.166276 0.846191
vn -0.671635 0.220586 0.707282
vn -0.803714 0.263965 0.533260
vn -0.892659 0.293177 0.342357
vn -0.921314 0.302589 0.244171
vn -0.331085 0.085905 0.939683
vn -0.515800 0.133832 0.846191
vn -0.684274 0.177544 0.707282
vn -0.818838 0.212459 0.533260
vn -0.909456 0.235971 0.342357
vn -0.938651 0.243547 0.244171
vn -0.335867 0.064733 0.939682
vn -0.523250 0.100848 0.846191
vn -0.694156 0.133788 0.707282
vn -0.830664 0.160098 0.533260
vn -0.922591 0.177815 0.342357
vn -0.952208 0.183523 0.244171
vn -0.339296 0.043301 0.939682
vn -0.528593 0.067459 0.846191
vn -0.701244 0.089492 0.707282
vn -0.839146 0.107091 0.533260
vn -0.932011 0.118942 0.342357
vn -0.961931 0.122760 0.244171
vn -0.341359 0.021694 0.939683
vn -0.531807 0.033797 0.846191
vn -0.705508 0.044836 0.707282
vn -0.844248 0.053654 0.533260
vn -0.937678 0.059591 0.342357
vn -0.967780 0.061504 0.244171
vn -0.971651 -0.000000 0.236420
vn -0.969695 -0.061626 0.236420
vn -0.963834 -0.123004 0.236421
vn -0.954092 -0.183886 0.236421
vn -0.940508 -0.244028 0.236421
vn -0.923137 -0.303188 0.236422
vn -0.902049 -0.361126 0.236422
vn -0.877329 -0.417610 0.236423
vn -0.849076 -0.472413 0.236424
vn -0.817404 -0.525313 0.236425
vn -0.782441 -0.576099 0.236426
vn -0.744327 -0.624564 0.236426
vn -0.703216 -0.670515 0.236427
vn -0.659273 -0.713765 0.236429
vn -0.612676 -0.754142 0.236430
vn -0.563612 -0.791481 0.236431
vn -0.512278 -0.825634 0.236432
vn -0.458881 -0.856462 0.236434
vn -0.403637 -0.883841 0.236436
vn -0.346768 -0.907662 0.236437
vn -0.288502 -0.927827 0.236438
vn -0.229075 -0.944257 0.236439
vn -0.168725 -0.956884 0.236441
vn -0.107696 -0.965658 0.236443
vn -0.046233 -0.970544 0.236445
vn 0.015422 -0.971521 0.236451
vn 0.077009 -0.968584 0.236461
vn 0.138278 -0.961750 0.236467
vn 0.198998 -0.951043 0.236469
vn 0.258916 -0.936506 0.236471
vn 0.317792 -0.918199 0.236472
vn 0.375387 -0.896194 0.236474
vn 0.431472 -0.870581 0.236475
vn 0.485819 -0.841462 0.236476
vn 0.538209 -0.808956 0.236478
vn 0.588432 -0.773191 0.236479
vn 0.636286 -0.734314 0.236481
vn 0.681578 -0.692479 0.236482
vn 0.724125 -0.647857 0.236483
vn 0.763757 -0.600625 0.236484
vn 0.800313 -0.550975 0.236485
vn 0.833647 -0.499107 0.236486
vn 0.863623 -0.445229 0.236486
vn 0.890123 -0.389558 0.236487
vn 0.913038 -0.332319 0.236488
vn 0.932276 -0.273741 0.236489
vn 0.947761 -0.214061 0.236489
vn 0.959429 -0.153520 0.236489
vn 0.967234 -0.092360 0.236489
vn 0.971145 -0.030828 0.236490
vn 0.971145 0.030828 0.236490
vn 0.967234 0.092360 0.236489
vn 0.959429 0.153520 0.236489
vn 0.947761 0.214061 0.236489
vn 0.932276 0.273741 0.236489
vn 0.913038 0.332319 0.236488
vn 0.890123 0.389558 0.236487
vn 0.863623 0.445229 0.236486
vn 0.833647 0.499107 0.236486
vn 0.800313 0.550975 0.236485
vn 0.763757 0.600625 0.236484
vn 0.724125 0.647857 0.236483
vn 0.681578 0.692479 0.236482
vn 0.636286 0.734314 0.236481
vn 0.588432 0.773191 0.236479
vn 0.538209 0.808956 0.236478
vn 0.485819 0.841462 0.236476
vn 0.431472 0.870581 0.236475
vn 0.375387 0.896194 0.236474
vn 0.317792 0.918199 0.236472
vn 0.258916 0.936506 0.236471
vn 0.198998 0.951043 0.236469
vn 0.138278 0.961750 0.236467
vn 0.077009 0.968584 0.236461
vn 0.015422 0.971521 0.236451
vn -0.046233 0.970544 0.236445
vn -0.107696 0.965658 0.236443
vn -0.168725 0.956884 0.236441
vn -0.229075 0.944257 0.236439
vn -0.288502 0.927827 0.236438
vn -0.346768 0.907662 0.236437
vn -0.403637 0.883841 0.236436
vn -0.458881 0.856462 0.236434
vn -0.512278 0.825634 0.236432
vn -0.563612 0.791481 0.236431
vn -0.612676 0.754142 0.236430
vn -0.659273 0.713765 0.236429
vn -0.703216 0.670515 0.236427
vn -0.744327 0.624564 0.236426
vn -0.782441 0.576099 0.236426
vn -0.817404 0.525313 0.236425
vn -0.849076 0.472413 0.236424
vn -0.877329 0.417610 0.236423
vn -0.902049 0.361126 0.236422
vn -0.923137 0.303188 0.236422
vn -0.940508 0.244028 0.236421
vn -0.954092 0.183886 0.236421
vn -0.963834 0.123004 0.236421
vn -0.969695 0.061626 0.236420
vn -0.236454 -0.000000 -0.971643
vn -0.235978 -0.014997 -0.971643
vn 0.235978 0.014997 0.971643
vn 0.236454 0.000000 0.971643
vn -0.234551 -0.029933 -0.971643
vn 0.234551 0.029933 0.971643
vn -0.232181 -0.044749 -0.971643
vn 0.232181 0.044749 0.971643
vn -0.228875 -0.059385 -0.971643
vn 0.228875 0.059385 0.971643
vn -0.224648 -0.073782 -0.971643
vn 0.224648 0.073782 0.971643
vn -0.219516 -0.087881 -0.971643
vn 0.219516 0.087881 0.971643
vn -0.213501 -0.101627 -0.971643
vn 0.213501 0.101627 0.971643
vn -0.206625 -0.114963 -0.971643
vn 0.206625 0.114963 0.971643
vn -0.198918 -0.127837 -0.971643
vn 0.198918 0.127837 0.971643
vn -0.190409 -0.140195 -0.971643
vn 0.190410 0.140196 0.971643
vn -0.181134 -0.151990 -0.971643
vn 0.181134 0.151990 0.971643
vn -0.171130 -0.163172 -0.971643
vn 0.171130 0.163172 0.971643
vn -0.160437 -0.173697 -0.971643
vn 0.160436 0.173697 0.971643
vn -0.149097 -0.183523 -0.971643
vn 0.149097 0.183523 0.971643
vn -0.137157 -0.192610 -0.971643
vn 0.137157 0.192610 0.971643
vn -0.124665 -0.200921 -0.971643
vn 0.124665 0.200921 0.971643
vn -0.111671 -0.208424 -0.971643
vn 0.111671 0.208424 0.971643
vn -0.098227 -0.215087 -0.971643
vn 0.098227 0.215087 0.971642
vn -0.084388 -0.220884 -0.971643
vn 0.084387 0.220884 0.971643
vn -0.070208 -0.225791 -0.971643
vn 0.070208 0.225791 0.971643
vn -0.055747 -0.229790 -0.971642
vn 0.055746 0.229789 0.971643
vn -0.041060 -0.232863 -0.971643
vn 0.041060 0.232863 0.971643
vn -0.026208 -0.234998 -0.971643
vn 0.026208 0.234998 0.971642
vn -0.011251 -0.236188 -0.971642
vn 0.011251 0.236188 0.971642
vn 0.003727 -0.236454 -0.971636
vn -0.003752 0.236426 0.971642
vn 0.018721 -0.235794 -0.971623
vn -0.018739 0.235712 0.971642
vn 0.033666 -0.234154 -0.971616
vn -0.033651 0.234049 0.971642
vn 0.048449 -0.231548 -0.971616
vn -0.048428 0.231443 0.971642
vn 0.063038 -0.228009 -0.971616
vn -0.063009 0.227906 0.971642
vn 0.077372 -0.223552 -0.971616
vn -0.077337 0.223451 0.971642
vn 0.091395 -0.218194 -0.971616
vn -0.091354 0.218096 0.971642
vn 0.105050 -0.211959 -0.971616
vn -0.105002 0.211863 0.971642
vn 0.118281 -0.204869 -0.971616
vn -0.118228 0.204777 0.971642
vn 0.131037 -0.196955 -0.971616
vn -0.130978 0.196866 0.971642
vn 0.143265 -0.188248 -0.971616
vn -0.143200 0.188163 0.971642
vn 0.154916 -0.178782 -0.971616
vn -0.154846 0.178702 0.971642
vn 0.165943 -0.168597 -0.971616
vn -0.165868 0.168521 0.971642
vn 0.176302 -0.157733 -0.971616
vn -0.176223 0.157662 0.971642
vn 0.185951 -0.146234 -0.971616
vn -0.185867 0.146168 0.971642
vn 0.194852 -0.134146 -0.971616
vn -0.194764 0.134085 0.971642
vn 0.202967 -0.121517 -0.971616
vn -0.202876 0.121462 0.971642
vn 0.210266 -0.108400 -0.971616
vn -0.210171 0.108351 0.971642
vn 0.216718 -0.094846 -0.971616
vn -0.216620 0.094803 0.971642
vn 0.222297 -0.080910 -0.971616
vn -0.222197 0.080873 0.971642
vn 0.226981 -0.066648 -0.971616
vn -0.226879 0.066618 0.971642
vn 0.230751 -0.052117 -0.971616
vn -0.230647 0.052094 0.971642
vn 0.233592 -0.037377 -0.971616
vn -0.233487 0.037361 0.971642
vn 0.235492 -0.022487 -0.971616
vn -0.235386 0.022477 0.971642
vn 0.236444 -0.007506 -0.971616
vn -0.236338 0.007502 0.971642
vn 0.236444 0.007506 -0.971616
vn -0.236338 -0.007502 0.971642
vn 0.235492 0.022487 -0.971616
vn -0.235386 -0.022477 0.971642
vn 0.233592 0.037377 -0.971616
vn -0.233487 -0.037361 0.971642
vn 0.230751 0.052117 -0.971616
vn -0.230647 -0.052094 0.971642
vn 0.226981 0.066648 -0.971616
vn -0.226879 -0.066618 0.971642
vn 0.222297 0.080910 -0.971616
vn -0.222197 -0.080873 0.971642
vn 0.216718 0.094846 -0.971616
vn -0.216620 -0.094803 0.971642
vn 0.210266 0.108400 -0.971616
vn -0.210171 -0.108351 0.971642
vn 0.202967 0.121517 -0.971616
vn -0.202876 -0.121462 0.971642
vn 0.194852 0.134146 -0.971616
vn -0.194764 -0.134085 0.971642
vn 0.185951 0.146234 -0.971616
vn -0.185867 -0.146168 0.971642
vn 0.176302 0.157733 -0.971616
vn -0.176223 -0.157662 0.971642
vn 0.165943 0.168597 -0.971616
vn -0.165868 -0.168521 0.971642
vn 0.154916 0.178782 -0.971616
vn -0.154846 -0.178702 0.971642
vn 0.143265 0.188248 -0.971616
vn -0.143200 -0.188163 0.971642
vn 0.131037 0.196955 -0.971616
vn -0.130978 -0.196866 0.971642
vn 0.118281 0.204869 -0.971616
vn -0.118228 -0.204777 0.971642
vn 0.105050 0.211959 -0.971616
vn -0.105002 -0.211863 0.971642
vn 0.091395 0.218194 -0.971616
vn -0.091354 -0.218096 0.971642
vn 0.077372 0.223552 -0.971616
vn -0.077337 -0.223451 0.971642
vn 0.063038 0.228009 -0.971616
vn -0.063009 -0.227906 0.971642
vn 0.048449 0.231548 -0.971616
vn -0.048428 -0.231443 0.971642
vn 0.033666 0.234154 -0.971616
vn -0.033651 -0.234049 0.971642
vn 0.018720 0.235792 -0.971623
vn -0.018739 -0.235712 0.971642
vn 0.003727 0.236453 -0.971636
vn -0.003752 -0.236426 0.971642
vn -0.011251 0.236187 -0.971642
vn 0.011251 -0.236188 0.971642
vn -0.026208 0.234998 -0.971643
vn 0.026208 -0.234998 0.971642
vn -0.041060 0.232863 -0.971643
vn 0.041060 -0.232863 0.971643
vn -0.055747 0.229790 -0.971643
vn 0.055746 -0.229790 0.971643
vn -0.070208 0.225791 -0.971643
vn 0.070208 -0.225791 0.971643
vn -0.084388 0.220884 -0.971643
vn 0.084387 -0.220884 0.971643
vn -0.098227 0.215087 -0.971643
vn 0.098227 -0.215087 0.971643
vn -0.111671 0.208424 -0.971643
vn 0.111671 -0.208424 0.971643
vn -0.124665 0.200921 -0.971643
vn 0.124665 -0.200921 0.971643
vn -0.137157 0.192610 -0.971643
vn 0.137157 -0.192610 0.971643
vn -0.149097 0.183523 -0.971643
vn 0.149097 -0.183523 0.971643
vn -0.160437 0.173697 -0.971643
vn 0.160436 -0.173697 0.971643
vn -0.171130 0.163172 -0.971643
vn 0.171130 -0.163172 0.971643
vn -0.181134 0.151990 -0.971643
vn 0.181134 -0.151990 0.971643
vn -0.190409 0.140195 -0.971643
vn 0.190410 -0.140196 0.971643
vn -0.198918 0.127837 -0.971643
vn 0.198918 -0.127837 0.971643
vn -0.206625 0.114963 -0.971643
vn 0.206625 -0.114963 0.971643
vn -0.213501 0.101627 -0.971643
vn 0.213501 -0.101627 0.971643
vn -0.219516 0.087881 -0.971643
vn 0.219516 -0.087881 0.971643
vn -0.224648 0.073782 -0.971643
vn 0.224648 -0.073782 0.971643
vn -0.228875 0.059385 -0.971643
vn 0.228875 -0.059385 0.971643
vn -0.232181 0.044749 -0.971643
vn 0.232181 -0.044749 0.971643
vn -0.234551 0.029933 -0.971643
vn 0.234551 -0.029933 0.971643
vn -0.235978 0.014997 -0.971643
vn 0.235978 -0.014997 0.971643
vn 0.443884 0.895624 0.028707
vn 0.444020 0.895899 0.014565
vn 0.499947 0.865934 0.014565
vn 0.499794 0.865669 0.028707
vn 0.553861 0.832482 0.014565
vn 0.553692 0.832227 0.028708
vn 0.605546 0.795677 0.014565
vn 0.605360 0.795434 0.028708
vn 0.654791 0.755669 0.014566
vn 0.654591 0.755438 0.028708
vn 0.701400 0.712619 0.014566
vn 0.701185 0.712401 0.028709
vn 0.745185 0.666698 0.014566
vn 0.744957 0.666494 0.028709
vn 0.785970 0.618093 0.014566
vn 0.785729 0.617904 0.028709
vn 0.823589 0.567000 0.014566
vn 0.823337 0.566826 0.028710
vn 0.857892 0.513623 0.014566
vn 0.857630 0.513466 0.028710
vn 0.888741 0.458178 0.014566
vn 0.888469 0.458038 0.028710
vn 0.916011 0.400888 0.014566
vn 0.915731 0.400765 0.028710
vn 0.939593 0.341984 0.014567
vn 0.939305 0.341879 0.028710
vn 0.959391 0.281703 0.014567
vn 0.959098 0.281616 0.028711
vn 0.975326 0.220287 0.014567
vn 0.975028 0.220220 0.028711
vn 0.987334 0.157985 0.014567
vn 0.987032 0.157937 0.028711
vn 0.995366 0.095046 0.014567
vn 0.995062 0.095017 0.028711
vn 0.999390 0.031725 0.014567
vn 0.999085 0.031715 0.028711
vn 0.999390 -0.031725 0.014567
vn 0.999084 -0.031715 0.028711
vn 0.995366 -0.095046 0.014567
vn 0.995062 -0.095017 0.028711
vn 0.987334 -0.157985 0.014567
vn 0.987032 -0.157937 0.028711
vn 0.975326 -0.220287 0.014567
vn 0.975028 -0.220220 0.028711
vn 0.959391 -0.281703 0.014567
vn 0.959098 -0.281616 0.028711
vn 0.939593 -0.341984 0.014567
vn 0.939305 -0.341879 0.028710
vn 0.916011 -0.400888 0.014566
vn 0.915731 -0.400765 0.028710
vn 0.888741 -0.458178 0.014566
vn 0.888469 -0.458038 0.028710
vn 0.857892 -0.513623 0.014566
vn 0.857630 -0.513466 0.028710
vn 0.823589 -0.567000 0.014566
vn 0.823337 -0.566826 0.028710
vn 0.785970 -0.618093 0.014566
vn 0.785729 -0.617904 0.028709
vn 0.745185 -0.666698 0.014566
vn 0.744957 -0.666494 0.028709
vn 0.701400 -0.712619 0.014566
vn 0.701185 -0.712401 0.028709
vn 0.654791 -0.755669 0.014566
vn 0.654591 -0.755438 0.028708
vn 0.605546 -0.795677 0.014565
vn 0.605360 -0.795434 0.028708
vn 0.553861 -0.832482 0.014565
vn 0.553692 -0.832227 0.028708
vn 0.499947 -0.865934 0.014565
vn 0.499794 -0.865669 0.028707
vn 0.444019 -0.895899 0.014565
vn 0.443884 -0.895624 0.028707
vn 0.386304 -0.922256 0.014565
vn 0.386186 -0.921974 0.028706
vn 0.327034 -0.944901 0.014564
vn 0.326933 -0.944611 0.028706
vn 0.266445 -0.963740 0.014564
vn 0.266364 -0.963445 0.028706
vn 0.204785 -0.978699 0.014564
vn 0.204722 -0.978399 0.028705
vn 0.142300 -0.989717 0.014564
vn 0.142256 -0.989413 0.028705
vn 0.079242 -0.996749 0.014563
vn 0.079217 -0.996444 0.028704
vn 0.015864 -0.999768 0.014563
vn 0.015859 -0.999462 0.028704
vn -0.047577 -0.998761 0.014563
vn -0.047562 -0.998456 0.028703
vn -0.110827 -0.993733 0.014563
vn -0.110793 -0.993429 0.028703
vn -0.173630 -0.984703 0.014562
vn -0.173577 -0.984402 0.028702
vn -0.235734 -0.971709 0.014562
vn -0.235662 -0.971411 0.028702
vn -0.296889 -0.954801 0.014562
vn -0.296798 -0.954509 0.028701
vn -0.356848 -0.934049 0.014562
vn -0.356739 -0.933763 0.028701
vn -0.415371 -0.909536 0.014562
vn -0.415244 -0.909257 0.028701
vn -0.472221 -0.881360 0.014561
vn -0.472077 -0.881090 0.028700
vn -0.527170 -0.849635 0.014561
vn -0.527008 -0.849375 0.028700
vn -0.579995 -0.814490 0.014561
vn -0.579818 -0.814241 0.028699
vn -0.630486 -0.776064 0.014561
vn -0.630293 -0.775827 0.028699
vn -0.678437 -0.734514 0.014561
vn -0.678230 -0.734289 0.028699
vn -0.723657 -0.690006 0.014560
vn -0.723436 -0.689795 0.028698
vn -0.765963 -0.642719 0.014560
vn -0.765729 -0.642523 0.028698
vn -0.805185 -0.592845 0.014560
vn -0.804938 -0.592664 0.028698
vn -0.841164 -0.540584 0.014560
vn -0.840907 -0.540418 0.028698
vn -0.873757 -0.486145 0.014560
vn -0.873490 -0.485996 0.028697
vn -0.902831 -0.429749 0.014560
vn -0.902555 -0.429618 0.028697
vn -0.928270 -0.371623 0.014560
vn -0.927986 -0.371510 0.028697
vn -0.949971 -0.312000 0.014560
vn -0.949680 -0.311905 0.028697
vn -0.967846 -0.251121 0.014560
vn -0.967550 -0.251044 0.028697
vn -0.981825 -0.189231 0.014559
vn -0.981524 -0.189173 0.028696
vn -0.991850 -0.126579 0.014559
vn -0.991546 -0.126541 0.028696
vn -0.997881 -0.063417 0.014559
vn -0.997576 -0.063398 0.028696
vn -0.999894 0.000000 0.014559
vn -0.999588 0.000000 0.028696
vn -0.997881 0.063417 0.014559
vn -0.997576 0.063398 0.028696
vn -0.991850 0.126579 0.014559
vn -0.991546 0.126541 0.028696
vn -0.981825 0.189231 0.014559
vn -0.981524 0.189173 0.028696
vn -0.967846 0.251121 0.014560
vn -0.967550 0.251044 0.028697
vn -0.949971 0.312000 0.014560
vn -0.949680 0.311905 0.028697
vn -0.928269 0.371623 0.014560
vn -0.927986 0.371510 0.028697
vn -0.902831 0.429749 0.014560
vn -0.902555 0.429618 0.028697
vn -0.873757 0.486145 0.014560
vn -0.873490 0.485996 0.028697
vn -0.841164 0.540584 0.014560
vn -0.840907 0.540418 0.028698
vn -0.805185 0.592845 0.014560
vn -0.804938 0.592664 0.028698
vn -0.765963 0.642719 0.014560
vn -0.765729 0.642523 0.028698
vn -0.723657 0.690006 0.014560
vn -0.723436 0.689795 0.028698
vn -0.678437 0.734514 0.014561
vn -0.678230 0.734289 0.028699
vn -0.630486 0.776064 0.014561
vn -0.630293 0.775827 0.028699
vn -0.579995 0.814490 0.014561
vn -0.579818 0.814241 0.028699
vn -0.527170 0.849635 0.014561
vn -0.527008 0.849375 0.028700
vn -0.472221 0.881360 0.014561
vn -0.472077 0.881090 0.028700
vn -0.415371 0.909536 0.014562
vn -0.415244 0.909257 0.028701
vn -0.356848 0.934049 0.014562
vn -0.356739 0.933763 0.028701
vn -0.296889 0.954801 0.014562
vn -0.296798 0.954509 0.028701
vn -0.235734 0.971709 0.014562
vn -0.235662 0.971411 0.028702
vn -0.173630 0.984703 0.014562
vn -0.173577 0.984402 0.028702
vn -0.110827 0.993733 0.014563
vn -0.110793 0.993429 0.028703
vn -0.047577 0.998761 0.014563
vn -0.047562 0.998456 0.028703
vn 0.015864 0.999768 0.014563
vn 0.015859 0.999462 0.028704
vn 0.079242 0.996749 0.014563
vn 0.079217 0.996444 0.028704
vn 0.142300 0.989716 0.014564
vn 0.142256 0.989413 0.028705
vn 0.204785 0.978699 0.014564
vn 0.204722 0.978399 0.028705
vn 0.266445 0.963740 0.014564
vn 0.266364 0.963445 0.028706
vn 0.327034 0.944901 0.014564
vn 0.326933 0.944611 0.028706
vn 0.386304 0.922256 0.014565
vn 0.386186 0.921974 0.028706
vn 0.442801 0.893440 0.075451
vn 0.498575 0.863557 0.075452
vn 0.498485 0.863402 0.077775
vn 0.442722 0.893280 0.077774
vn 0.552341 0.830196 0.075453
vn 0.552242 0.830048 0.077776
vn 0.603883 0.793493 0.075454
vn 0.603775 0.793351 0.077777
vn 0.652994 0.753595 0.075455
vn 0.652877 0.753460 0.077778
vn 0.699475 0.710662 0.075456
vn 0.699350 0.710535 0.077779
vn 0.743140 0.664868 0.075457
vn 0.743007 0.664749 0.077780
vn 0.783812 0.616397 0.075458
vn 0.783672 0.616286 0.077781
vn 0.821328 0.565443 0.075458
vn 0.821181 0.565342 0.077781
vn 0.855537 0.512213 0.075459
vn 0.855384 0.512121 0.077782
vn 0.886301 0.456920 0.075460
vn 0.886143 0.456838 0.077783
vn 0.913496 0.399788 0.075460
vn 0.913333 0.399716 0.077783
vn 0.937013 0.341045 0.075461
vn 0.936846 0.340984 0.077784
vn 0.956757 0.280929 0.075461
vn 0.956586 0.280879 0.077784
vn 0.972649 0.219683 0.075461
vn 0.972474 0.219643 0.077784
vn 0.984624 0.157551 0.075462
vn 0.984447 0.157522 0.077785
vn 0.992634 0.094785 0.075462
vn 0.992456 0.094768 0.077785
vn 0.996647 0.031638 0.075462
vn 0.996468 0.031632 0.077785
vn 0.996647 -0.031638 0.075462
vn 0.996468 -0.031632 0.077785
vn 0.992634 -0.094785 0.075462
vn 0.992456 -0.094768 0.077785
vn 0.984624 -0.157551 0.075462
vn 0.984447 -0.157522 0.077785
vn 0.972649 -0.219683 0.075461
vn 0.972474 -0.219643 0.077784
vn 0.956757 -0.280929 0.075461
vn 0.956586 -0.280879 0.077784
vn 0.937013 -0.341045 0.075461
vn 0.936846 -0.340984 0.077784
vn 0.913496 -0.399788 0.075460
vn 0.913333 -0.399716 0.077783
vn 0.886301 -0.456920 0.075460
vn 0.886143 -0.456838 0.077783
vn 0.855537 -0.512213 0.075459
vn 0.855384 -0.512121 0.077782
vn 0.821328 -0.565443 0.075458
vn 0.821181 -0.565342 0.077781
vn 0.783812 -0.616397 0.075458
vn 0.783672 -0.616286 0.077781
vn 0.743140 -0.664868 0.075457
vn 0.743007 -0.664749 0.077780
vn 0.699475 -0.710662 0.075456
vn 0.699350 -0.710535 0.077779
vn 0.652994 -0.753595 0.075455
vn 0.652877 -0.753460 0.077778
vn 0.603883 -0.793493 0.075454
vn 0.603775 -0.793351 0.077777
vn 0.552341 -0.830196 0.075453
vn 0.552242 -0.830048 0.077776
vn 0.498575 -0.863557 0.075452
vn 0.498485 -0.863402 0.077775
vn 0.442801 -0.893440 0.075451
vn 0.442722 -0.893280 0.077774
vn 0.385244 -0.919725 0.075450
vn 0.385175 -0.919561 0.077773
vn 0.326136 -0.942307 0.075449
vn 0.326077 -0.942139 0.077772
vn 0.265714 -0.961095 0.075448
vn 0.265667 -0.960923 0.077771
vn 0.204223 -0.976013 0.075447
vn 0.204186 -0.975838 0.077769
vn 0.141909 -0.987000 0.075446
vn 0.141883 -0.986824 0.077768
vn 0.079024 -0.994014 0.075444
vn 0.079010 -0.993836 0.077767
vn 0.015821 -0.997025 0.075443
vn 0.015818 -0.996846 0.077766
vn -0.047446 -0.996021 0.075442
vn -0.047438 -0.995843 0.077764
vn -0.110523 -0.991006 0.075441
vn -0.110503 -0.990829 0.077763
vn -0.173153 -0.982001 0.075440
vn -0.173122 -0.981826 0.077762
vn -0.235087 -0.969042 0.075438
vn -0.235045 -0.968869 0.077761
vn -0.296074 -0.952181 0.075437
vn -0.296021 -0.952011 0.077760
vn -0.355869 -0.931486 0.075436
vn -0.355806 -0.931319 0.077758
vn -0.414232 -0.907040 0.075435
vn -0.414158 -0.906878 0.077757
vn -0.470926 -0.878942 0.075434
vn -0.470841 -0.878785 0.077756
vn -0.525723 -0.847305 0.075433
vn -0.525629 -0.847153 0.077755
vn -0.578404 -0.812255 0.075432
vn -0.578301 -0.812110 0.077754
vn -0.628756 -0.773935 0.075431
vn -0.628644 -0.773797 0.077753
vn -0.676576 -0.732499 0.075430
vn -0.676455 -0.732368 0.077752
vn -0.721672 -0.688113 0.075429
vn -0.721543 -0.687990 0.077751
vn -0.763862 -0.640957 0.075428
vn -0.763725 -0.640842 0.077750
vn -0.802976 -0.591219 0.075428
vn -0.802832 -0.591113 0.077750
vn -0.838857 -0.539100 0.075427
vn -0.838707 -0.539004 0.077749
vn -0.871360 -0.484812 0.075426
vn -0.871204 -0.484725 0.077748
vn -0.900355 -0.428570 0.075426
vn -0.900194 -0.428494 0.077748
vn -0.925723 -0.370604 0.075425
vn -0.925558 -0.370538 0.077747
vn -0.947365 -0.311145 0.075425
vn -0.947195 -0.311089 0.077747
vn -0.965191 -0.250433 0.075425
vn -0.965019 -0.250388 0.077746
vn -0.979132 -0.188712 0.075424
vn -0.978957 -0.188678 0.077746
vn -0.989129 -0.126232 0.075424
vn -0.988952 -0.126209 0.077746
vn -0.995144 -0.063243 0.075424
vn -0.994966 -0.063232 0.077746
vn -0.997152 -0.000000 0.075424
vn -0.996973 0.000000 0.077746
vn -0.995144 0.063243 0.075424
vn -0.994966 0.063232 0.077746
vn -0.989129 0.126232 0.075424
vn -0.988952 0.126209 0.077746
vn -0.979132 0.188712 0.075424
vn -0.978957 0.188678 0.077746
vn -0.965191 0.250433 0.075425
vn -0.965019 0.250388 0.077747
vn -0.947365 0.311145 0.075425
vn -0.947195 0.311089 0.077747
vn -0.925723 0.370604 0.075425
vn -0.925558 0.370538 0.077747
vn -0.900355 0.428570 0.075426
vn -0.900193 0.428494 0.077748
vn -0.871360 0.484812 0.075426
vn -0.871204 0.484725 0.077748
vn -0.838857 0.539100 0.075427
vn -0.838707 0.539004 0.077749
vn -0.802976 0.591219 0.075428
vn -0.802832 0.591114 0.077750
vn -0.763862 0.640957 0.075428
vn -0.763725 0.640842 0.077750
vn -0.721672 0.688113 0.075429
vn -0.721543 0.687990 0.077751
vn -0.676576 0.732499 0.075430
vn -0.676455 0.732368 0.077752
vn -0.628756 0.773935 0.075431
vn -0.628644 0.773797 0.077753
vn -0.578404 0.812255 0.075432
vn -0.578301 0.812110 0.077754
vn -0.525723 0.847305 0.075433
vn -0.525629 0.847153 0.077755
vn -0.470926 0.878942 0.075434
vn -0.470841 0.878785 0.077756
vn -0.414232 0.907040 0.075435
vn -0.414157 0.906878 0.077757
vn -0.355869 0.931486 0.075436
vn -0.355806 0.931319 0.077758
vn -0.296074 0.952181 0.075437
vn -0.296021 0.952011 0.077760
vn -0.235087 0.969042 0.075438
vn -0.235045 0.968869 0.077761
vn -0.173153 0.982001 0.075440
vn -0.173122 0.981826 0.077762
vn -0.110523 0.991006 0.075441
vn -0.110503 0.990829 0.077763
vn -0.047446 0.996021 0.075442
vn -0.047438 0.995843 0.077764
vn 0.015821 0.997025 0.075443
vn 0.015818 0.996846 0.077766
vn 0.079024 0.994014 0.075444
vn 0.079010 0.993836 0.077767
vn 0.141909 0.987000 0.075446
vn 0.141883 0.986824 0.077768
vn 0.204223 0.976013 0.075447
vn 0.204186 0.975838 0.077769
vn 0.265714 0.961095 0.075448
vn 0.265667 0.960923 0.077771
vn 0.326136 0.942307 0.075449
vn 0.326077 0.942139 0.077772
vn 0.385244 0.919725 0.075450
vn 0.385175 0.919561 0.077773
vn 0.499321 0.864850 0.052094
vn 0.443464 0.894777 0.052093
vn 0.553168 0.831439 0.052095
vn 0.604787 0.794681 0.052095
vn 0.653972 0.754723 0.052096
vn 0.700522 0.711726 0.052097
vn 0.744252 0.665864 0.052097
vn 0.784986 0.617319 0.052098
vn 0.822558 0.566290 0.052098
vn 0.856818 0.512980 0.052099
vn 0.887628 0.457604 0.052099
vn 0.914864 0.400386 0.052100
vn 0.938416 0.341555 0.052100
vn 0.958190 0.281350 0.052100
vn 0.974105 0.220011 0.052100
vn 0.986098 0.157787 0.052101
vn 0.994120 0.094927 0.052101
vn 0.998139 0.031685 0.052100
vn 0.998139 -0.031685 0.052100
vn 0.994120 -0.094927 0.052101
vn 0.986098 -0.157787 0.052101
vn 0.974105 -0.220011 0.052100
vn 0.958190 -0.281350 0.052100
vn 0.938416 -0.341555 0.052100
vn 0.914864 -0.400386 0.052100
vn 0.887628 -0.457604 0.052099
vn 0.856818 -0.512980 0.052099
vn 0.822558 -0.566290 0.052098
vn 0.784986 -0.617319 0.052098
vn 0.744252 -0.665864 0.052097
vn 0.700522 -0.711726 0.052097
vn 0.653972 -0.754723 0.052096
vn 0.604787 -0.794681 0.052095
vn 0.553168 -0.831439 0.052095
vn 0.499321 -0.864850 0.052094
vn 0.443464 -0.894777 0.052093
vn 0.385820 -0.921102 0.052092
vn 0.326624 -0.943718 0.052091
vn 0.266112 -0.962534 0.052091
vn 0.204528 -0.977474 0.052090
vn 0.142121 -0.988478 0.052089
vn 0.079142 -0.995502 0.052089
vn 0.015844 -0.998517 0.052088
vn -0.047517 -0.997511 0.052087
vn -0.110688 -0.992490 0.052086
vn -0.173413 -0.983471 0.052085
vn -0.235439 -0.970493 0.052085
vn -0.296517 -0.953606 0.052084
vn -0.356402 -0.932880 0.052083
vn -0.414851 -0.908397 0.052082
vn -0.471630 -0.880257 0.052081
vn -0.526510 -0.848572 0.052081
vn -0.579270 -0.813471 0.052080
vn -0.629697 -0.775093 0.052079
vn -0.677589 -0.733595 0.052078
vn -0.722752 -0.689143 0.052078
vn -0.765005 -0.641915 0.052077
vn -0.804177 -0.592104 0.052077
vn -0.840112 -0.539907 0.052076
vn -0.872664 -0.485537 0.052076
vn -0.901701 -0.429212 0.052075
vn -0.927108 -0.371158 0.052075
vn -0.948782 -0.311610 0.052075
vn -0.966635 -0.250807 0.052075
vn -0.980596 -0.188994 0.052075
vn -0.990609 -0.126421 0.052075
vn -0.996633 -0.063338 0.052075
vn -0.998643 0.000000 0.052075
vn -0.996633 0.063338 0.052075
vn -0.990609 0.126421 0.052075
vn -0.980596 0.188994 0.052075
vn -0.966635 0.250807 0.052075
vn -0.948782 0.311610 0.052075
vn -0.927108 0.371158 0.052075
vn -0.901701 0.429212 0.052075
vn -0.872664 0.485537 0.052076
vn -0.840112 0.539907 0.052076
vn -0.804177 0.592104 0.052077
vn -0.765005 0.641915 0.052077
vn -0.722752 0.689143 0.052078
vn -0.677589 0.733595 0.052078
vn -0.629697 0.775093 0.052079
vn -0.579270 0.813471 0.052080
vn -0.526510 0.848572 0.052081
vn -0.471630 0.880257 0.052081
vn -0.414851 0.908397 0.052082
vn -0.356402 0.932880 0.052083
vn -0.296517 0.953606 0.052084
vn -0.235439 0.970493 0.052085
vn -0.173413 0.983471 0.052085
vn -0.110688 0.992490 0.052086
vn -0.047517 0.997511 0.052087
vn 0.015844 0.998517 0.052088
vn 0.079142 0.995502 0.052089
vn 0.142121 0.988478 0.052089
vn 0.204528 0.977474 0.052090
vn 0.266112 0.962534 0.052091
vn 0.326624 0.943718 0.052091
vn 0.385820 0.921102 0.052092
vn -0.026054 -0.045127 0.998642
vn -0.023139 -0.046688 0.998642
vn 0.023114 0.046630 -0.998645
vn 0.026046 0.045107 -0.998643
vn -0.028864 -0.043383 0.998642
vn 0.028864 0.043383 -0.998642
vn -0.031557 -0.041465 0.998642
vn 0.031557 0.041465 -0.998642
vn -0.034124 -0.039381 0.998642
vn 0.034123 0.039380 -0.998642
vn -0.036553 -0.037137 0.998642
vn 0.036552 0.037137 -0.998642
vn -0.038834 -0.034744 0.998642
vn 0.038834 0.034744 -0.998642
vn -0.040960 -0.032211 0.998642
vn 0.040960 0.032211 -0.998642
vn -0.042920 -0.029548 0.998642
vn 0.042920 0.029548 -0.998642
vn -0.044708 -0.026767 0.998642
vn 0.044708 0.026767 -0.998642
vn -0.046315 -0.023877 0.998642
vn 0.046315 0.023877 -0.998642
vn -0.047736 -0.020892 0.998642
vn 0.047736 0.020892 -0.998642
vn -0.048965 -0.017822 0.998642
vn 0.048965 0.017822 -0.998642
vn -0.049997 -0.014681 0.998642
vn 0.049997 0.014680 -0.998642
vn -0.050828 -0.011480 0.998641
vn 0.050828 0.011480 -0.998642
vn -0.051454 -0.008233 0.998642
vn 0.051453 0.008233 -0.998642
vn -0.051872 -0.004953 0.998642
vn 0.051872 0.004953 -0.998642
vn -0.052082 -0.001653 0.998642
vn 0.052082 0.001653 -0.998641
vn -0.052082 0.001653 0.998642
vn 0.052082 -0.001653 -0.998641
vn -0.051872 0.004953 0.998642
vn 0.051872 -0.004953 -0.998642
vn -0.051454 0.008233 0.998642
vn 0.051453 -0.008233 -0.998642
vn -0.050828 0.011480 0.998641
vn 0.050828 -0.011480 -0.998642
vn -0.049997 0.014681 0.998642
vn 0.049997 -0.014680 -0.998642
vn -0.048965 0.017822 0.998642
vn 0.048965 -0.017822 -0.998642
vn -0.047736 0.020892 0.998642
vn 0.047736 -0.020892 -0.998642
vn -0.046315 0.023877 0.998642
vn 0.046315 -0.023877 -0.998642
vn -0.044708 0.026767 0.998642
vn 0.044708 -0.026767 -0.998642
vn -0.042920 0.029548 0.998642
vn 0.042920 -0.029548 -0.998642
vn -0.040960 0.032211 0.998642
vn 0.040960 -0.032211 -0.998642
vn -0.038834 0.034744 0.998642
vn 0.038834 -0.034744 -0.998642
vn -0.036553 0.037137 0.998642
vn 0.036552 -0.037137 -0.998642
vn -0.034124 0.039381 0.998642
vn 0.034123 -0.039380 -0.998642
vn -0.031557 0.041465 0.998642
vn 0.031557 -0.041465 -0.998642
vn -0.028864 0.043383 0.998642
vn 0.028864 -0.043383 -0.998642
vn -0.026054 0.045127 0.998642
vn 0.026046 -0.045107 -0.998643
vn -0.023139 0.046688 0.998642
vn 0.023114 -0.046630 -0.998645
vn -0.020132 0.048062 0.998642
vn 0.020099 -0.047984 -0.998646
vn -0.017043 0.049242 0.998642
vn 0.017024 -0.049182 -0.998645
vn -0.013885 0.050224 0.998642
vn 0.013881 -0.050203 -0.998643
vn -0.010671 0.050982 0.998643
vn 0.010672 -0.051003 -0.998642
vn -0.007410 0.051514 0.998645
vn 0.007416 -0.051578 -0.998642
vn -0.004123 0.051860 0.998646
vn 0.004130 -0.051944 -0.998642
vn -0.000825 0.052017 0.998646
vn 0.000827 -0.052101 -0.998642
vn 0.002475 0.051964 0.998646
vn -0.002479 -0.052049 -0.998642
vn 0.005766 0.051703 0.998646
vn -0.005776 -0.051787 -0.998642
vn 0.009036 0.051254 0.998645
vn -0.009048 -0.051316 -0.998642
vn 0.012278 0.050619 0.998643
vn -0.012285 -0.050639 -0.998642
vn 0.015472 0.049758 0.998642
vn -0.015472 -0.049758 -0.998642
vn 0.018597 0.048676 0.998642
vn -0.018597 -0.048677 -0.998642
vn 0.021646 0.047399 0.998642
vn -0.021646 -0.047399 -0.998642
vn 0.024609 0.045931 0.998642
vn -0.024597 -0.045914 -0.998643
vn 0.027473 0.044277 0.998642
vn -0.027437 -0.044225 -0.998645
vn 0.030226 0.042446 0.998642
vn -0.030177 -0.042377 -0.998646
vn 0.032857 0.040443 0.998642
vn -0.032804 -0.040378 -0.998646
vn 0.035356 0.038278 0.998642
vn -0.035298 -0.038216 -0.998646
vn 0.037712 0.035959 0.998642
vn -0.037651 -0.035900 -0.998646
vn 0.039917 0.033494 0.998642
vn -0.039852 -0.033440 -0.998646
vn 0.041961 0.030895 0.998642
vn -0.041893 -0.030845 -0.998646
vn 0.043836 0.028172 0.998642
vn -0.043765 -0.028126 -0.998646
vn 0.045534 0.025335 0.998642
vn -0.045478 -0.025305 -0.998645
vn 0.047050 0.022396 0.998642
vn -0.047030 -0.022388 -0.998643
vn 0.048375 0.019367 0.998642
vn -0.048375 -0.019367 -0.998642
vn 0.049506 0.016259 0.998642
vn -0.049506 -0.016259 -0.998642
vn 0.050438 0.013087 0.998642
vn -0.050438 -0.013087 -0.998642
vn 0.051166 0.009862 0.998642
vn -0.051166 -0.009862 -0.998642
vn 0.051689 0.006597 0.998642
vn -0.051689 -0.006597 -0.998642
vn 0.052003 0.003305 0.998642
vn -0.052003 -0.003305 -0.998642
vn 0.052108 -0.000000 0.998642
vn -0.052108 -0.000000 -0.998641
vn 0.052003 -0.003305 0.998642
vn -0.052003 0.003305 -0.998641
vn 0.051689 -0.006597 0.998642
vn -0.051689 0.006597 -0.998642
vn 0.051166 -0.009862 0.998642
vn -0.051166 0.009862 -0.998642
vn 0.050438 -0.013087 0.998642
vn -0.050438 0.013087 -0.998642
vn 0.049506 -0.016259 0.998642
vn -0.049506 0.016259 -0.998642
vn 0.048375 -0.019367 0.998642
vn -0.048375 0.019367 -0.998642
vn 0.047050 -0.022396 0.998642
vn -0.047030 0.022388 -0.998643
vn 0.045534 -0.025335 0.998642
vn -0.045478 0.025305 -0.998645
vn 0.043836 -0.028172 0.998642
vn -0.043765 0.028126 -0.998646
vn 0.041961 -0.030895 0.998642
vn -0.041893 0.030845 -0.998646
vn 0.039917 -0.033494 0.998642
vn -0.039852 0.033440 -0.998646
vn 0.037712 -0.035959 0.998642
vn -0.037651 0.035900 -0.998646
vn 0.035356 -0.038278 0.998642
vn -0.035298 0.038216 -0.998646
vn 0.032857 -0.040443 0.998642
vn -0.032804 0.040378 -0.998646
vn 0.030226 -0.042446 0.998642
vn -0.030177 0.042377 -0.998646
vn 0.027473 -0.044277 0.998642
vn -0.027437 0.044225 -0.998645
vn 0.024609 -0.045931 0.998642
vn -0.024596 0.045914 -0.998643
vn 0.021646 -0.047399 0.998642
vn -0.021646 0.047399 -0.998642
vn 0.018597 -0.048676 0.998642
vn -0.018597 0.048677 -0.998642
vn 0.015472 -0.049758 0.998642
vn -0.015472 0.049758 -0.998642
vn 0.012278 -0.050619 0.998643
vn -0.012285 0.050639 -0.998642
vn 0.009036 -0.051254 0.998645
vn -0.009048 0.051316 -0.998642
vn 0.005766 -0.051703 0.998646
vn -0.005776 0.051787 -0.998642
vn 0.002475 -0.051964 0.998646
vn -0.002479 0.052049 -0.998642
vn -0.000825 -0.052017 0.998646
vn 0.000827 0.052101 -0.998642
vn -0.004123 -0.051860 0.998646
vn 0.004130 0.051944 -0.998642
vn -0.007410 -0.051514 0.998645
vn 0.007416 0.051578 -0.998642
vn -0.010671 -0.050982 0.998643
vn 0.010672 0.051003 -0.998642
vn -0.013885 -0.050224 0.998642
vn 0.013881 0.050203 -0.998643
vn -0.017043 -0.049242 0.998642
vn 0.017024 0.049182 -0.998645
vn -0.020132 -0.048062 0.998642
vn 0.020099 0.047984 -0.998646
vn -0.997987 -0.063424 0.000000
vn -0.991955 -0.126593 0.000000
vn -0.981929 -0.189251 0.000000
vn -0.967949 -0.251148 0.000000
vn -0.950071 -0.312033 0.000000
vn -0.928368 -0.371662 0.000000
vn -0.902927 -0.429795 0.000000
vn -0.873849 -0.486197 0.000000
vn -0.841254 -0.540641 0.000000
vn -0.805270 -0.592908 0.000000
vn -0.766045 -0.642788 0.000000
vn -0.723734 -0.690079 0.000000
vn -0.678509 -0.734592 0.000000
vn -0.630553 -0.776146 0.000000
vn -0.580057 -0.814576 0.000000
vn -0.527226 -0.849725 0.000000
vn -0.472271 -0.881453 0.000000
vn -0.415415 -0.909632 0.000000
vn -0.356886 -0.934148 0.000000
vn -0.296921 -0.954902 0.000000
vn -0.235759 -0.971812 0.000000
vn -0.173648 -0.984808 0.000000
vn -0.110838 -0.993839 0.000000
vn -0.047582 -0.998867 0.000000
vn 0.015866 -0.999874 0.000000
vn 0.079249 -0.996855 0.000000
vn 0.142315 -0.989821 0.000000
vn 0.204807 -0.978802 0.000000
vn 0.266473 -0.963842 0.000000
vn 0.327068 -0.945001 0.000000
vn 0.386345 -0.922354 0.000000
vn 0.444066 -0.895994 0.000000
vn 0.500000 -0.866026 0.000000
vn 0.553920 -0.832570 0.000000
vn 0.605610 -0.795762 0.000000
vn 0.654861 -0.755749 0.000000
vn 0.701475 -0.712694 0.000000
vn 0.745264 -0.666769 0.000000
vn 0.786053 -0.618159 0.000000
vn 0.823677 -0.567060 0.000000
vn 0.857983 -0.513677 0.000000
vn 0.888835 -0.458227 0.000000
vn 0.916108 -0.400931 0.000000
vn 0.939693 -0.342020 0.000000
vn 0.959493 -0.281732 0.000000
vn 0.975430 -0.220311 0.000000
vn 0.987439 -0.158001 0.000000
vn 0.995472 -0.095056 0.000000
vn 0.999497 -0.031728 0.000000
vn 0.999497 0.031728 0.000000
vn 0.995472 0.095056 0.000000
vn 0.987439 0.158001 0.000000
vn 0.975430 0.220311 0.000000
vn 0.959493 0.281732 0.000000
vn 0.939693 0.342020 0.000000
vn 0.916108 0.400931 0.000000
vn 0.888835 0.458227 0.000000
vn 0.857983 0.513677 0.000000
vn 0.823677 0.567060 0.000000
vn 0.786053 0.618159 0.000000
vn 0.745264 0.666769 0.000000
vn 0.701475 0.712694 0.000000
vn 0.654861 0.755749 0.000000
vn 0.605610 0.795762 0.000000
vn 0.553920 0.832570 0.000000
vn 0.500000 0.866026 0.000000
vn 0.444066 0.895994 0.000000
vn 0.386345 0.922354 0.000000
vn 0.327068 0.945001 0.000000
vn 0.266473 0.963842 0.000000
vn 0.204807 0.978802 0.000000
vn 0.142315 0.989821 0.000000
vn 0.079249 0.996855 0.000000
vn 0.015866 0.999874 0.000000
vn -0.047582 0.998867 0.000000
vn -0.110838 0.993839 0.000000
vn -0.173648 0.984808 0.000000
vn -0.235759 0.971812 0.000000
vn -0.296921 0.954902 0.000000
vn -0.356886 0.934148 0.000000
vn -0.415415 0.909632 0.000000
vn -0.472271 0.881453 0.000000
vn -0.527226 0.849725 0.000000
vn -0.580057 0.814576 0.000000
vn -0.630553 0.776146 0.000000
vn -0.678509 0.734592 0.000000
vn -0.723734 0.690079 0.000000
vn -0.766045 0.642788 0.000000
vn -0.805270 0.592908 0.000000
vn -0.841254 0.540641 0.000000
vn -0.873849 0.486197 0.000000
vn -0.902927 0.429795 0.000000
vn -0.928368 0.371662 0.000000
vn -0.950071 0.312033 0.000000
vn -0.967949 0.251148 0.000000
vn -0.981929 0.189251 0.000000
vn -0.991955 0.126593 0.000000
vn -0.997987 0.063424 0.000000
vn 0.997987 0.063424 0.000000
vn 0.991955 0.126593 0.000000
vn 0.981929 0.189251 0.000000
vn 0.967949 0.251148 0.000000
vn 0.950071 0.312034 0.000000
vn 0.928368 0.371663 0.000000
vn 0.902927 0.429795 0.000000
vn 0.873850 0.486197 0.000000
vn 0.841253 0.540641 0.000000
vn 0.805270 0.592908 0.000000
vn 0.766044 0.642788 0.000000
vn 0.723734 0.690079 0.000000
vn 0.678509 0.734592 0.000000
vn 0.630553 0.776147 0.000000
vn 0.580057 0.814576 0.000000
vn 0.527225 0.849725 0.000000
vn 0.472271 0.881453 0.000000
vn 0.415415 0.909632 0.000000
vn 0.356886 0.934148 0.000000
vn 0.296920 0.954902 0.000000
vn 0.235759 0.971812 0.000000
vn 0.173648 0.984808 0.000000
vn 0.110838 0.993838 0.000000
vn 0.047582 0.998867 0.000000
vn -0.015867 0.999874 0.000000
vn -0.079250 0.996855 0.000000
vn -0.142315 0.989821 0.000000
vn -0.204807 0.978803 0.000000
vn -0.266474 0.963842 0.000000
vn -0.327068 0.945001 0.000000
vn -0.386345 0.922354 0.000000
vn -0.444067 0.895994 0.000000
vn -0.500000 0.866025 0.000000
vn -0.553920 0.832570 0.000000
vn -0.605610 0.795762 0.000000
vn -0.654860 0.755750 0.000000
vn -0.701475 0.712694 0.000000
vn -0.745264 0.666769 0.000000
vn -0.786053 0.618159 0.000000
vn -0.823677 0.567060 0.000000
vn -0.857984 0.513677 0.000000
vn -0.888835 0.458227 0.000000
vn -0.916109 0.400931 0.000000
vn -0.939693 0.342020 0.000000
vn -0.959493 0.281733 0.000000
vn -0.975430 0.220311 0.000000
vn -0.987439 0.158001 0.000000
vn -0.995472 0.095056 0.000000
vn -0.999497 0.031728 0.000000
vn -0.999497 -0.031728 0.000000
vn -0.995472 -0.095056 0.000000
vn -0.987439 -0.158001 0.000000
vn -0.975430 -0.220311 0.000000
vn -0.959493 -0.281733 0.000000
vn -0.939693 -0.342020 0.000000
vn -0.916109 -0.400931 0.000000
vn -0.888835 -0.458227 0.000000
vn -0.857984 -0.513677 0.000000
vn -0.823677 -0.567060 0.000000
vn -0.786053 -0.618159 0.000000
vn -0.745264 -0.666769 0.000000
vn -0.701475 -0.712694 0.000000
vn -0.654860 -0.755750 0.000000
vn -0.605610 -0.795762 0.000000
vn -0.553920 -0.832570 0.000000
vn -0.500000 -0.866025 0.000000
vn -0.444067 -0.895994 0.000000
vn -0.386345 -0.922354 0.000000
vn -0.327068 -0.945001 0.000000
vn -0.266474 -0.963842 0.000000
vn -0.204807 -0.978803 0.000000
vn -0.142315 -0.989821 0.000000
vn -0.079250 -0.996855 0.000000
vn -0.015867 -0.999874 0.000000
vn 0.047582 -0.998867 0.000000
vn 0.110838 -0.993838 0.000000
vn 0.173648 -0.984808 0.000000
vn 0.235759 -0.971812 0.000000
vn 0.296920 -0.954902 0.000000
vn 0.356886 -0.934148 0.000000
vn 0.415415 -0.909632 0.000000
vn 0.472271 -0.881453 0.000000
vn 0.527225 -0.849725 0.000000
vn 0.580057 -0.814576 0.000000
vn 0.630553 -0.776147 0.000000
vn 0.678509 -0.734592 0.000000
vn 0.723734 -0.690079 0.000000
vn 0.766044 -0.642788 0.000000
vn 0.805270 -0.592908 0.000000
vn 0.841253 -0.540641 0.000000
vn 0.873850 -0.486197 0.000000
vn 0.902927 -0.429795 0.000000
vn 0.928368 -0.371663 0.000000
vn 0.950071 -0.312034 0.000000
vn 0.967949 -0.251148 0.000000
vn 0.981929 -0.189251 0.000000
vn 0.991955 -0.126593 0.000000
vn 0.997987 -0.063424 0.000000
vn -0.941558 0.000000 -0.336852
vn -0.997987 -0.063424 0.000000
vn -0.939662 -0.059717 -0.336852
vn -0.991955 -0.126593 0.000000
vn -0.933983 -0.119194 -0.336852
vn -0.981929 -0.189252 0.000000
vn -0.924542 -0.178191 -0.336852
vn -0.967949 -0.251148 0.000000
vn -0.911379 -0.236470 -0.336852
vn -0.950071 -0.312033 0.000000
vn -0.894547 -0.293797 -0.336852
vn -0.928368 -0.371662 0.000000
vn -0.874112 -0.349942 -0.336852
vn -0.902926 -0.429795 0.000000
vn -0.850157 -0.404677 -0.336852
vn -0.873849 -0.486197 0.000000
vn -0.822780 -0.457782 -0.336852
vn -0.841254 -0.540641 0.000000
vn -0.792089 -0.509045 -0.336852
vn -0.805270 -0.592908 0.000000
vn -0.758209 -0.558257 -0.336852
vn -0.766045 -0.642787 0.000000
vn -0.721275 -0.605221 -0.336852
vn -0.723734 -0.690079 0.000000
vn -0.681437 -0.649749 -0.336852
vn -0.678509 -0.734592 0.000000
vn -0.638856 -0.691661 -0.336852
vn -0.630552 -0.776147 0.000000
vn -0.593702 -0.730787 -0.336852
vn -0.580057 -0.814576 0.000000
vn -0.546157 -0.766970 -0.336852
vn -0.527226 -0.849725 0.000000
vn -0.496413 -0.800065 -0.336852
vn -0.472271 -0.881454 0.000000
vn -0.444670 -0.829939 -0.336852
vn -0.415415 -0.909632 0.000000
vn -0.391137 -0.856471 -0.336852
vn -0.356886 -0.934148 0.000000
vn -0.336029 -0.879554 -0.336852
vn -0.296921 -0.954902 0.000000
vn -0.279568 -0.899095 -0.336852
vn -0.235759 -0.971812 0.000000
vn -0.221981 -0.915017 -0.336852
vn -0.173648 -0.984808 0.000000
vn -0.163500 -0.927253 -0.336852
vn -0.110838 -0.993839 0.000000
vn -0.104360 -0.935756 -0.336852
vn -0.047582 -0.998867 0.000000
vn -0.044801 -0.940491 -0.336852
vn 0.015866 -0.999874 0.000000
vn 0.014939 -0.941439 -0.336852
vn 0.079250 -0.996855 0.000000
vn 0.074618 -0.938596 -0.336852
vn 0.142314 -0.989821 0.000000
vn 0.133997 -0.931974 -0.336852
vn 0.204807 -0.978802 0.000000
vn 0.192838 -0.921599 -0.336852
vn 0.266474 -0.963842 0.000000
vn 0.250901 -0.907513 -0.336852
vn 0.327068 -0.945001 0.000000
vn 0.307953 -0.889773 -0.336852
vn 0.386345 -0.922354 0.000000
vn 0.363766 -0.868450 -0.336852
vn 0.444066 -0.895994 0.000000
vn 0.418114 -0.843630 -0.336852
vn 0.500000 -0.866025 0.000000
vn 0.470779 -0.815413 -0.336852
vn 0.553920 -0.832570 0.000000
vn 0.521548 -0.783912 -0.336852
vn 0.605610 -0.795762 0.000000
vn 0.570216 -0.749256 -0.336852
vn 0.654861 -0.755749 0.000000
vn 0.616589 -0.711582 -0.336852
vn 0.701475 -0.712694 0.000000
vn 0.660479 -0.671043 -0.336852
vn 0.745264 -0.666769 0.000000
vn 0.701709 -0.627802 -0.336852
vn 0.786053 -0.618159 0.000000
vn 0.740114 -0.582032 -0.336852
vn 0.823677 -0.567060 0.000000
vn 0.775539 -0.533920 -0.336852
vn 0.857983 -0.513677 0.000000
vn 0.807841 -0.483657 -0.336852
vn 0.888835 -0.458227 0.000000
vn 0.836890 -0.431447 -0.336852
vn 0.916108 -0.400931 0.000000
vn 0.862569 -0.377499 -0.336852
vn 0.939693 -0.342020 0.000000
vn 0.884775 -0.322031 -0.336852
vn 0.959493 -0.281733 0.000000
vn 0.903418 -0.265267 -0.336852
vn 0.975430 -0.220311 0.000000
vn 0.918423 -0.207435 -0.336852
vn 0.987439 -0.158001 0.000000
vn 0.929731 -0.148767 -0.336852
vn 0.995472 -0.095056 0.000000
vn 0.937294 -0.089501 -0.336852
vn 0.999497 -0.031728 0.000000
vn 0.941084 -0.029874 -0.336852
vn 0.999497 0.031728 0.000000
vn 0.941084 0.029874 -0.336852
vn 0.995472 0.095056 0.000000
vn 0.937294 0.089501 -0.336852
vn 0.987439 0.158001 0.000000
vn 0.929731 0.148767 -0.336852
vn 0.975430 0.220311 0.000000
vn 0.918423 0.207435 -0.336852
vn 0.959493 0.281733 0.000000
vn 0.903418 0.265268 -0.336852
vn 0.939693 0.342020 0.000000
vn 0.884775 0.322031 -0.336852
vn 0.916108 0.400931 0.000000
vn 0.862569 0.377499 -0.336852
vn 0.888835 0.458227 0.000000
vn 0.836890 0.431447 -0.336852
vn 0.857983 0.513677 0.000000
vn 0.807841 0.483657 -0.336852
vn 0.823677 0.567060 0.000000
vn 0.775539 0.533920 -0.336852
vn 0.786053 0.618159 0.000000
vn 0.740114 0.582032 -0.336852
vn 0.745264 0.666769 0.000000
vn 0.701709 0.627802 -0.336852
vn 0.701475 0.712694 0.000000
vn 0.660479 0.671043 -0.336852
vn 0.654861 0.755749 0.000000
vn 0.616589 0.711582 -0.336852
vn 0.605610 0.795762 0.000000
vn 0.570216 0.749256 -0.336852
vn 0.553920 0.832570 0.000000
vn 0.521548 0.783912 -0.336852
vn 0.500000 0.866025 0.000000
vn 0.470779 0.815413 -0.336852
vn 0.444066 0.895994 0.000000
vn 0.418114 0.843630 -0.336852
vn 0.386345 0.922354 0.000000
vn 0.363766 0.868450 -0.336852
vn 0.327068 0.945001 0.000000
vn 0.307953 0.889773 -0.336852
vn 0.266474 0.963842 0.000000
vn 0.250901 0.907513 -0.336852
vn 0.204807 0.978802 0.000000
vn 0.192838 0.921599 -0.336852
vn 0.142314 0.989821 0.000000
vn 0.133997 0.931974 -0.336852
vn 0.079250 0.996855 0.000000
vn 0.074618 0.938596 -0.336852
vn 0.015866 0.999874 0.000000
vn 0.014939 0.941439 -0.336852
vn -0.047582 0.998867 0.000000
vn -0.044801 0.940491 -0.336852
vn -0.110838 0.993839 0.000000
vn -0.104360 0.935756 -0.336852
vn -0.173648 0.984808 0.000000
vn -0.163500 0.927253 -0.336852
vn -0.235759 0.971812 0.000000
vn -0.221981 0.915017 -0.336852
vn -0.296921 0.954902 0.000000
vn -0.279568 0.899095 -0.336852
vn -0.356886 0.934148 0.000000
vn -0.336029 0.879554 -0.336852
vn -0.415415 0.909632 0.000000
vn -0.391137 0.856471 -0.336852
vn -0.472271 0.881454 0.000000
vn -0.444670 0.829939 -0.336852
vn -0.527226 0.849725 0.000000
vn -0.496413 0.800065 -0.336852
vn -0.580057 0.814576 0.000000
vn -0.546157 0.766970 -0.336852
vn -0.630552 0.776147 0.000000
vn -0.593701 0.730787 -0.336852
vn -0.678509 0.734592 0.000000
vn -0.638856 0.691661 -0.336852
vn -0.723734 0.690079 0.000000
vn -0.681437 0.649749 -0.336852
vn -0.766045 0.642787 0.000000
vn -0.721275 0.605221 -0.336852
vn -0.805270 0.592908 0.000000
vn -0.758209 0.558257 -0.336852
vn -0.841254 0.540641 0.000000
vn -0.792089 0.509045 -0.336852
vn -0.873849 0.486197 0.000000
vn -0.822780 0.457782 -0.336852
vn -0.902926 0.429795 0.000000
vn -0.850157 0.404677 -0.336852
vn -0.928368 0.371662 0.000000
vn -0.874112 0.349942 -0.336852
vn -0.950071 0.312033 0.000000
vn -0.894547 0.293797 -0.336852
vn -0.967949 0.251148 0.000000
vn -0.911380 0.236470 -0.336852
vn -0.981929 0.189252 0.000000
vn -0.924542 0.178191 -0.336852
vn -0.991955 0.126593 0.000000
vn -0.933983 0.119194 -0.336852
vn -0.997987 0.063424 0.000000
vn -0.939662 0.059717 -0.336852
vn -0.773107 0.000000 -0.634275
vn -0.771551 -0.049034 -0.634275
vn -0.766888 -0.097870 -0.634275
vn -0.759137 -0.146312 -0.634275
vn -0.748329 -0.194165 -0.634275
vn -0.734507 -0.241235 -0.634275
vn -0.717728 -0.287335 -0.634275
vn -0.698059 -0.332278 -0.634275
vn -0.675580 -0.375882 -0.634275
vn -0.650380 -0.417974 -0.634275
vn -0.622561 -0.458382 -0.634275
vn -0.592235 -0.496944 -0.634275
vn -0.559524 -0.533505 -0.634275
vn -0.524561 -0.567919 -0.634275
vn -0.487485 -0.600045 -0.634275
vn -0.448447 -0.629755 -0.634275
vn -0.407602 -0.656929 -0.634275
vn -0.365116 -0.681458 -0.634275
vn -0.321160 -0.703244 -0.634275
vn -0.275912 -0.722197 -0.634275
vn -0.229551 -0.738242 -0.634275
vn -0.182267 -0.751315 -0.634275
vn -0.134249 -0.761362 -0.634275
vn -0.085690 -0.768344 -0.634275
vn -0.036786 -0.772232 -0.634275
vn 0.012266 -0.773010 -0.634275
vn 0.061269 -0.770676 -0.634275
vn 0.110025 -0.765238 -0.634275
vn 0.158338 -0.756720 -0.634275
vn 0.206013 -0.745154 -0.634275
vn 0.252859 -0.730587 -0.634275
vn 0.298686 -0.713079 -0.634275
vn 0.343311 -0.692700 -0.634275
vn 0.386554 -0.669531 -0.634275
vn 0.428240 -0.643666 -0.634275
vn 0.468201 -0.615210 -0.634275
vn 0.506278 -0.584276 -0.634275
vn 0.542316 -0.550989 -0.634275
vn 0.576170 -0.515484 -0.634275
vn 0.607704 -0.477904 -0.634275
vn 0.636791 -0.438398 -0.634275
vn 0.663314 -0.397128 -0.634275
vn 0.687165 -0.354258 -0.634275
vn 0.708250 -0.309962 -0.634275
vn 0.726484 -0.264418 -0.634275
vn 0.741791 -0.217810 -0.634275
vn 0.754112 -0.170324 -0.634275
vn 0.763397 -0.122152 -0.634275
vn 0.769607 -0.073489 -0.634275
vn 0.772718 -0.024529 -0.634275
vn 0.772718 0.024529 -0.634275
vn 0.769607 0.073489 -0.634275
vn 0.763397 0.122152 -0.634275
vn 0.754112 0.170324 -0.634275
vn 0.741791 0.217810 -0.634275
vn 0.726484 0.264418 -0.634275
vn 0.708250 0.309963 -0.634275
vn 0.687165 0.354258 -0.634275
vn 0.663314 0.397128 -0.634275
vn 0.636791 0.438398 -0.634275
vn 0.607704 0.477904 -0.634275
vn 0.576170 0.515484 -0.634275
vn 0.542316 0.550989 -0.634275
vn 0.506278 0.584276 -0.634275
vn 0.468202 0.615210 -0.634275
vn 0.428240 0.643666 -0.634275
vn 0.386554 0.669531 -0.634275
vn 0.343311 0.692700 -0.634275
vn 0.298686 0.713079 -0.634275
vn 0.252859 0.730587 -0.634275
vn 0.206013 0.745154 -0.634275
vn 0.158338 0.756720 -0.634275
vn 0.110025 0.765239 -0.634275
vn 0.061269 0.770676 -0.634275
vn 0.012266 0.773010 -0.634275
vn -0.036786 0.772232 -0.634275
vn -0.085690 0.768344 -0.634275
vn -0.134249 0.761362 -0.634275
vn -0.182267 0.751315 -0.634275
vn -0.229551 0.738242 -0.634275
vn -0.275912 0.722197 -0.634275
vn -0.321160 0.703244 -0.634275
vn -0.365116 0.681458 -0.634275
vn -0.407602 0.656929 -0.634275
vn -0.448447 0.629755 -0.634275
vn -0.487485 0.600045 -0.634275
vn -0.524561 0.567919 -0.634275
vn -0.559524 0.533505 -0.634275
vn -0.592235 0.496944 -0.634275
vn -0.622561 0.458382 -0.634275
vn -0.650379 0.417974 -0.634275
vn -0.675580 0.375882 -0.634275
vn -0.698059 0.332278 -0.634275
vn -0.717728 0.287335 -0.634275
vn -0.734507 0.241235 -0.634275
vn -0.748329 0.194164 -0.634275
vn -0.759137 0.146312 -0.634275
vn -0.766888 0.097870 -0.634275
vn -0.771551 0.049034 -0.634275
vn 0.990431 0.000000 -0.138011
vn 0.988437 0.062817 -0.138011
vn 0.982462 0.125381 -0.138012
vn 0.972532 0.187440 -0.138012
vn 0.958686 0.248745 -0.138012
vn 0.940979 0.309047 -0.138013
vn 0.919484 0.368106 -0.138014
vn 0.894286 0.425682 -0.138015
vn 0.865487 0.481544 -0.138016
vn 0.833203 0.535467 -0.138017
vn 0.797564 0.587233 -0.138018
vn 0.758713 0.636636 -0.138019
vn 0.716808 0.683474 -0.138021
vn 0.672016 0.727561 -0.138022
vn 0.624517 0.768718 -0.138024
vn 0.574505 0.806780 -0.138026
vn 0.522179 0.841592 -0.138027
vn 0.467751 0.873016 -0.138029
vn 0.411438 0.900925 -0.138031
vn 0.353470 0.925206 -0.138033
vn 0.294078 0.945761 -0.138035
vn 0.233502 0.962508 -0.138037
vn 0.171986 0.975380 -0.138039
vn 0.109777 0.984324 -0.138042
vn 0.047127 0.989304 -0.138044
vn -0.015714 0.990301 -0.138046
vn -0.078491 0.987310 -0.138048
vn -0.140952 0.980344 -0.138050
vn -0.202845 0.969430 -0.138052
vn -0.263922 0.954613 -0.138054
vn -0.323936 0.935952 -0.138057
vn -0.382646 0.913522 -0.138059
vn -0.439814 0.887414 -0.138061
vn -0.495211 0.857732 -0.138062
vn -0.548615 0.824597 -0.138064
vn -0.599810 0.788141 -0.138066
vn -0.648589 0.748512 -0.138068
vn -0.694756 0.705869 -0.138069
vn -0.738127 0.660383 -0.138071
vn -0.778524 0.612238 -0.138072
vn -0.815788 0.561628 -0.138073
vn -0.849766 0.508757 -0.138075
vn -0.880322 0.453838 -0.138076
vn -0.907334 0.397090 -0.138077
vn -0.930692 0.338744 -0.138077
vn -0.950302 0.279033 -0.138078
vn -0.966086 0.218200 -0.138079
vn -0.977980 0.156488 -0.138079
vn -0.985937 0.094145 -0.138079
vn -0.989923 0.031424 -0.138079
vn -0.989923 -0.031424 -0.138079
vn -0.985937 -0.094145 -0.138079
vn -0.977980 -0.156488 -0.138079
vn -0.966086 -0.218201 -0.138079
vn -0.950302 -0.279034 -0.138078
vn -0.930692 -0.338744 -0.138077
vn -0.907333 -0.397090 -0.138077
vn -0.880322 -0.453838 -0.138076
vn -0.849766 -0.508757 -0.138075
vn -0.815788 -0.561628 -0.138073
vn -0.778524 -0.612238 -0.138072
vn -0.738127 -0.660383 -0.138071
vn -0.694757 -0.705868 -0.138069
vn -0.648589 -0.748512 -0.138068
vn -0.599810 -0.788141 -0.138066
vn -0.548615 -0.824597 -0.138064
vn -0.495212 -0.857732 -0.138062
vn -0.439814 -0.887414 -0.138061
vn -0.382646 -0.913522 -0.138059
vn -0.323936 -0.935952 -0.138057
vn -0.263922 -0.954613 -0.138054
vn -0.202845 -0.969431 -0.138052
vn -0.140952 -0.980344 -0.138050
vn -0.078492 -0.987310 -0.138048
vn -0.015714 -0.990301 -0.138046
vn 0.047127 -0.989304 -0.138044
vn 0.109777 -0.984324 -0.138042
vn 0.171986 -0.975380 -0.138039
vn 0.233502 -0.962508 -0.138037
vn 0.294078 -0.945761 -0.138035
vn 0.353470 -0.925206 -0.138033
vn 0.411438 -0.900925 -0.138031
vn 0.467751 -0.873016 -0.138029
vn 0.522179 -0.841592 -0.138027
vn 0.574505 -0.806779 -0.138026
vn 0.624518 -0.768718 -0.138024
vn 0.672016 -0.727561 -0.138022
vn 0.716808 -0.683474 -0.138021
vn 0.758713 -0.636636 -0.138019
vn 0.797564 -0.587234 -0.138018
vn 0.833202 -0.535467 -0.138017
vn 0.865487 -0.481544 -0.138016
vn 0.894286 -0.425682 -0.138015
vn 0.919484 -0.368106 -0.138014
vn 0.940979 -0.309048 -0.138013
vn 0.958686 -0.248745 -0.138012
vn 0.972532 -0.187440 -0.138012
vn 0.982462 -0.125381 -0.138012
vn 0.988437 -0.062817 -0.138011
vn 0.444066 0.895994 0.000420
vn 0.386345 0.922354 0.000420
vn 0.327068 0.945001 0.000420
vn 0.266474 0.963842 0.000420
vn 0.204806 0.978803 0.000420
vn 0.142315 0.989821 0.000420
vn 0.079250 0.996855 0.000420
vn 0.015866 0.999874 0.000420
vn -0.047582 0.998867 0.000420
vn -0.110838 0.993838 0.000420
vn -0.173648 0.984808 0.000420
vn -0.235759 0.971812 0.000420
vn -0.296920 0.954902 0.000420
vn -0.356886 0.934148 0.000420
vn -0.415415 0.909632 0.000420
vn -0.472271 0.881453 0.000420
vn -0.527225 0.849725 0.000420
vn -0.580057 0.814576 0.000420
vn -0.630553 0.776147 0.000420
vn -0.678509 0.734592 0.000420
vn -0.723734 0.690079 0.000420
vn -0.766044 0.642788 0.000420
vn -0.805270 0.592908 0.000420
vn -0.841253 0.540641 0.000420
vn -0.873849 0.486197 0.000420
vn -0.902927 0.429795 0.000420
vn -0.928368 0.371663 0.000420
vn -0.950071 0.312033 0.000420
vn -0.967949 0.251148 0.000420
vn -0.981929 0.189251 0.000420
vn -0.991955 0.126593 0.000420
vn -0.997987 0.063424 0.000420
vn -1.000000 0.000000 0.000420
vn -0.997987 -0.063424 0.000420
vn -0.991955 -0.126593 0.000420
vn -0.981929 -0.189251 0.000420
vn -0.967949 -0.251148 0.000420
vn -0.950071 -0.312033 0.000420
vn -0.928368 -0.371663 0.000420
vn -0.902927 -0.429795 0.000420
vn -0.873849 -0.486197 0.000420
vn -0.841253 -0.540641 0.000420
vn -0.805270 -0.592908 0.000420
vn -0.766044 -0.642788 0.000420
vn -0.723734 -0.690079 0.000420
vn -0.678509 -0.734592 0.000420
vn -0.630552 -0.776146 0.000420
vn -0.580057 -0.814576 0.000420
vn -0.527225 -0.849725 0.000420
vn -0.472271 -0.881453 0.000420
vn -0.415415 -0.909632 0.000420
vn -0.356886 -0.934148 0.000420
vn -0.296920 -0.954902 0.000420
vn -0.235759 -0.971812 0.000420
vn -0.173648 -0.984808 0.000420
vn -0.110838 -0.993838 0.000420
vn -0.047582 -0.998867 0.000420
vn 0.015866 -0.999874 0.000420
vn 0.079250 -0.996855 0.000420
vn 0.142315 -0.989821 0.000420
vn 0.204806 -0.978803 0.000420
vn 0.266474 -0.963842 0.000420
vn 0.327068 -0.945001 0.000420
vn 0.386345 -0.922354 0.000420
vn 0.444066 -0.895994 0.000420
vn 0.500000 -0.866025 0.000420
vn 0.553920 -0.832570 0.000420
vn 0.605610 -0.795762 0.000420
vn 0.654861 -0.755750 0.000420
vn 0.701475 -0.712694 0.000420
vn 0.745264 -0.666769 0.000420
vn 0.786053 -0.618159 0.000420
vn 0.823676 -0.567060 0.000420
vn 0.857983 -0.513677 0.000420
vn 0.888835 -0.458226 0.000420
vn 0.916108 -0.400930 0.000420
vn 0.939693 -0.342020 0.000420
vn 0.959493 -0.281732 0.000420
vn 0.975430 -0.220311 0.000420
vn 0.987439 -0.158002 0.000420
vn 0.995472 -0.095056 0.000420
vn 0.999496 -0.031728 0.000420
vn 0.999496 0.031728 0.000420
vn 0.995472 0.095056 0.000420
vn 0.987439 0.158002 0.000420
vn 0.975430 0.220311 0.000420
vn 0.959493 0.281732 0.000420
vn 0.939693 0.342020 0.000420
vn 0.916108 0.400930 0.000420
vn 0.888835 0.458226 0.000420
vn 0.857983 0.513677 0.000420
vn 0.823677 0.567060 0.000420
vn 0.786053 0.618159 0.000420
vn 0.745264 0.666769 0.000420
vn 0.701475 0.712694 0.000420
vn 0.654861 0.755750 0.000420
vn 0.605610 0.795762 0.000420
vn 0.553920 0.832570 0.000420
vn 0.500000 0.866025 0.000420
vn -1.000000 0.000000 0.000420
vn -0.997987 -0.063424 0.000420
vn -0.991955 -0.126593 0.000420
vn -0.981929 -0.189251 0.000420
vn -0.967949 -0.251148 0.000419
vn -0.950071 -0.312033 0.000420
vn -0.928368 -0.371662 0.000420
vn -0.902926 -0.429795 0.000420
vn -0.873849 -0.486196 0.000420
vn -0.841254 -0.540641 0.000420
vn -0.805270 -0.592908 0.000419
vn -0.766044 -0.642788 0.000419
vn -0.723734 -0.690079 0.000420
vn -0.678510 -0.734591 0.000419
vn -0.630553 -0.776146 0.000420
vn -0.580057 -0.814576 0.000420
vn -0.527225 -0.849725 0.000420
vn -0.472271 -0.881453 0.000420
vn -0.415415 -0.909632 0.000419
vn -0.356886 -0.934148 0.000420
vn -0.296920 -0.954902 0.000420
vn -0.235759 -0.971811 0.000420
vn -0.173648 -0.984808 0.000420
vn -0.110838 -0.993838 0.000419
vn -0.047582 -0.998867 0.000420
vn 0.015866 -0.999874 0.000420
vn 0.079250 -0.996855 0.000420
vn 0.142315 -0.989821 0.000420
vn 0.204807 -0.978802 0.000420
vn 0.266474 -0.963842 0.000420
vn 0.327068 -0.945001 0.000420
vn 0.386345 -0.922354 0.000420
vn 0.444067 -0.895994 0.000420
vn 0.500000 -0.866025 0.000419
vn 0.553920 -0.832570 0.000420
vn 0.605610 -0.795762 0.000420
vn 0.654861 -0.755750 0.000420
vn 0.701475 -0.712694 0.000420
vn 0.745264 -0.666769 0.000420
vn 0.786053 -0.618159 0.000420
vn 0.823677 -0.567060 0.000420
vn 0.857983 -0.513677 0.000420
vn 0.888835 -0.458227 0.000420
vn 0.916108 -0.400931 0.000420
vn 0.939693 -0.342020 0.000420
vn 0.959493 -0.281733 0.000420
vn 0.975430 -0.220310 0.000420
vn 0.987439 -0.158001 0.000420
vn 0.995472 -0.095056 0.000420
vn 0.999496 -0.031728 0.000420
vn 0.999496 0.031728 0.000420
vn 0.995472 0.095056 0.000420
vn 0.987439 0.158001 0.000420
vn 0.975430 0.220310 0.000420
vn 0.959493 0.281733 0.000420
vn 0.939693 0.342020 0.000420
vn 0.916108 0.400931 0.000420
vn 0.888835 0.458227 0.000420
vn 0.857983 0.513677 0.000420
vn 0.823677 0.567060 0.000420
vn 0.786053 0.618159 0.000420
vn 0.745264 0.666769 0.000420
vn 0.701475 0.712694 0.000420
vn 0.654861 0.755750 0.000420
vn 0.605610 0.795762 0.000420
vn 0.553920 0.832570 0.000420
vn 0.500000 0.866025 0.000419
vn 0.444067 0.895994 0.000420
vn 0.386345 0.922354 0.000420
vn 0.327068 0.945001 0.000420
vn 0.266474 0.963842 0.000420
vn 0.204807 0.978802 0.000420
vn 0.142315 0.989821 0.000420
vn 0.079250 0.996855 0.000420
vn 0.015866 0.999874 0.000420
vn -0.047582 0.998867 0.000420
vn -0.110838 0.993838 0.000419
vn -0.173648 0.984808 0.000420
vn -0.235759 0.971811 0.000420
vn -0.296920 0.954902 0.000420
vn -0.356886 0.934148 0.000420
vn -0.415415 0.909632 0.000419
vn -0.472271 0.881453 0.000420
vn -0.527225 0.849725 0.000420
vn -0.580057 0.814576 0.000420
vn -0.630553 0.776146 0.000420
vn -0.678510 0.734591 0.000419
vn -0.723734 0.690079 0.000419
vn -0.766044 0.642788 0.000419
vn -0.805270 0.592908 0.000419
vn -0.841254 0.540641 0.000420
vn -0.873849 0.486196 0.000420
vn -0.902926 0.429795 0.000420
vn -0.928368 0.371662 0.000420
vn -0.950071 0.312033 0.000420
vn -0.967949 0.251148 0.000419
vn -0.981929 0.189251 0.000420
vn -0.991955 0.126593 0.000420
vn -0.997987 0.063424 0.000420
vn 0.000436 -0.000000 1.000000
vn 0.000435 0.000028 1.000000
vn -0.000435 -0.000028 -1.000000
vn -0.000436 0.000000 -1.000000
vn 0.000432 0.000055 1.000000
vn -0.000432 -0.000055 -1.000000
vn 0.000428 0.000082 1.000000
vn -0.000428 -0.000082 -1.000000
vn 0.000422 0.000109 1.000000
vn -0.000422 -0.000109 -1.000000
vn 0.000414 0.000136 1.000000
vn -0.000414 -0.000136 -1.000000
vn 0.000405 0.000162 1.000000
vn -0.000405 -0.000162 -1.000000
vn 0.000393 0.000187 1.000000
vn -0.000393 -0.000187 -1.000000
vn 0.000381 0.000212 1.000000
vn -0.000381 -0.000212 -1.000000
vn 0.000367 0.000236 1.000000
vn -0.000367 -0.000236 -1.000000
vn 0.000351 0.000258 1.000000
vn -0.000351 -0.000258 -1.000000
vn 0.000334 0.000280 1.000000
vn -0.000334 -0.000280 -1.000000
vn 0.000315 0.000301 1.000000
vn -0.000315 -0.000301 -1.000000
vn 0.000296 0.000320 1.000000
vn -0.000296 -0.000320 -1.000000
vn 0.000275 0.000338 1.000000
vn -0.000275 -0.000338 -1.000000
vn 0.000253 0.000355 1.000000
vn -0.000253 -0.000355 -1.000000
vn 0.000230 0.000370 1.000000
vn -0.000230 -0.000370 -1.000000
vn 0.000206 0.000384 1.000000
vn -0.000206 -0.000384 -1.000000
vn 0.000181 0.000396 1.000000
vn -0.000181 -0.000396 -1.000000
vn 0.000156 0.000407 1.000000
vn -0.000156 -0.000407 -1.000000
vn 0.000129 0.000416 1.000000
vn -0.000129 -0.000416 -1.000000
vn 0.000103 0.000423 1.000000
vn -0.000103 -0.000423 -1.000000
vn 0.000076 0.000429 1.000000
vn -0.000076 -0.000429 -1.000000
vn 0.000048 0.000433 1.000000
vn -0.000048 -0.000433 -1.000000
vn 0.000021 0.000435 1.000000
vn -0.000021 -0.000435 -1.000000
vn -0.000007 0.000436 1.000000
vn 0.000007 -0.000436 -1.000000
vn -0.000035 0.000434 1.000000
vn 0.000035 -0.000434 -1.000000
vn -0.000062 0.000431 1.000000
vn 0.000062 -0.000431 -1.000000
vn -0.000089 0.000427 1.000000
vn 0.000089 -0.000427 -1.000000
vn -0.000116 0.000420 1.000000
vn 0.000116 -0.000420 -1.000000
vn -0.000143 0.000412 1.000000
vn 0.000143 -0.000412 -1.000000
vn -0.000168 0.000402 1.000000
vn 0.000168 -0.000402 -1.000000
vn -0.000193 0.000390 1.000000
vn 0.000194 -0.000390 -1.000000
vn -0.000218 0.000377 1.000000
vn 0.000218 -0.000377 -1.000000
vn -0.000241 0.000363 1.000000
vn 0.000241 -0.000363 -1.000000
vn -0.000264 0.000347 1.000000
vn 0.000264 -0.000347 -1.000000
vn -0.000285 0.000329 1.000000
vn 0.000285 -0.000329 -1.000000
vn -0.000306 0.000311 1.000000
vn 0.000306 -0.000311 -1.000000
vn -0.000325 0.000291 1.000000
vn 0.000325 -0.000291 -1.000000
vn -0.000343 0.000269 1.000000
vn 0.000343 -0.000269 -1.000000
vn -0.000359 0.000247 1.000000
vn 0.000359 -0.000247 -1.000000
vn -0.000374 0.000224 1.000000
vn 0.000374 -0.000224 -1.000000
vn -0.000387 0.000200 1.000000
vn 0.000387 -0.000200 -1.000000
vn -0.000399 0.000175 1.000000
vn 0.000399 -0.000175 -1.000000
vn -0.000409 0.000149 1.000000
vn 0.000409 -0.000149 -1.000000
vn -0.000418 0.000123 1.000000
vn 0.000418 -0.000123 -1.000000
vn -0.000425 0.000096 1.000000
vn 0.000425 -0.000096 -1.000000
vn -0.000430 0.000069 1.000000
vn 0.000430 -0.000069 -1.000000
vn -0.000434 0.000041 1.000000
vn 0.000434 -0.000041 -1.000000
vn -0.000436 0.000014 1.000000
vn 0.000436 -0.000014 -1.000000
vn -0.000436 -0.000014 1.000000
vn 0.000436 0.000014 -1.000000
vn -0.000434 -0.000041 1.000000
vn 0.000434 0.000041 -1.000000
vn -0.000430 -0.000069 1.000000
vn 0.000430 0.000069 -1.000000
vn -0.000425 -0.000096 1.000000
vn 0.000425 0.000096 -1.000000
vn -0.000418 -0.000123 1.000000
vn 0.000418 0.000123 -1.000000
vn -0.000409 -0.000149 1.000000
vn 0.000409 0.000149 -1.000000
vn -0.000399 -0.000175 1.000000
vn 0.000399 0.000175 -1.000000
vn -0.000387 -0.000200 1.000000
vn 0.000387 0.000200 -1.000000
vn -0.000374 -0.000224 1.000000
vn 0.000374 0.000224 -1.000000
vn -0.000359 -0.000247 1.000000
vn 0.000359 0.000247 -1.000000
vn -0.000343 -0.000269 1.000000
vn 0.000343 0.000269 -1.000000
vn -0.000325 -0.000291 1.000000
vn 0.000325 0.000291 -1.000000
vn -0.000306 -0.000311 1.000000
vn 0.000306 0.000311 -1.000000
vn -0.000285 -0.000329 1.000000
vn 0.000285 0.000329 -1.000000
vn -0.000264 -0.000347 1.000000
vn 0.000264 0.000347 -1.000000
vn -0.000241 -0.000363 1.000000
vn 0.000241 0.000363 -1.000000
vn -0.000218 -0.000377 1.000000
vn 0.000218 0.000377 -1.000000
vn -0.000193 -0.000390 1.000000
vn 0.000194 0.000390 -1.000000
vn -0.000168 -0.000402 1.000000
vn 0.000168 0.000402 -1.000000
vn -0.000143 -0.000412 1.000000
vn 0.000143 0.000412 -1.000000
vn -0.000116 -0.000420 1.000000
vn 0.000116 0.000420 -1.000000
vn -0.000089 -0.000427 1.000000
vn 0.000089 0.000427 -1.000000
vn -0.000062 -0.000431 1.000000
vn 0.000062 0.000431 -1.000000
vn -0.000035 -0.000434 1.000000
vn 0.000035 0.000434 -1.000000
vn -0.000007 -0.000436 1.000000
vn 0.000007 0.000436 -1.000000
vn 0.000021 -0.000435 1.000000
vn -0.000021 0.000435 -1.000000
vn 0.000048 -0.000433 1.000000
vn -0.000048 0.000433 -1.000000
vn 0.000076 -0.000429 1.000000
vn -0.000076 0.000429 -1.000000
vn 0.000103 -0.000423 1.000000
vn -0.000103 0.000423 -1.000000
vn 0.000129 -0.000416 1.000000
vn -0.000129 0.000416 -1.000000
vn 0.000156 -0.000407 1.000000
vn -0.000156 0.000407 -1.000000
vn 0.000181 -0.000396 1.000000
vn -0.000181 0.000396 -1.000000
vn 0.000206 -0.000384 1.000000
vn -0.000206 0.000384 -1.000000
vn 0.000230 -0.000370 1.000000
vn -0.000230 0.000370 -1.000000
vn 0.000253 -0.000355 1.000000
vn -0.000253 0.000355 -1.000000
vn 0.000275 -0.000338 1.000000
vn -0.000275 0.000338 -1.000000
vn 0.000296 -0.000320 1.000000
vn -0.000296 0.000320 -1.000000
vn 0.000315 -0.000301 1.000000
vn -0.000315 0.000301 -1.000000
vn 0.000334 -0.000280 1.000000
vn -0.000334 0.000280 -1.000000
vn 0.000351 -0.000258 1.000000
vn -0.000351 0.000258 -1.000000
vn 0.000367 -0.000236 1.000000
vn -0.000367 0.000236 -1.000000
vn 0.000381 -0.000212 1.000000
vn -0.000381 0.000212 -1.000000
vn 0.000393 -0.000187 1.000000
vn -0.000393 0.000187 -1.000000
vn 0.000405 -0.000162 1.000000
vn -0.000405 0.000162 -1.000000
vn 0.000414 -0.000136 1.000000
vn -0.000414 0.000136 -1.000000
vn 0.000422 -0.000109 1.000000
vn -0.000422 0.000109 -1.000000
vn 0.000428 -0.000082 1.000000
vn -0.000428 0.000082 -1.000000
vn 0.000432 -0.000055 1.000000
vn -0.000432 0.000055 -1.000000
vn 0.000435 -0.000028 1.000000
vn -0.000435 0.000028 -1.000000
vn 0.857983 0.513677 0.000420
vn 0.823677 0.567060 0.000420
vn 0.888835 0.458227 0.000420
vn 0.916108 0.400931 0.000420
vn 0.939692 0.342020 0.000420
vn 0.959493 0.281733 0.000420
vn 0.975430 0.220311 0.000420
vn 0.987439 0.158001 0.000420
vn 0.995472 0.095056 0.000420
vn 0.999496 0.031728 0.000420
vn 0.999496 -0.031728 0.000420
vn 0.995472 -0.095056 0.000420
vn 0.987439 -0.158001 0.000420
vn 0.975430 -0.220311 0.000420
vn 0.959493 -0.281733 0.000420
vn 0.939692 -0.342020 0.000420
vn 0.916108 -0.400931 0.000420
vn 0.888835 -0.458227 0.000420
vn 0.857983 -0.513677 0.000420
vn 0.823677 -0.567060 0.000420
vn 0.786053 -0.618159 0.000420
vn 0.745264 -0.666769 0.000420
vn 0.701475 -0.712694 0.000420
vn 0.654861 -0.755750 0.000420
vn 0.605610 -0.795762 0.000420
vn 0.553920 -0.832570 0.000420
vn 0.500000 -0.866025 0.000420
vn 0.444066 -0.895994 0.000420
vn 0.386345 -0.922354 0.000420
vn 0.327068 -0.945001 0.000420
vn 0.266474 -0.963842 0.000420
vn 0.204807 -0.978802 0.000420
vn 0.142315 -0.989821 0.000420
vn 0.079250 -0.996855 0.000420
vn 0.015866 -0.999874 0.000420
vn -0.047582 -0.998867 0.000420
vn -0.110838 -0.993838 0.000420
vn -0.173648 -0.984808 0.000420
vn -0.235759 -0.971812 0.000420
vn -0.296921 -0.954902 0.000420
vn -0.356886 -0.934148 0.000420
vn -0.415415 -0.909632 0.000420
vn -0.472271 -0.881453 0.000420
vn -0.527226 -0.849725 0.000420
vn -0.580057 -0.814576 0.000420
vn -0.630552 -0.776146 0.000420
vn -0.678509 -0.734592 0.000420
vn -0.723734 -0.690079 0.000420
vn -0.766044 -0.642788 0.000420
vn -0.805270 -0.592908 0.000420
vn -0.841253 -0.540641 0.000420
vn -0.873849 -0.486197 0.000420
vn -0.902927 -0.429795 0.000420
vn -0.928368 -0.371663 0.000420
vn -0.950071 -0.312033 0.000420
vn -0.967949 -0.251148 0.000420
vn -0.981929 -0.189251 0.000420
vn -0.991955 -0.126593 0.000420
vn -0.997987 -0.063424 0.000420
vn -1.000000 0.000000 0.000420
vn -0.997987 0.063424 0.000420
vn -0.991955 0.126593 0.000420
vn -0.981929 0.189251 0.000420
vn -0.967949 0.251148 0.000420
vn -0.950071 0.312033 0.000420
vn -0.928368 0.371663 0.000420
vn -0.902927 0.429795 0.000420
vn -0.873849 0.486197 0.000420
vn -0.841253 0.540641 0.000420
vn -0.805270 0.592908 0.000420
vn -0.766044 0.642788 0.000420
vn -0.723734 0.690079 0.000420
vn -0.678509 0.734592 0.000420
vn -0.630552 0.776146 0.000420
vn -0.580057 0.814576 0.000420
vn -0.527226 0.849725 0.000420
vn -0.472271 0.881453 0.000420
vn -0.415415 0.909632 0.000420
vn -0.356886 0.934148 0.000420
vn -0.296921 0.954902 0.000420
vn -0.235759 0.971812 0.000420
vn -0.173648 0.984808 0.000420
vn -0.110838 0.993838 0.000420
vn -0.047582 0.998867 0.000420
vn 0.015866 0.999874 0.000420
vn 0.079250 0.996855 0.000420
vn 0.142315 0.989821 0.000420
vn 0.204807 0.978802 0.000420
vn 0.266474 0.963842 0.000420
vn 0.327068 0.945001 0.000420
vn 0.386345 0.922354 0.000420
vn 0.444066 0.895994 0.000420
vn 0.500000 0.866025 0.000420
vn 0.553920 0.832570 0.000420
vn 0.605610 0.795762 0.000420
vn 0.654861 0.755750 0.000420
vn 0.701475 0.712694 0.000420
vn 0.745264 0.666769 0.000420
vn 0.786053 0.618159 0.000420
vn 0.605610 0.795762 0.000420
vn 0.553920 0.832570 0.000420
vn 0.654861 0.755750 0.000420
vn 0.701475 0.712694 0.000420
vn 0.745264 0.666769 0.000420
vn 0.786053 0.618159 0.000420
vn 0.823677 0.567060 0.000420
vn 0.857983 0.513677 0.000420
vn 0.888835 0.458226 0.000420
vn 0.916108 0.400931 0.000420
vn 0.939692 0.342020 0.000420
vn 0.959493 0.281732 0.000420
vn 0.975430 0.220311 0.000420
vn 0.987439 0.158001 0.000420
vn 0.995472 0.095056 0.000420
vn 0.999496 0.031728 0.000420
vn 0.999496 -0.031728 0.000420
vn 0.995472 -0.095056 0.000420
vn 0.987439 -0.158001 0.000420
vn 0.975430 -0.220311 0.000420
vn 0.959493 -0.281732 0.000420
vn 0.939692 -0.342020 0.000420
vn 0.916108 -0.400931 0.000420
vn 0.888835 -0.458226 0.000420
vn 0.857983 -0.513677 0.000420
vn 0.823677 -0.567060 0.000420
vn 0.786053 -0.618159 0.000420
vn 0.745264 -0.666769 0.000420
vn 0.701475 -0.712694 0.000420
vn 0.654861 -0.755750 0.000420
vn 0.605610 -0.795762 0.000420
vn 0.553920 -0.832570 0.000420
vn 0.500000 -0.866025 0.000420
vn 0.444067 -0.895994 0.000420
vn 0.386345 -0.922354 0.000420
vn 0.327068 -0.945001 0.000420
vn 0.266474 -0.963842 0.000420
vn 0.204807 -0.978802 0.000420
vn 0.142315 -0.989821 0.000420
vn 0.079250 -0.996855 0.000420
vn 0.015866 -0.999874 0.000420
vn -0.047582 -0.998867 0.000420
vn -0.110838 -0.993838 0.000420
vn -0.173648 -0.984808 0.000420
vn -0.235759 -0.971812 0.000420
vn -0.296921 -0.954902 0.000420
vn -0.356886 -0.934148 0.000420
vn -0.415415 -0.909632 0.000420
vn -0.472271 -0.881454 0.000420
vn -0.527226 -0.849725 0.000420
vn -0.580057 -0.814576 0.000420
vn -0.630553 -0.776146 0.000420
vn -0.678510 -0.734592 0.000420
vn -0.723734 -0.690079 0.000420
vn -0.766044 -0.642788 0.000420
vn -0.805270 -0.592908 0.000420
vn -0.841254 -0.540641 0.000420
vn -0.873849 -0.486197 0.000420
vn -0.902926 -0.429795 0.000420
vn -0.928368 -0.371663 0.000420
vn -0.950071 -0.312033 0.000420
vn -0.967949 -0.251148 0.000420
vn -0.981929 -0.189251 0.000420
vn -0.991955 -0.126593 0.000420
vn -0.997987 -0.063424 0.000420
vn -1.000000 0.000000 0.000420
vn -0.997987 0.063424 0.000420
vn -0.991955 0.126593 0.000420
vn -0.981929 0.189251 0.000420
vn -0.967949 0.251148 0.000420
vn -0.950071 0.312033 0.000420
vn -0.928368 0.371663 0.000420
vn -0.902926 0.429795 0.000420
vn -0.873849 0.486197 0.000420
vn -0.841254 0.540641 0.000420
vn -0.805270 0.592908 0.000420
vn -0.766044 0.642788 0.000420
vn -0.723734 0.690079 0.000420
vn -0.678510 0.734592 0.000420
vn -0.630553 0.776146 0.000420
vn -0.580057 0.814576 0.000420
vn -0.527226 0.849725 0.000420
vn -0.472271 0.881454 0.000420
vn -0.415415 0.909632 0.000420
vn -0.356886 0.934148 0.000420
vn -0.296921 0.954902 0.000420
vn -0.235759 0.971812 0.000420
vn -0.173648 0.984808 0.000420
vn -0.110838 0.993838 0.000420
vn -0.047582 0.998867 0.000420
vn 0.015866 0.999874 0.000420
vn 0.079250 0.996855 0.000420
vn 0.142315 0.989821 0.000420
vn 0.204807 0.978802 0.000420
vn 0.266474 0.963842 0.000420
vn 0.327068 0.945001 0.000420
vn 0.386345 0.922354 0.000420
vn 0.444067 0.895994 0.000420
vn 0.500000 0.866025 0.000420
vn -1.000000 0.000000 0.000420
vn -0.997987 -0.063424 0.000420
vn -0.991955 -0.126592 0.000420
vn -0.981929 -0.189251 0.000420
vn -0.967949 -0.251148 0.000420
vn -0.950071 -0.312033 0.000420
vn -0.928368 -0.371662 0.000420
vn -0.902926 -0.429795 0.000420
vn -0.873849 -0.486197 0.000420
vn -0.841253 -0.540641 0.000420
vn -0.805270 -0.592908 0.000419
vn -0.766044 -0.642788 0.000419
vn -0.723734 -0.690079 0.000420
vn -0.678509 -0.734592 0.000420
vn -0.630553 -0.776146 0.000420
vn -0.580057 -0.814576 0.000420
vn -0.527226 -0.849725 0.000420
vn -0.472271 -0.881453 0.000420
vn -0.415415 -0.909632 0.000419
vn -0.356886 -0.934148 0.000419
vn -0.296920 -0.954902 0.000420
vn -0.235759 -0.971812 0.000420
vn -0.173648 -0.984808 0.000420
vn -0.110838 -0.993838 0.000420
vn -0.047582 -0.998867 0.000420
vn 0.015866 -0.999874 0.000420
vn 0.079250 -0.996855 0.000420
vn 0.142315 -0.989821 0.000420
vn 0.204807 -0.978802 0.000420
vn 0.266474 -0.963842 0.000420
vn 0.327068 -0.945001 0.000420
vn 0.386345 -0.922354 0.000420
vn 0.444066 -0.895994 0.000420
vn 0.500000 -0.866025 0.000420
vn 0.553920 -0.832570 0.000420
vn 0.605610 -0.795762 0.000420
vn 0.654861 -0.755750 0.000420
vn 0.701475 -0.712694 0.000420
vn 0.745265 -0.666769 0.000420
vn 0.786053 -0.618159 0.000420
vn 0.823677 -0.567060 0.000420
vn 0.857983 -0.513677 0.000420
vn 0.888835 -0.458226 0.000420
vn 0.916108 -0.400931 0.000420
vn 0.939692 -0.342020 0.000420
vn 0.959493 -0.281732 0.000420
vn 0.975430 -0.220310 0.000420
vn 0.987439 -0.158002 0.000420
vn 0.995472 -0.095057 0.000420
vn 0.999496 -0.031728 0.000420
vn 0.999496 0.031728 0.000420
vn 0.995472 0.095057 0.000420
vn 0.987439 0.158002 0.000420
vn 0.975430 0.220310 0.000420
vn 0.959493 0.281732 0.000420
vn 0.939692 0.342020 0.000420
vn 0.916108 0.400931 0.000420
vn 0.888835 0.458226 0.000420
vn 0.857983 0.513677 0.000420
vn 0.823677 0.567060 0.000420
vn 0.786053 0.618159 0.000420
vn 0.745265 0.666769 0.000420
vn 0.701475 0.712694 0.000420
vn 0.654861 0.755750 0.000420
vn 0.605610 0.795762 0.000420
vn 0.553920 0.832570 0.000420
vn 0.500000 0.866025 0.000420
vn 0.444066 0.895994 0.000420
vn 0.386345 0.922354 0.000420
vn 0.327068 0.945001 0.000420
vn 0.266474 0.963842 0.000420
vn 0.204807 0.978802 0.000420
vn 0.142315 0.989821 0.000420
vn 0.079250 0.996855 0.000420
vn 0.015866 0.999874 0.000420
vn -0.047582 0.998867 0.000420
vn -0.110838 0.993838 0.000420
vn -0.173648 0.984808 0.000420
vn -0.235759 0.971812 0.000420
vn -0.296920 0.954902 0.000420
vn -0.356886 0.934148 0.000419
vn -0.415415 0.909632 0.000419
vn -0.472271 0.881453 0.000420
vn -0.527226 0.849725 0.000420
vn -0.580057 0.814576 0.000420
vn -0.630553 0.776146 0.000420
vn -0.678509 0.734592 0.000420
vn -0.723734 0.690079 0.000420
vn -0.766044 0.642788 0.000419
vn -0.805270 0.592908 0.000419
vn -0.841253 0.540641 0.000420
vn -0.873849 0.486197 0.000420
vn -0.902926 0.429795 0.000420
vn -0.928368 0.371662 0.000420
vn -0.950071 0.312033 0.000420
vn -0.967949 0.251148 0.000420
vn -0.981929 0.189251 0.000420
vn -0.991955 0.126592 0.000420
vn -0.997987 0.063424 0.000420
vn 0.823677 0.567059 0.000420
vn 0.857983 0.513677 0.000420
vn 0.888835 0.458227 0.000420
vn 0.916108 0.400930 0.000420
vn 0.939692 0.342020 0.000420
vn 0.959493 0.281732 0.000420
vn 0.975430 0.220310 0.000420
vn 0.987439 0.158002 0.000420
vn 0.995472 0.095056 0.000420
vn 0.999496 0.031728 0.000420
vn 0.999496 -0.031728 0.000420
vn 0.995472 -0.095056 0.000420
vn 0.987439 -0.158002 0.000420
vn 0.975430 -0.220310 0.000420
vn 0.959493 -0.281732 0.000420
vn 0.939692 -0.342020 0.000420
vn 0.916108 -0.400930 0.000420
vn 0.888835 -0.458227 0.000420
vn 0.857983 -0.513677 0.000420
vn 0.823677 -0.567059 0.000420
vn 0.786053 -0.618159 0.000420
vn 0.745264 -0.666769 0.000420
vn 0.701475 -0.712694 0.000420
vn 0.654861 -0.755750 0.000420
vn 0.605609 -0.795762 0.000420
vn 0.553920 -0.832570 0.000420
vn 0.500000 -0.866025 0.000420
vn 0.444066 -0.895994 0.000420
vn 0.386345 -0.922354 0.000420
vn 0.327068 -0.945001 0.000420
vn 0.266474 -0.963842 0.000420
vn 0.204807 -0.978802 0.000420
vn 0.142315 -0.989821 0.000420
vn 0.079250 -0.996855 0.000420
vn 0.015866 -0.999874 0.000420
vn -0.047582 -0.998867 0.000420
vn -0.110838 -0.993838 0.000420
vn -0.173648 -0.984808 0.000420
vn -0.235759 -0.971811 0.000419
vn -0.296920 -0.954902 0.000419
vn -0.356886 -0.934148 0.000419
vn -0.415415 -0.909632 0.000420
vn -0.472271 -0.881453 0.000419
vn -0.527226 -0.849725 0.000420
vn -0.580057 -0.814576 0.000420
vn -0.630552 -0.776146 0.000420
vn -0.678509 -0.734592 0.000419
vn -0.723734 -0.690079 0.000420
vn -0.766044 -0.642788 0.000420
vn -0.805270 -0.592908 0.000420
vn -0.841253 -0.540641 0.000420
vn -0.873849 -0.486197 0.000420
vn -0.902927 -0.429795 0.000420
vn -0.928368 -0.371662 0.000420
vn -0.950071 -0.312033 0.000420
vn -0.967949 -0.251148 0.000419
vn -0.981929 -0.189251 0.000419
vn -0.991955 -0.126592 0.000419
vn -0.997987 -0.063424 0.000419
vn -1.000000 0.000000 0.000419
vn -0.997987 0.063424 0.000419
vn -0.991955 0.126592 0.000419
vn -0.981929 0.189251 0.000419
vn -0.967949 0.251148 0.000419
vn -0.950071 0.312033 0.000420
vn -0.928368 0.371662 0.000420
vn -0.902927 0.429795 0.000420
vn -0.873849 0.486197 0.000420
vn -0.841253 0.540641 0.000420
vn -0.805270 0.592908 0.000420
vn -0.766044 0.642788 0.000420
vn -0.723734 0.690079 0.000420
vn -0.678509 0.734592 0.000419
vn -0.630552 0.776146 0.000420
vn -0.580057 0.814576 0.000420
vn -0.527226 0.849725 0.000420
vn -0.472271 0.881453 0.000419
vn -0.415415 0.909632 0.000420
vn -0.356886 0.934148 0.000419
vn -0.296920 0.954902 0.000419
vn -0.235759 0.971811 0.000419
vn -0.173648 0.984808 0.000420
vn -0.110838 0.993838 0.000420
vn -0.047582 0.998867 0.000420
vn 0.015866 0.999874 0.000420
vn 0.079250 0.996855 0.000420
vn 0.142315 0.989821 0.000420
vn 0.204807 0.978802 0.000420
vn 0.266474 0.963842 0.000420
vn 0.327068 0.945001 0.000420
vn 0.386345 0.922354 0.000420
vn 0.444066 0.895994 0.000420
vn 0.500000 0.866025 0.000420
vn 0.553920 0.832570 0.000420
vn 0.605609 0.795762 0.000420
vn 0.654861 0.755750 0.000420
vn 0.701475 0.712694 0.000420
vn 0.745264 0.666769 0.000420
vn 0.786053 0.618159 0.000420
vn 0.000398 -0.000000 1.000000
vn 0.000397 0.000025 1.000000
vn -0.000397 -0.000025 -1.000000
vn -0.000398 0.000000 -1.000000
vn 0.000395 0.000050 1.000000
vn -0.000395 -0.000050 -1.000000
vn 0.000391 0.000075 1.000000
vn -0.000391 -0.000075 -1.000000
vn 0.000385 0.000100 1.000000
vn -0.000385 -0.000100 -1.000000
vn 0.000378 0.000124 1.000000
vn -0.000378 -0.000124 -1.000000
vn 0.000369 0.000148 1.000000
vn -0.000369 -0.000148 -1.000000
vn 0.000359 0.000171 1.000000
vn -0.000359 -0.000171 -1.000000
vn 0.000348 0.000193 1.000000
vn -0.000348 -0.000193 -1.000000
vn 0.000335 0.000215 1.000000
vn -0.000335 -0.000215 -1.000000
vn 0.000320 0.000236 1.000000
vn -0.000320 -0.000236 -1.000000
vn 0.000305 0.000256 1.000000
vn -0.000305 -0.000256 -1.000000
vn 0.000288 0.000275 1.000000
vn -0.000288 -0.000275 -1.000000
vn 0.000270 0.000292 1.000000
vn -0.000270 -0.000292 -1.000000
vn 0.000251 0.000309 1.000000
vn -0.000251 -0.000309 -1.000000
vn 0.000231 0.000324 1.000000
vn -0.000231 -0.000324 -1.000000
vn 0.000210 0.000338 1.000000
vn -0.000210 -0.000338 -1.000000
vn 0.000188 0.000351 1.000000
vn -0.000188 -0.000351 -1.000000
vn 0.000165 0.000362 1.000000
vn -0.000165 -0.000362 -1.000000
vn 0.000142 0.000372 1.000000
vn -0.000142 -0.000372 -1.000000
vn 0.000118 0.000380 1.000000
vn -0.000118 -0.000380 -1.000000
vn 0.000094 0.000387 1.000000
vn -0.000094 -0.000387 -1.000000
vn 0.000069 0.000392 1.000000
vn -0.000069 -0.000392 -1.000000
vn 0.000044 0.000395 1.000000
vn -0.000044 -0.000395 -1.000000
vn 0.000019 0.000397 1.000000
vn -0.000019 -0.000397 -1.000000
vn -0.000006 0.000398 1.000000
vn 0.000006 -0.000398 -1.000000
vn -0.000032 0.000397 1.000000
vn 0.000032 -0.000397 -1.000000
vn -0.000057 0.000394 1.000000
vn 0.000057 -0.000394 -1.000000
vn -0.000081 0.000389 1.000000
vn 0.000081 -0.000389 -1.000000
vn -0.000106 0.000383 1.000000
vn 0.000106 -0.000383 -1.000000
vn -0.000130 0.000376 1.000000
vn 0.000130 -0.000376 -1.000000
vn -0.000154 0.000367 1.000000
vn 0.000154 -0.000367 -1.000000
vn -0.000177 0.000356 1.000000
vn 0.000177 -0.000356 -1.000000
vn -0.000199 0.000345 1.000000
vn 0.000199 -0.000345 -1.000000
vn -0.000220 0.000331 1.000000
vn 0.000220 -0.000331 -1.000000
vn -0.000241 0.000317 1.000000
vn 0.000241 -0.000317 -1.000000
vn -0.000261 0.000301 1.000000
vn 0.000261 -0.000301 -1.000000
vn -0.000279 0.000284 1.000000
vn 0.000279 -0.000284 -1.000000
vn -0.000297 0.000265 1.000000
vn 0.000297 -0.000265 -1.000000
vn -0.000313 0.000246 1.000000
vn 0.000313 -0.000246 -1.000000
vn -0.000328 0.000226 1.000000
vn 0.000328 -0.000226 -1.000000
vn -0.000341 0.000204 1.000000
vn 0.000341 -0.000204 -1.000000
vn -0.000354 0.000182 1.000000
vn 0.000354 -0.000182 -1.000000
vn -0.000364 0.000160 1.000000
vn 0.000364 -0.000160 -1.000000
vn -0.000374 0.000136 1.000000
vn 0.000374 -0.000136 -1.000000
vn -0.000382 0.000112 1.000000
vn 0.000382 -0.000112 -1.000000
vn -0.000388 0.000088 1.000000
vn 0.000388 -0.000088 -1.000000
vn -0.000393 0.000063 1.000000
vn 0.000393 -0.000063 -1.000000
vn -0.000396 0.000038 1.000000
vn 0.000396 -0.000038 -1.000000
vn -0.000398 0.000013 1.000000
vn 0.000398 -0.000013 -1.000000
vn -0.000398 -0.000013 1.000000
vn 0.000398 0.000013 -1.000000
vn -0.000396 -0.000038 1.000000
vn 0.000396 0.000038 -1.000000
vn -0.000393 -0.000063 1.000000
vn 0.000393 0.000063 -1.000000
vn -0.000388 -0.000088 1.000000
vn 0.000388 0.000088 -1.000000
vn -0.000382 -0.000112 1.000000
vn 0.000382 0.000112 -1.000000
vn -0.000374 -0.000136 1.000000
vn 0.000374 0.000136 -1.000000
vn -0.000364 -0.000160 1.000000
vn 0.000364 0.000160 -1.000000
vn -0.000354 -0.000182 1.000000
vn 0.000354 0.000182 -1.000000
vn -0.000341 -0.000204 1.000000
vn 0.000341 0.000204 -1.000000
vn -0.000328 -0.000226 1.000000
vn 0.000328 0.000226 -1.000000
vn -0.000313 -0.000246 1.000000
vn 0.000313 0.000246 -1.000000
vn -0.000297 -0.000265 1.000000
vn 0.000297 0.000265 -1.000000
vn -0.000279 -0.000284 1.000000
vn 0.000279 0.000284 -1.000000
vn -0.000261 -0.000301 1.000000
vn 0.000261 0.000301 -1.000000
vn -0.000241 -0.000317 1.000000
vn 0.000241 0.000317 -1.000000
vn -0.000220 -0.000331 1.000000
vn 0.000220 0.000331 -1.000000
vn -0.000199 -0.000345 1.000000
vn 0.000199 0.000345 -1.000000
vn -0.000177 -0.000356 1.000000
vn 0.000177 0.000356 -1.000000
vn -0.000154 -0.000367 1.000000
vn 0.000154 0.000367 -1.000000
vn -0.000130 -0.000376 1.000000
vn 0.000130 0.000376 -1.000000
vn -0.000106 -0.000383 1.000000
vn 0.000106 0.000383 -1.000000
vn -0.000081 -0.000389 1.000000
vn 0.000081 0.000389 -1.000000
vn -0.000057 -0.000394 1.000000
vn 0.000057 0.000394 -1.000000
vn -0.000032 -0.000397 1.000000
vn 0.000032 0.000397 -1.000000
vn -0.000006 -0.000398 1.000000
vn 0.000006 0.000398 -1.000000
vn 0.000019 -0.000397 1.000000
vn -0.000019 0.000397 -1.000000
vn 0.000044 -0.000395 1.000000
vn -0.000044 0.000395 -1.000000
vn 0.000069 -0.000392 1.000000
vn -0.000069 0.000392 -1.000000
vn 0.000094 -0.000387 1.000000
vn -0.000094 0.000387 -1.000000
vn 0.000118 -0.000380 1.000000
vn -0.000118 0.000380 -1.000000
vn 0.000142 -0.000372 1.000000
vn -0.000142 0.000372 -1.000000
vn 0.000165 -0.000362 1.000000
vn -0.000165 0.000362 -1.000000
vn 0.000188 -0.000351 1.000000
vn -0.000188 0.000351 -1.000000
vn 0.000210 -0.000338 1.000000
vn -0.000210 0.000338 -1.000000
vn 0.000231 -0.000324 1.000000
vn -0.000231 0.000324 -1.000000
vn 0.000251 -0.000309 1.000000
vn -0.000251 0.000309 -1.000000
vn 0.000270 -0.000292 1.000000
vn -0.000270 0.000292 -1.000000
vn 0.000288 -0.000275 1.000000
vn -0.000288 0.000275 -1.000000
vn 0.000305 -0.000256 1.000000
vn -0.000305 0.000256 -1.000000
vn 0.000320 -0.000236 1.000000
vn -0.000320 0.000236 -1.000000
vn 0.000335 -0.000215 1.000000
vn -0.000335 0.000215 -1.000000
vn 0.000348 -0.000193 1.000000
vn -0.000348 0.000193 -1.000000
vn 0.000359 -0.000171 1.000000
vn -0.000359 0.000171 -1.000000
vn 0.000369 -0.000148 1.000000
vn -0.000369 0.000148 -1.000000
vn 0.000378 -0.000124 1.000000
vn -0.000378 0.000124 -1.000000
vn 0.000385 -0.000100 1.000000
vn -0.000385 0.000100 -1.000000
vn 0.000391 -0.000075 1.000000
vn -0.000391 0.000075 -1.000000
vn 0.000395 -0.000050 1.000000
vn -0.000395 0.000050 -1.000000
vn 0.000397 -0.000025 1.000000
vn -0.000397 0.000025 -1.000000
vn 0.000341 0.000204 -1.000000
vn -0.000341 -0.000204 1.000000
vn 0.000354 0.000182 -1.000000
vn -0.000354 -0.000182 1.000000
vn 0.000364 0.000160 -1.000000
vn -0.000364 -0.000160 1.000000
vn 0.000374 0.000136 -1.000000
vn -0.000374 -0.000136 1.000000
vn -0.000382 -0.000112 1.000000
vn 0.000388 0.000088 -1.000000
vn -0.000388 -0.000088 1.000000
vn 0.000393 0.000063 -1.000000
vn -0.000393 -0.000063 1.000000
vn 0.000396 0.000038 -1.000000
vn -0.000396 -0.000038 1.000000
vn 0.000398 0.000013 -1.000000
vn -0.000398 -0.000013 1.000000
vn 0.000398 -0.000013 -1.000000
vn -0.000398 0.000013 1.000000
vn 0.000396 -0.000038 -1.000000
vn -0.000396 0.000038 1.000000
vn 0.000393 -0.000063 -1.000000
vn -0.000393 0.000063 1.000000
vn 0.000388 -0.000088 -1.000000
vn -0.000388 0.000088 1.000000
vn 0.000382 -0.000112 -1.000000
vn -0.000382 0.000112 1.000000
vn 0.000374 -0.000136 -1.000000
vn -0.000374 0.000136 1.000000
vn 0.000364 -0.000160 -1.000000
vn -0.000364 0.000160 1.000000
vn 0.000354 -0.000182 -1.000000
vn -0.000354 0.000182 1.000000
vn 0.000341 -0.000204 -1.000000
vn -0.000341 0.000204 1.000000
vn 0.000328 -0.000226 -1.000000
vn -0.000328 0.000226 1.000000
vn 0.000313 -0.000246 -1.000000
vn -0.000313 0.000246 1.000000
vn 0.000297 -0.000265 -1.000000
vn -0.000297 0.000265 1.000000
vn 0.000279 -0.000284 -1.000000
vn -0.000279 0.000284 1.000000
vn 0.000261 -0.000301 -1.000000
vn -0.000261 0.000301 1.000000
vn 0.000241 -0.000317 -1.000000
vn -0.000241 0.000317 1.000000
vn 0.000220 -0.000331 -1.000000
vn -0.000220 0.000331 1.000000
vn 0.000199 -0.000345 -1.000000
vn -0.000199 0.000345 1.000000
vn 0.000177 -0.000356 -1.000000
vn -0.000177 0.000356 1.000000
vn 0.000154 -0.000367 -1.000000
vn -0.000154 0.000367 1.000000
vn 0.000130 -0.000376 -1.000000
vn -0.000130 0.000376 1.000000
vn 0.000106 -0.000383 -1.000000
vn -0.000106 0.000383 1.000000
vn 0.000081 -0.000389 -1.000000
vn -0.000081 0.000389 1.000000
vn 0.000057 -0.000394 -1.000000
vn -0.000057 0.000394 1.000000
vn 0.000032 -0.000397 -1.000000
vn -0.000032 0.000397 1.000000
vn 0.000006 -0.000398 -1.000000
vn -0.000006 0.000398 1.000000
vn -0.000019 -0.000397 -1.000000
vn 0.000019 0.000397 1.000000
vn 0.000044 0.000395 1.000000
vn -0.000069 -0.000392 -1.000000
vn 0.000069 0.000392 1.000000
vn -0.000094 -0.000387 -1.000000
vn 0.000094 0.000387 1.000000
vn -0.000118 -0.000380 -1.000000
vn 0.000118 0.000380 1.000000
vn -0.000142 -0.000372 -1.000000
vn 0.000142 0.000372 1.000000
vn -0.000165 -0.000362 -1.000000
vn 0.000165 0.000362 1.000000
vn -0.000188 -0.000351 -1.000000
vn 0.000188 0.000351 1.000000
vn -0.000210 -0.000338 -1.000000
vn 0.000210 0.000338 1.000000
vn -0.000231 -0.000324 -1.000000
vn 0.000231 0.000324 1.000000
vn -0.000251 -0.000309 -1.000000
vn 0.000251 0.000309 1.000000
vn -0.000270 -0.000292 -1.000000
vn 0.000270 0.000292 1.000000
vn -0.000288 -0.000275 -1.000000
vn 0.000288 0.000275 1.000000
vn -0.000305 -0.000256 -1.000000
vn 0.000313 0.000262 1.000000
vn -0.000329 -0.000242 -1.000000
# 4489 normals

vt 0.974893 0.312155 0.000000
vt 0.974893 0.411313 0.000000
vt 0.983012 0.411313 0.000000
vt 0.983012 0.312155 0.000000
vt 0.974893 0.510470 0.000000
vt 0.983012 0.510470 0.000000
vt 0.776428 0.802000 0.000000
vt 0.737398 0.838085 0.000000
vt 0.737398 0.874170 0.000000
vt 0.058754 0.850237 0.000000
vt 0.887054 0.874170 0.000000
vt 0.973713 0.802000 0.000000
vt 0.012809 0.641535 0.000000
vt 0.012809 0.550213 0.000000
vt 0.009695 0.550213 0.000000
vt 0.009695 0.641535 0.000000
vt 0.973979 0.113576 0.000000
vt 0.973979 0.310860 0.000000
vt 0.976934 0.310860 0.000000
vt 0.976934 0.113576 0.000000
vt 0.305932 0.814051 0.000000
vt 0.108646 0.814051 0.000000
vt 0.195306 0.886221 0.000000
vt 0.344961 0.886221 0.000000
vt 0.344961 0.850136 0.000000
vt 0.530151 0.540986 0.000000
vt 0.009695 0.392505 0.000000
vt 0.012809 0.392505 0.000000
vt 0.694471 0.715128 0.000000
vt 0.694471 0.750228 0.000000
vt 0.697345 0.750228 0.000000
vt 0.697345 0.715128 0.000000
vt 0.694471 0.785328 0.000000
vt 0.697345 0.785328 0.000000
vt 0.656488 0.875465 0.000000
vt 0.617459 0.911550 0.000000
vt 0.617459 0.947635 0.000000
vt 0.767114 0.947635 0.000000
vt 0.853773 0.875465 0.000000
vt 0.996836 0.510470 0.000000
vt 0.996836 0.419147 0.000000
vt 0.993722 0.419147 0.000000
vt 0.993722 0.510470 0.000000
vt 0.965479 0.113575 0.000000
vt 0.965479 0.310860 0.000000
vt 0.968434 0.310860 0.000000
vt 0.968434 0.113575 0.000000
vt 0.577134 0.858213 0.000000
vt 0.379849 0.858213 0.000000
vt 0.466508 0.930383 0.000000
vt 0.616163 0.930383 0.000000
vt 0.616163 0.894298 0.000000
vt 0.993722 0.261439 0.000000
vt 0.996836 0.261439 0.000000
vt 0.965479 0.312155 0.000000
vt 0.965479 0.411313 0.000000
vt 0.973598 0.411313 0.000000
vt 0.973598 0.312155 0.000000
vt 0.965479 0.510470 0.000000
vt 0.973598 0.510470 0.000000
vt 0.109707 0.676258 0.000000
vt 0.070678 0.712343 0.000000
vt 0.070678 0.748428 0.000000
vt 0.220333 0.748428 0.000000
vt 0.306992 0.676258 0.000000
vt 0.003991 0.641535 0.000000
vt 0.003991 0.550213 0.000000
vt 0.000877 0.550213 0.000000
vt 0.000877 0.641535 0.000000
vt 0.969729 0.113576 0.000000
vt 0.969729 0.310860 0.000000
vt 0.972684 0.310860 0.000000
vt 0.972684 0.113576 0.000000
vt 0.470881 0.784748 0.000000
vt 0.273596 0.784748 0.000000
vt 0.360255 0.856918 0.000000
vt 0.509911 0.856918 0.000000
vt 0.509911 0.820833 0.000000
vt 0.000877 0.392505 0.000000
vt 0.003991 0.392505 0.000000
vt 0.984308 0.312155 0.000000
vt 0.984308 0.411313 0.000000
vt 0.992427 0.411313 0.000000
vt 0.992427 0.312155 0.000000
vt 0.984308 0.510470 0.000000
vt 0.992427 0.510470 0.000000
vt 0.214899 0.887516 0.000000
vt 0.175870 0.923601 0.000000
vt 0.175870 0.959686 0.000000
vt 0.325525 0.959686 0.000000
vt 0.412184 0.887516 0.000000
vt 0.008400 0.641535 0.000000
vt 0.008400 0.550213 0.000000
vt 0.005286 0.550213 0.000000
vt 0.005286 0.641535 0.000000
vt 0.017752 0.415558 0.000000
vt 0.017752 0.612844 0.000000
vt 0.020707 0.612844 0.000000
vt 0.020707 0.415558 0.000000
vt 0.697073 0.791426 0.000000
vt 0.499788 0.791426 0.000000
vt 0.586447 0.863595 0.000000
vt 0.736103 0.863595 0.000000
vt 0.736103 0.827510 0.000000
vt 0.005286 0.392505 0.000000
vt 0.008400 0.392505 0.000000
vt 0.077506 0.144188 0.000000
vt 0.137791 0.169760 0.000000
vt 0.137791 0.101653 0.000000
vt 0.330816 0.741281 0.000000
vt 0.013769 0.310998 0.000000
vt 0.074054 0.353533 0.000000
vt 0.074054 0.285426 0.000000
vt 0.830816 0.695801 0.000000
vt 0.633779 0.984902 0.000000
vt 0.567087 0.984902 0.000000
vt 0.567087 0.988447 0.000000
vt 0.633779 0.988447 0.000000
vt 0.473642 0.989743 0.000000
vt 0.405535 0.989743 0.000000
vt 0.405535 0.992948 0.000000
vt 0.473642 0.992948 0.000000
vt 0.414698 0.994243 0.000000
vt 0.351867 0.994243 0.000000
vt 0.351867 0.997584 0.000000
vt 0.414698 0.997584 0.000000
vt 0.920610 0.848598 0.000000
vt 0.980895 0.874170 0.000000
vt 0.980895 0.806063 0.000000
vt 0.015926 0.103156 0.000000
vt 0.076211 0.145691 0.000000
vt 0.076211 0.077584 0.000000
vt 0.552086 0.993935 0.000000
vt 0.485395 0.993935 0.000000
vt 0.485395 0.997481 0.000000
vt 0.552086 0.997481 0.000000
vt 0.484099 0.994243 0.000000
vt 0.415993 0.994243 0.000000
vt 0.415993 0.997448 0.000000
vt 0.484099 0.997448 0.000000
vt 0.068655 0.282530 0.000000
vt 0.005825 0.282530 0.000000
vt 0.005825 0.285871 0.000000
vt 0.068655 0.285871 0.000000
vt 0.015926 0.189522 0.000000
vt 0.076211 0.215094 0.000000
vt 0.076211 0.146987 0.000000
vt 0.015926 0.033754 0.000000
vt 0.076211 0.076289 0.000000
vt 0.076211 0.008182 0.000000
vt 0.341806 0.671386 0.000000
vt 0.275114 0.671386 0.000000
vt 0.275114 0.674932 0.000000
vt 0.341806 0.674932 0.000000
vt 0.622511 0.989743 0.000000
vt 0.554404 0.989743 0.000000
vt 0.554404 0.992948 0.000000
vt 0.622511 0.992948 0.000000
vt 0.300226 0.960981 0.000000
vt 0.237396 0.960981 0.000000
vt 0.237396 0.964321 0.000000
vt 0.300226 0.964321 0.000000
vt 0.077506 0.074786 0.000000
vt 0.137791 0.100358 0.000000
vt 0.137791 0.032251 0.000000
vt 0.013769 0.241596 0.000000
vt 0.074054 0.284130 0.000000
vt 0.074054 0.216023 0.000000
vt 0.465210 0.984902 0.000000
vt 0.398518 0.984902 0.000000
vt 0.398518 0.988447 0.000000
vt 0.465210 0.988447 0.000000
vt 0.621488 0.994243 0.000000
vt 0.553382 0.994243 0.000000
vt 0.553382 0.997448 0.000000
vt 0.621488 0.997448 0.000000
vt 0.066188 0.350192 0.000000
vt 0.003357 0.350192 0.000000
vt 0.003357 0.353533 0.000000
vt 0.066188 0.353533 0.000000
vt 0.389106 0.572050 0.000000
vt 0.366622 0.511765 0.000000
vt 0.298514 0.511765 0.000000
vt 0.219627 0.203591 0.000000
vt 0.014280 0.738521 0.000000
vt 0.104871 0.678237 0.000000
vt 0.036764 0.678237 0.000000
vt 0.164680 0.456305 0.000000
vt 0.022565 0.511765 0.000000
vt 0.022565 0.611052 0.000000
vt 0.026078 0.611052 0.000000
vt 0.026078 0.511765 0.000000
vt 0.978229 0.201322 0.000000
vt 0.978229 0.283674 0.000000
vt 0.982104 0.283674 0.000000
vt 0.982104 0.201322 0.000000
vt 0.978229 0.310860 0.000000
vt 0.982104 0.310860 0.000000
vt 0.137791 0.171055 0.000000
vt 0.077506 0.193539 0.000000
vt 0.077506 0.261646 0.000000
vt 0.344541 0.780567 0.000000
vt 0.135634 0.353533 0.000000
vt 0.075349 0.262942 0.000000
vt 0.075349 0.331049 0.000000
vt 0.095493 0.839180 0.000000
vt 0.596445 0.873574 0.000000
vt 0.695732 0.873574 0.000000
vt 0.695732 0.870061 0.000000
vt 0.596445 0.870061 0.000000
vt 0.115074 0.670343 0.000000
vt 0.197426 0.670343 0.000000
vt 0.197426 0.666467 0.000000
vt 0.115074 0.666467 0.000000
vt 0.224613 0.670343 0.000000
vt 0.224613 0.666467 0.000000
vt 0.015681 0.616656 0.000000
vt 0.038165 0.676941 0.000000
vt 0.106272 0.676941 0.000000
vt 0.532886 0.536495 0.000000
vt 0.422711 0.896282 0.000000
vt 0.332120 0.956567 0.000000
vt 0.400227 0.956567 0.000000
vt 0.597526 0.281419 0.000000
vt 0.137791 0.282337 0.000000
vt 0.137791 0.183051 0.000000
vt 0.134278 0.183051 0.000000
vt 0.134278 0.282337 0.000000
vt 0.031249 0.621303 0.000000
vt 0.031249 0.538952 0.000000
vt 0.027373 0.538952 0.000000
vt 0.027373 0.621303 0.000000
vt 0.031249 0.511765 0.000000
vt 0.027373 0.511765 0.000000
vt 0.328821 0.697686 0.000000
vt 0.389106 0.675202 0.000000
vt 0.389106 0.607095 0.000000
vt 0.677445 0.840361 0.000000
vt 0.077506 0.262942 0.000000
vt 0.137791 0.353533 0.000000
vt 0.137791 0.285426 0.000000
vt 0.920608 0.271597 0.000000
vt 0.565791 0.984902 0.000000
vt 0.466505 0.984902 0.000000
vt 0.466505 0.988414 0.000000
vt 0.565791 0.988414 0.000000
vt 0.700782 0.864891 0.000000
vt 0.618431 0.864891 0.000000
vt 0.618431 0.868766 0.000000
vt 0.700782 0.868766 0.000000
vt 0.591244 0.864891 0.000000
vt 0.591244 0.868766 0.000000
vt 0.475727 0.992640 0.000000
vt 0.475727 0.989710 0.000000
vt 0.474937 0.989710 0.000000
vt 0.474937 0.992640 0.000000
vt 0.709806 0.511765 0.000000
vt 0.709806 0.660994 0.000000
vt 0.712727 0.660994 0.000000
vt 0.712727 0.511765 0.000000
vt 0.385482 0.513381 0.000000
vt 0.387288 0.513582 0.000000
vt 0.385499 0.513267 0.000000
vt 0.012551 0.484039 0.000000
vt 0.656830 0.956086 0.000000
vt 0.656830 0.953156 0.000000
vt 0.656041 0.953156 0.000000
vt 0.656041 0.956086 0.000000
vt 0.715648 0.660994 0.000000
vt 0.715648 0.511765 0.000000
vt 0.385522 0.513154 0.000000
vt 0.022602 0.484039 0.000000
vt 0.553109 0.992640 0.000000
vt 0.553109 0.989710 0.000000
vt 0.552319 0.989710 0.000000
vt 0.552319 0.992640 0.000000
vt 0.718570 0.660994 0.000000
vt 0.718570 0.511765 0.000000
vt 0.385553 0.513043 0.000000
vt 0.032652 0.484039 0.000000
vt 0.657620 0.956086 0.000000
vt 0.657620 0.953156 0.000000
vt 0.721491 0.660994 0.000000
vt 0.721491 0.511765 0.000000
vt 0.385591 0.512934 0.000000
vt 0.042703 0.484039 0.000000
vt 0.551530 0.989710 0.000000
vt 0.551530 0.992640 0.000000
vt 0.724412 0.660994 0.000000
vt 0.724412 0.511765 0.000000
vt 0.385635 0.512828 0.000000
vt 0.052754 0.484039 0.000000
vt 0.658410 0.956086 0.000000
vt 0.658410 0.953156 0.000000
vt 0.727333 0.660994 0.000000
vt 0.727333 0.511765 0.000000
vt 0.385687 0.512724 0.000000
vt 0.062805 0.484039 0.000000
vt 0.550740 0.989710 0.000000
vt 0.550740 0.992640 0.000000
vt 0.730254 0.660994 0.000000
vt 0.730254 0.511765 0.000000
vt 0.385744 0.512624 0.000000
vt 0.072855 0.484039 0.000000
vt 0.659199 0.956086 0.000000
vt 0.659199 0.953156 0.000000
vt 0.733175 0.660994 0.000000
vt 0.733175 0.511765 0.000000
vt 0.385808 0.512528 0.000000
vt 0.082906 0.484039 0.000000
vt 0.549950 0.989710 0.000000
vt 0.549950 0.992640 0.000000
vt 0.736096 0.660994 0.000000
vt 0.736096 0.511765 0.000000
vt 0.385878 0.512437 0.000000
vt 0.092957 0.484039 0.000000
vt 0.659989 0.956086 0.000000
vt 0.659989 0.953156 0.000000
vt 0.739017 0.660994 0.000000
vt 0.739017 0.511765 0.000000
vt 0.385953 0.512349 0.000000
vt 0.103008 0.484039 0.000000
vt 0.549161 0.989710 0.000000
vt 0.549161 0.992640 0.000000
vt 0.741938 0.660994 0.000000
vt 0.741938 0.511765 0.000000
vt 0.386034 0.512267 0.000000
vt 0.113058 0.484039 0.000000
vt 0.660778 0.956086 0.000000
vt 0.660778 0.953156 0.000000
vt 0.744859 0.660994 0.000000
vt 0.744859 0.511765 0.000000
vt 0.386120 0.512190 0.000000
vt 0.123109 0.484039 0.000000
vt 0.548371 0.989710 0.000000
vt 0.548371 0.992640 0.000000
vt 0.747780 0.660994 0.000000
vt 0.747780 0.511765 0.000000
vt 0.386211 0.512119 0.000000
vt 0.133160 0.484039 0.000000
vt 0.661568 0.956086 0.000000
vt 0.661568 0.953156 0.000000
vt 0.750701 0.660994 0.000000
vt 0.750701 0.511765 0.000000
vt 0.386306 0.512054 0.000000
vt 0.143211 0.484039 0.000000
vt 0.547582 0.989710 0.000000
vt 0.547582 0.992640 0.000000
vt 0.753622 0.660994 0.000000
vt 0.753622 0.511765 0.000000
vt 0.386405 0.511994 0.000000
vt 0.153261 0.484039 0.000000
vt 0.662358 0.956086 0.000000
vt 0.662358 0.953156 0.000000
vt 0.756544 0.660994 0.000000
vt 0.756544 0.511765 0.000000
vt 0.386507 0.511941 0.000000
vt 0.163312 0.484039 0.000000
vt 0.546792 0.989710 0.000000
vt 0.546792 0.992640 0.000000
vt 0.759465 0.660994 0.000000
vt 0.759465 0.511765 0.000000
vt 0.386613 0.511895 0.000000
vt 0.173363 0.484039 0.000000
vt 0.663147 0.956086 0.000000
vt 0.663147 0.953156 0.000000
vt 0.762386 0.660994 0.000000
vt 0.762386 0.511765 0.000000
vt 0.386721 0.511856 0.000000
vt 0.183414 0.484039 0.000000
vt 0.546002 0.989710 0.000000
vt 0.546002 0.992640 0.000000
vt 0.765307 0.660994 0.000000
vt 0.765307 0.511765 0.000000
vt 0.386832 0.511823 0.000000
vt 0.193464 0.484039 0.000000
vt 0.663937 0.956086 0.000000
vt 0.663937 0.953156 0.000000
vt 0.768228 0.660994 0.000000
vt 0.768228 0.511765 0.000000
vt 0.386945 0.511798 0.000000
vt 0.203515 0.484039 0.000000
vt 0.545213 0.989710 0.000000
vt 0.545213 0.992640 0.000000
vt 0.771149 0.660994 0.000000
vt 0.771149 0.511765 0.000000
vt 0.387058 0.511780 0.000000
vt 0.213566 0.484039 0.000000
vt 0.664727 0.956086 0.000000
vt 0.664727 0.953156 0.000000
vt 0.774070 0.660994 0.000000
vt 0.774070 0.511765 0.000000
vt 0.387173 0.511769 0.000000
vt 0.223617 0.484039 0.000000
vt 0.544423 0.989710 0.000000
vt 0.544423 0.992640 0.000000
vt 0.776991 0.660994 0.000000
vt 0.776991 0.511765 0.000000
vt 0.387288 0.511765 0.000000
vt 0.233667 0.484039 0.000000
vt 0.665516 0.956086 0.000000
vt 0.665516 0.953156 0.000000
vt 0.779912 0.660994 0.000000
vt 0.779912 0.511765 0.000000
vt 0.387404 0.511769 0.000000
vt 0.243718 0.484039 0.000000
vt 0.543634 0.989710 0.000000
vt 0.543634 0.992640 0.000000
vt 0.782833 0.660994 0.000000
vt 0.782833 0.511765 0.000000
vt 0.387519 0.511780 0.000000
vt 0.253769 0.484039 0.000000
vt 0.666306 0.956086 0.000000
vt 0.666306 0.953156 0.000000
vt 0.785754 0.660994 0.000000
vt 0.785754 0.511765 0.000000
vt 0.387632 0.511798 0.000000
vt 0.263820 0.484039 0.000000
vt 0.542844 0.989710 0.000000
vt 0.542844 0.992640 0.000000
vt 0.788675 0.660994 0.000000
vt 0.788675 0.511765 0.000000
vt 0.387745 0.511823 0.000000
vt 0.273870 0.484039 0.000000
vt 0.667096 0.956086 0.000000
vt 0.667096 0.953156 0.000000
vt 0.791596 0.660994 0.000000
vt 0.791596 0.511765 0.000000
vt 0.387856 0.511856 0.000000
vt 0.283921 0.484039 0.000000
vt 0.542054 0.989710 0.000000
vt 0.542054 0.992640 0.000000
vt 0.794518 0.660994 0.000000
vt 0.794518 0.511765 0.000000
vt 0.387964 0.511895 0.000000
vt 0.293972 0.484039 0.000000
vt 0.667885 0.956086 0.000000
vt 0.667885 0.953156 0.000000
vt 0.797439 0.660994 0.000000
vt 0.797439 0.511765 0.000000
vt 0.388070 0.511941 0.000000
vt 0.304023 0.484039 0.000000
vt 0.541265 0.989710 0.000000
vt 0.541265 0.992640 0.000000
vt 0.800360 0.660994 0.000000
vt 0.800360 0.511765 0.000000
vt 0.388172 0.511994 0.000000
vt 0.314074 0.484039 0.000000
vt 0.668675 0.956086 0.000000
vt 0.668675 0.953156 0.000000
vt 0.803281 0.660994 0.000000
vt 0.803281 0.511765 0.000000
vt 0.388271 0.512054 0.000000
vt 0.324124 0.484039 0.000000
vt 0.540475 0.989710 0.000000
vt 0.540475 0.992640 0.000000
vt 0.806202 0.660994 0.000000
vt 0.806202 0.511765 0.000000
vt 0.388366 0.512119 0.000000
vt 0.334175 0.484039 0.000000
vt 0.669465 0.956086 0.000000
vt 0.669465 0.953156 0.000000
vt 0.809123 0.660994 0.000000
vt 0.809123 0.511765 0.000000
vt 0.388457 0.512190 0.000000
vt 0.344226 0.484039 0.000000
vt 0.539685 0.989710 0.000000
vt 0.539685 0.992640 0.000000
vt 0.812044 0.660994 0.000000
vt 0.812044 0.511765 0.000000
vt 0.388543 0.512267 0.000000
vt 0.354277 0.484039 0.000000
vt 0.670254 0.956086 0.000000
vt 0.670254 0.953156 0.000000
vt 0.814965 0.660994 0.000000
vt 0.814965 0.511765 0.000000
vt 0.388623 0.512349 0.000000
vt 0.364327 0.484039 0.000000
vt 0.538896 0.989710 0.000000
vt 0.538896 0.992640 0.000000
vt 0.817886 0.660994 0.000000
vt 0.817886 0.511765 0.000000
vt 0.388699 0.512437 0.000000
vt 0.374378 0.484039 0.000000
vt 0.671044 0.956086 0.000000
vt 0.671044 0.953156 0.000000
vt 0.820807 0.660994 0.000000
vt 0.820807 0.511765 0.000000
vt 0.388769 0.512528 0.000000
vt 0.384429 0.484039 0.000000
vt 0.538106 0.989710 0.000000
vt 0.538106 0.992640 0.000000
vt 0.823728 0.660994 0.000000
vt 0.823728 0.511765 0.000000
vt 0.388833 0.512624 0.000000
vt 0.394480 0.484039 0.000000
vt 0.671833 0.956086 0.000000
vt 0.671833 0.953156 0.000000
vt 0.826649 0.660994 0.000000
vt 0.826649 0.511765 0.000000
vt 0.388890 0.512724 0.000000
vt 0.404530 0.484039 0.000000
vt 0.537317 0.989710 0.000000
vt 0.537317 0.992640 0.000000
vt 0.829570 0.660994 0.000000
vt 0.829570 0.511765 0.000000
vt 0.388942 0.512828 0.000000
vt 0.414581 0.484039 0.000000
vt 0.672623 0.956086 0.000000
vt 0.672623 0.953156 0.000000
vt 0.832492 0.660994 0.000000
vt 0.832492 0.511765 0.000000
vt 0.388986 0.512934 0.000000
vt 0.424632 0.484039 0.000000
vt 0.536527 0.989710 0.000000
vt 0.536527 0.992640 0.000000
vt 0.835413 0.660994 0.000000
vt 0.835413 0.511765 0.000000
vt 0.389024 0.513043 0.000000
vt 0.434683 0.484039 0.000000
vt 0.673413 0.956086 0.000000
vt 0.673413 0.953156 0.000000
vt 0.838334 0.660994 0.000000
vt 0.838334 0.511765 0.000000
vt 0.389055 0.513154 0.000000
vt 0.444733 0.484039 0.000000
vt 0.535737 0.989710 0.000000
vt 0.535737 0.992640 0.000000
vt 0.841255 0.660994 0.000000
vt 0.841255 0.511765 0.000000
vt 0.389078 0.513267 0.000000
vt 0.454784 0.484039 0.000000
vt 0.674202 0.956086 0.000000
vt 0.674202 0.953156 0.000000
vt 0.844176 0.660994 0.000000
vt 0.844176 0.511765 0.000000
vt 0.389095 0.513381 0.000000
vt 0.464835 0.484039 0.000000
vt 0.534948 0.989710 0.000000
vt 0.534948 0.992640 0.000000
vt 0.847097 0.660994 0.000000
vt 0.847097 0.511765 0.000000
vt 0.389104 0.513496 0.000000
vt 0.474886 0.484039 0.000000
vt 0.674992 0.956086 0.000000
vt 0.674992 0.953156 0.000000
vt 0.850018 0.660994 0.000000
vt 0.850018 0.511765 0.000000
vt 0.389106 0.513611 0.000000
vt 0.484936 0.484039 0.000000
vt 0.534158 0.989710 0.000000
vt 0.534158 0.992640 0.000000
vt 0.852939 0.660994 0.000000
vt 0.852939 0.511765 0.000000
vt 0.389100 0.513727 0.000000
vt 0.494987 0.484039 0.000000
vt 0.675782 0.956086 0.000000
vt 0.675782 0.953156 0.000000
vt 0.855860 0.660994 0.000000
vt 0.855860 0.511765 0.000000
vt 0.389087 0.513841 0.000000
vt 0.505038 0.484039 0.000000
vt 0.533369 0.989710 0.000000
vt 0.533369 0.992640 0.000000
vt 0.858781 0.660994 0.000000
vt 0.858781 0.511765 0.000000
vt 0.389067 0.513955 0.000000
vt 0.515089 0.484039 0.000000
vt 0.676571 0.956086 0.000000
vt 0.676571 0.953156 0.000000
vt 0.861702 0.660994 0.000000
vt 0.861702 0.511765 0.000000
vt 0.389040 0.514067 0.000000
vt 0.525139 0.484039 0.000000
vt 0.532579 0.989710 0.000000
vt 0.532579 0.992640 0.000000
vt 0.864623 0.660994 0.000000
vt 0.864623 0.511765 0.000000
vt 0.389006 0.514177 0.000000
vt 0.535190 0.484039 0.000000
vt 0.677361 0.956086 0.000000
vt 0.677361 0.953156 0.000000
vt 0.867544 0.660994 0.000000
vt 0.867544 0.511765 0.000000
vt 0.388965 0.514285 0.000000
vt 0.545241 0.484039 0.000000
vt 0.531789 0.989710 0.000000
vt 0.531789 0.992640 0.000000
vt 0.870465 0.660994 0.000000
vt 0.870465 0.511765 0.000000
vt 0.388917 0.514390 0.000000
vt 0.555292 0.484039 0.000000
vt 0.678151 0.956086 0.000000
vt 0.678151 0.953156 0.000000
vt 0.873387 0.660994 0.000000
vt 0.873387 0.511765 0.000000
vt 0.388862 0.514491 0.000000
vt 0.565342 0.484039 0.000000
vt 0.531000 0.989710 0.000000
vt 0.531000 0.992640 0.000000
vt 0.876308 0.660994 0.000000
vt 0.876308 0.511765 0.000000
vt 0.388802 0.514589 0.000000
vt 0.575393 0.484039 0.000000
vt 0.678940 0.956086 0.000000
vt 0.678940 0.953156 0.000000
vt 0.879229 0.660994 0.000000
vt 0.879229 0.511765 0.000000
vt 0.388735 0.514683 0.000000
vt 0.585444 0.484039 0.000000
vt 0.530210 0.989710 0.000000
vt 0.530210 0.992640 0.000000
vt 0.882150 0.660994 0.000000
vt 0.882150 0.511765 0.000000
vt 0.388662 0.514773 0.000000
vt 0.595495 0.484039 0.000000
vt 0.679730 0.956086 0.000000
vt 0.679730 0.953156 0.000000
vt 0.885071 0.660994 0.000000
vt 0.885071 0.511765 0.000000
vt 0.388584 0.514857 0.000000
vt 0.605545 0.484039 0.000000
vt 0.529420 0.989710 0.000000
vt 0.529420 0.992640 0.000000
vt 0.887992 0.660994 0.000000
vt 0.887992 0.511765 0.000000
vt 0.388500 0.514937 0.000000
vt 0.615596 0.484039 0.000000
vt 0.680520 0.956086 0.000000
vt 0.680520 0.953156 0.000000
vt 0.890913 0.660994 0.000000
vt 0.890913 0.511765 0.000000
vt 0.388412 0.515011 0.000000
vt 0.625647 0.484039 0.000000
vt 0.528631 0.989710 0.000000
vt 0.528631 0.992640 0.000000
vt 0.893834 0.660994 0.000000
vt 0.893834 0.511765 0.000000
vt 0.388319 0.515079 0.000000
vt 0.635698 0.484039 0.000000
vt 0.681309 0.956086 0.000000
vt 0.681309 0.953156 0.000000
vt 0.896755 0.660994 0.000000
vt 0.896755 0.511765 0.000000
vt 0.388222 0.515142 0.000000
vt 0.645748 0.484039 0.000000
vt 0.527841 0.989710 0.000000
vt 0.527841 0.992640 0.000000
vt 0.899676 0.660994 0.000000
vt 0.899676 0.511765 0.000000
vt 0.388121 0.515198 0.000000
vt 0.655799 0.484039 0.000000
vt 0.682099 0.956086 0.000000
vt 0.682099 0.953156 0.000000
vt 0.902597 0.660994 0.000000
vt 0.902597 0.511765 0.000000
vt 0.388017 0.515247 0.000000
vt 0.665850 0.484039 0.000000
vt 0.527052 0.989710 0.000000
vt 0.527052 0.992640 0.000000
vt 0.905518 0.660994 0.000000
vt 0.905518 0.511765 0.000000
vt 0.387910 0.515290 0.000000
vt 0.675901 0.484039 0.000000
vt 0.682888 0.956086 0.000000
vt 0.682888 0.953156 0.000000
vt 0.908439 0.660994 0.000000
vt 0.908439 0.511765 0.000000
vt 0.387800 0.515326 0.000000
vt 0.685951 0.484039 0.000000
vt 0.526262 0.989710 0.000000
vt 0.526262 0.992640 0.000000
vt 0.911361 0.660994 0.000000
vt 0.911361 0.511765 0.000000
vt 0.387689 0.515355 0.000000
vt 0.696002 0.484039 0.000000
vt 0.683678 0.956086 0.000000
vt 0.683678 0.953156 0.000000
vt 0.914282 0.660994 0.000000
vt 0.914282 0.511765 0.000000
vt 0.387576 0.515377 0.000000
vt 0.706053 0.484039 0.000000
vt 0.525472 0.989710 0.000000
vt 0.525472 0.992640 0.000000
vt 0.917203 0.660994 0.000000
vt 0.917203 0.511765 0.000000
vt 0.387461 0.515392 0.000000
vt 0.716104 0.484039 0.000000
vt 0.684468 0.956086 0.000000
vt 0.684468 0.953156 0.000000
vt 0.920124 0.660994 0.000000
vt 0.920124 0.511765 0.000000
vt 0.387346 0.515399 0.000000
vt 0.726155 0.484039 0.000000
vt 0.524683 0.989710 0.000000
vt 0.524683 0.992640 0.000000
vt 0.923045 0.660994 0.000000
vt 0.923045 0.511765 0.000000
vt 0.387231 0.515399 0.000000
vt 0.736205 0.484039 0.000000
vt 0.685257 0.956086 0.000000
vt 0.685257 0.953156 0.000000
vt 0.925966 0.660994 0.000000
vt 0.925966 0.511765 0.000000
vt 0.387116 0.515392 0.000000
vt 0.746256 0.484039 0.000000
vt 0.523893 0.989710 0.000000
vt 0.523893 0.992640 0.000000
vt 0.928887 0.660994 0.000000
vt 0.928887 0.511765 0.000000
vt 0.387001 0.515377 0.000000
vt 0.756307 0.484039 0.000000
vt 0.686047 0.956086 0.000000
vt 0.686047 0.953156 0.000000
vt 0.931808 0.660994 0.000000
vt 0.931808 0.511765 0.000000
vt 0.386888 0.515355 0.000000
vt 0.766358 0.484039 0.000000
vt 0.523104 0.989710 0.000000
vt 0.523104 0.992640 0.000000
vt 0.934729 0.660994 0.000000
vt 0.934729 0.511765 0.000000
vt 0.386776 0.515326 0.000000
vt 0.776408 0.484039 0.000000
vt 0.686837 0.956086 0.000000
vt 0.686837 0.953156 0.000000
vt 0.937650 0.660994 0.000000
vt 0.937650 0.511765 0.000000
vt 0.386667 0.515290 0.000000
vt 0.786459 0.484039 0.000000
vt 0.522314 0.989710 0.000000
vt 0.522314 0.992640 0.000000
vt 0.940571 0.660994 0.000000
vt 0.940571 0.511765 0.000000
vt 0.386560 0.515247 0.000000
vt 0.796510 0.484039 0.000000
vt 0.687626 0.956086 0.000000
vt 0.687626 0.953156 0.000000
vt 0.943492 0.660994 0.000000
vt 0.943492 0.511765 0.000000
vt 0.386456 0.515198 0.000000
vt 0.806561 0.484039 0.000000
vt 0.521524 0.989710 0.000000
vt 0.521524 0.992640 0.000000
vt 0.946413 0.660994 0.000000
vt 0.946413 0.511765 0.000000
vt 0.386355 0.515142 0.000000
vt 0.816611 0.484039 0.000000
vt 0.688416 0.956086 0.000000
vt 0.688416 0.953156 0.000000
vt 0.949335 0.660994 0.000000
vt 0.949335 0.511765 0.000000
vt 0.386258 0.515079 0.000000
vt 0.826662 0.484039 0.000000
vt 0.520735 0.989710 0.000000
vt 0.520735 0.992640 0.000000
vt 0.952256 0.660994 0.000000
vt 0.952256 0.511765 0.000000
vt 0.386165 0.515011 0.000000
vt 0.836713 0.484039 0.000000
vt 0.689206 0.956086 0.000000
vt 0.689206 0.953156 0.000000
vt 0.955177 0.660994 0.000000
vt 0.955177 0.511765 0.000000
vt 0.386077 0.514937 0.000000
vt 0.846764 0.484039 0.000000
vt 0.519945 0.989710 0.000000
vt 0.519945 0.992640 0.000000
vt 0.958098 0.660994 0.000000
vt 0.958098 0.511765 0.000000
vt 0.385993 0.514857 0.000000
vt 0.856814 0.484039 0.000000
vt 0.689995 0.956086 0.000000
vt 0.689995 0.953156 0.000000
vt 0.961019 0.660994 0.000000
vt 0.961019 0.511765 0.000000
vt 0.385915 0.514773 0.000000
vt 0.866865 0.484039 0.000000
vt 0.519155 0.989710 0.000000
vt 0.519155 0.992640 0.000000
vt 0.963940 0.660994 0.000000
vt 0.963940 0.511765 0.000000
vt 0.385842 0.514683 0.000000
vt 0.876916 0.484039 0.000000
vt 0.690785 0.956086 0.000000
vt 0.690785 0.953156 0.000000
vt 0.966861 0.660994 0.000000
vt 0.966861 0.511765 0.000000
vt 0.385775 0.514589 0.000000
vt 0.886967 0.484039 0.000000
vt 0.518366 0.989710 0.000000
vt 0.518366 0.992640 0.000000
vt 0.969782 0.660994 0.000000
vt 0.969782 0.511765 0.000000
vt 0.385715 0.514491 0.000000
vt 0.897017 0.484039 0.000000
vt 0.691575 0.956086 0.000000
vt 0.691575 0.953156 0.000000
vt 0.972703 0.660994 0.000000
vt 0.972703 0.511765 0.000000
vt 0.385660 0.514390 0.000000
vt 0.907068 0.484039 0.000000
vt 0.517576 0.989710 0.000000
vt 0.517576 0.992640 0.000000
vt 0.975624 0.660994 0.000000
vt 0.975624 0.511765 0.000000
vt 0.385612 0.514285 0.000000
vt 0.917119 0.484039 0.000000
vt 0.692364 0.956086 0.000000
vt 0.692364 0.953156 0.000000
vt 0.978545 0.660994 0.000000
vt 0.978545 0.511765 0.000000
vt 0.385571 0.514177 0.000000
vt 0.927170 0.484039 0.000000
vt 0.516787 0.989710 0.000000
vt 0.516787 0.992640 0.000000
vt 0.981466 0.660994 0.000000
vt 0.981466 0.511765 0.000000
vt 0.385537 0.514067 0.000000
vt 0.937220 0.484039 0.000000
vt 0.693154 0.956086 0.000000
vt 0.693154 0.953156 0.000000
vt 0.984387 0.660994 0.000000
vt 0.984387 0.511765 0.000000
vt 0.385510 0.513955 0.000000
vt 0.947271 0.484039 0.000000
vt 0.515997 0.989710 0.000000
vt 0.515997 0.992640 0.000000
vt 0.987309 0.660994 0.000000
vt 0.987309 0.511765 0.000000
vt 0.385490 0.513841 0.000000
vt 0.957322 0.484039 0.000000
vt 0.693943 0.956086 0.000000
vt 0.693943 0.953156 0.000000
vt 0.990230 0.660994 0.000000
vt 0.990230 0.511765 0.000000
vt 0.385477 0.513727 0.000000
vt 0.967373 0.484039 0.000000
vt 0.515207 0.989710 0.000000
vt 0.515207 0.992640 0.000000
vt 0.993151 0.660994 0.000000
vt 0.993151 0.511765 0.000000
vt 0.385471 0.513611 0.000000
vt 0.977423 0.484039 0.000000
vt 0.694733 0.956086 0.000000
vt 0.694733 0.953156 0.000000
vt 0.996072 0.660994 0.000000
vt 0.996072 0.511765 0.000000
vt 0.385473 0.513496 0.000000
vt 0.987474 0.484039 0.000000
vt 0.514418 0.989710 0.000000
vt 0.514418 0.992640 0.000000
vt 0.998993 0.660994 0.000000
vt 0.998993 0.511765 0.000000
vt 0.997525 0.484039 0.000000
vt 0.034484 0.573501 0.000000
vt 0.034484 0.511765 0.000000
vt 0.032544 0.511765 0.000000
vt 0.032544 0.573501 0.000000
vt 0.036424 0.573501 0.000000
vt 0.036424 0.511765 0.000000
vt 0.038364 0.573501 0.000000
vt 0.038364 0.511765 0.000000
vt 0.040304 0.573501 0.000000
vt 0.040304 0.511765 0.000000
vt 0.042245 0.573501 0.000000
vt 0.042245 0.511765 0.000000
vt 0.044185 0.573501 0.000000
vt 0.044185 0.511765 0.000000
vt 0.046125 0.573501 0.000000
vt 0.046125 0.511765 0.000000
vt 0.048065 0.573501 0.000000
vt 0.048065 0.511765 0.000000
vt 0.050005 0.573501 0.000000
vt 0.050005 0.511765 0.000000
vt 0.051945 0.573501 0.000000
vt 0.051945 0.511765 0.000000
vt 0.053885 0.573501 0.000000
vt 0.053885 0.511765 0.000000
vt 0.055825 0.573501 0.000000
vt 0.055825 0.511765 0.000000
vt 0.057765 0.573501 0.000000
vt 0.057765 0.511765 0.000000
vt 0.059705 0.573501 0.000000
vt 0.059705 0.511765 0.000000
vt 0.061645 0.573501 0.000000
vt 0.061645 0.511765 0.000000
vt 0.063586 0.573501 0.000000
vt 0.063586 0.511765 0.000000
vt 0.065526 0.573501 0.000000
vt 0.065526 0.511765 0.000000
vt 0.067466 0.573501 0.000000
vt 0.067466 0.511765 0.000000
vt 0.069406 0.573501 0.000000
vt 0.069406 0.511765 0.000000
vt 0.071346 0.573501 0.000000
vt 0.071346 0.511765 0.000000
vt 0.073286 0.573501 0.000000
vt 0.073286 0.511765 0.000000
vt 0.075226 0.573501 0.000000
vt 0.075226 0.511765 0.000000
vt 0.077166 0.573501 0.000000
vt 0.077166 0.511765 0.000000
vt 0.079106 0.573501 0.000000
vt 0.079106 0.511765 0.000000
vt 0.081046 0.573501 0.000000
vt 0.081046 0.511765 0.000000
vt 0.082986 0.573501 0.000000
vt 0.082986 0.511765 0.000000
vt 0.084927 0.573501 0.000000
vt 0.084927 0.511765 0.000000
vt 0.086867 0.573502 0.000000
vt 0.086867 0.511765 0.000000
vt 0.088807 0.573502 0.000000
vt 0.088807 0.511765 0.000000
vt 0.090747 0.573502 0.000000
vt 0.090747 0.511765 0.000000
vt 0.092687 0.573502 0.000000
vt 0.092687 0.511765 0.000000
vt 0.094627 0.573502 0.000000
vt 0.094627 0.511765 0.000000
vt 0.096567 0.573502 0.000000
vt 0.096567 0.511765 0.000000
vt 0.098507 0.573502 0.000000
vt 0.098507 0.511765 0.000000
vt 0.100447 0.573502 0.000000
vt 0.100447 0.511765 0.000000
vt 0.102387 0.573502 0.000000
vt 0.102387 0.511765 0.000000
vt 0.104327 0.573502 0.000000
vt 0.104327 0.511765 0.000000
vt 0.106268 0.573502 0.000000
vt 0.106268 0.511765 0.000000
vt 0.108208 0.573502 0.000000
vt 0.108208 0.511765 0.000000
vt 0.110148 0.573502 0.000000
vt 0.110148 0.511765 0.000000
vt 0.112088 0.573502 0.000000
vt 0.112088 0.511765 0.000000
vt 0.114028 0.573502 0.000000
vt 0.114028 0.511765 0.000000
vt 0.115968 0.573502 0.000000
vt 0.115968 0.511765 0.000000
vt 0.117908 0.573502 0.000000
vt 0.117908 0.511765 0.000000
vt 0.119848 0.573502 0.000000
vt 0.119848 0.511765 0.000000
vt 0.121788 0.573502 0.000000
vt 0.121788 0.511765 0.000000
vt 0.123728 0.573502 0.000000
vt 0.123728 0.511765 0.000000
vt 0.125668 0.573502 0.000000
vt 0.125668 0.511765 0.000000
vt 0.127608 0.573502 0.000000
vt 0.127608 0.511765 0.000000
vt 0.129549 0.573502 0.000000
vt 0.129549 0.511765 0.000000
vt 0.131489 0.573502 0.000000
vt 0.131489 0.511765 0.000000
vt 0.133429 0.573502 0.000000
vt 0.133429 0.511765 0.000000
vt 0.135369 0.573502 0.000000
vt 0.135369 0.511765 0.000000
vt 0.137309 0.573502 0.000000
vt 0.137309 0.511765 0.000000
vt 0.139249 0.573502 0.000000
vt 0.139249 0.511765 0.000000
vt 0.141189 0.573502 0.000000
vt 0.141189 0.511765 0.000000
vt 0.143129 0.573502 0.000000
vt 0.143129 0.511765 0.000000
vt 0.145069 0.573502 0.000000
vt 0.145069 0.511765 0.000000
vt 0.147009 0.573502 0.000000
vt 0.147009 0.511765 0.000000
vt 0.148949 0.573502 0.000000
vt 0.148949 0.511765 0.000000
vt 0.150890 0.573502 0.000000
vt 0.150890 0.511765 0.000000
vt 0.152830 0.573502 0.000000
vt 0.152830 0.511765 0.000000
vt 0.154770 0.573502 0.000000
vt 0.154770 0.511765 0.000000
vt 0.156710 0.573502 0.000000
vt 0.156710 0.511765 0.000000
vt 0.158650 0.573502 0.000000
vt 0.158650 0.511765 0.000000
vt 0.160590 0.573502 0.000000
vt 0.160590 0.511765 0.000000
vt 0.162530 0.573502 0.000000
vt 0.162530 0.511765 0.000000
vt 0.164470 0.573502 0.000000
vt 0.164470 0.511765 0.000000
vt 0.166410 0.573502 0.000000
vt 0.166410 0.511765 0.000000
vt 0.168350 0.573502 0.000000
vt 0.168350 0.511765 0.000000
vt 0.170290 0.573502 0.000000
vt 0.170290 0.511765 0.000000
vt 0.172231 0.573501 0.000000
vt 0.172231 0.511765 0.000000
vt 0.174171 0.573501 0.000000
vt 0.174171 0.511765 0.000000
vt 0.176111 0.573501 0.000000
vt 0.176111 0.511765 0.000000
vt 0.178051 0.573501 0.000000
vt 0.178051 0.511765 0.000000
vt 0.179991 0.573501 0.000000
vt 0.179991 0.511765 0.000000
vt 0.181931 0.573501 0.000000
vt 0.181931 0.511765 0.000000
vt 0.183871 0.573501 0.000000
vt 0.183871 0.511765 0.000000
vt 0.185811 0.573501 0.000000
vt 0.185811 0.511765 0.000000
vt 0.187751 0.573501 0.000000
vt 0.187751 0.511765 0.000000
vt 0.189691 0.573501 0.000000
vt 0.189691 0.511765 0.000000
vt 0.191631 0.573501 0.000000
vt 0.191631 0.511765 0.000000
vt 0.193572 0.573501 0.000000
vt 0.193572 0.511765 0.000000
vt 0.195512 0.573501 0.000000
vt 0.195512 0.511765 0.000000
vt 0.197452 0.573501 0.000000
vt 0.197452 0.511765 0.000000
vt 0.199392 0.573501 0.000000
vt 0.199392 0.511765 0.000000
vt 0.201332 0.573501 0.000000
vt 0.201332 0.511765 0.000000
vt 0.203272 0.573501 0.000000
vt 0.203272 0.511765 0.000000
vt 0.205212 0.573501 0.000000
vt 0.205212 0.511765 0.000000
vt 0.207152 0.573501 0.000000
vt 0.207152 0.511765 0.000000
vt 0.209092 0.573501 0.000000
vt 0.209092 0.511765 0.000000
vt 0.211032 0.573501 0.000000
vt 0.211032 0.511765 0.000000
vt 0.212972 0.573501 0.000000
vt 0.212972 0.511765 0.000000
vt 0.214912 0.573501 0.000000
vt 0.214912 0.511765 0.000000
vt 0.216853 0.573501 0.000000
vt 0.216853 0.511765 0.000000
vt 0.218793 0.573501 0.000000
vt 0.218793 0.511765 0.000000
vt 0.220733 0.573501 0.000000
vt 0.220733 0.511765 0.000000
vt 0.222673 0.573501 0.000000
vt 0.222673 0.511765 0.000000
vt 0.224613 0.573501 0.000000
vt 0.224613 0.511765 0.000000
vt 0.046429 0.633751 0.000000
vt 0.046429 0.574797 0.000000
vt 0.044610 0.574797 0.000000
vt 0.044610 0.633751 0.000000
vt 0.048247 0.633751 0.000000
vt 0.048247 0.574797 0.000000
vt 0.050065 0.633751 0.000000
vt 0.050065 0.574797 0.000000
vt 0.051883 0.633751 0.000000
vt 0.051883 0.574797 0.000000
vt 0.053701 0.633751 0.000000
vt 0.053701 0.574797 0.000000
vt 0.055520 0.633751 0.000000
vt 0.055520 0.574797 0.000000
vt 0.057338 0.633751 0.000000
vt 0.057338 0.574797 0.000000
vt 0.059156 0.633751 0.000000
vt 0.059156 0.574797 0.000000
vt 0.060974 0.633751 0.000000
vt 0.060974 0.574797 0.000000
vt 0.062792 0.633751 0.000000
vt 0.062792 0.574797 0.000000
vt 0.064611 0.633751 0.000000
vt 0.064611 0.574797 0.000000
vt 0.066429 0.633751 0.000000
vt 0.066429 0.574797 0.000000
vt 0.068247 0.633751 0.000000
vt 0.068247 0.574797 0.000000
vt 0.070065 0.633751 0.000000
vt 0.070065 0.574797 0.000000
vt 0.071883 0.633751 0.000000
vt 0.071883 0.574797 0.000000
vt 0.073702 0.633751 0.000000
vt 0.073702 0.574797 0.000000
vt 0.075520 0.633751 0.000000
vt 0.075520 0.574797 0.000000
vt 0.077338 0.633751 0.000000
vt 0.077338 0.574797 0.000000
vt 0.079156 0.633751 0.000000
vt 0.079156 0.574797 0.000000
vt 0.080974 0.633751 0.000000
vt 0.080974 0.574797 0.000000
vt 0.082793 0.633751 0.000000
vt 0.082793 0.574796 0.000000
vt 0.084611 0.633751 0.000000
vt 0.084611 0.574796 0.000000
vt 0.086429 0.633751 0.000000
vt 0.086429 0.574796 0.000000
vt 0.088247 0.633751 0.000000
vt 0.088247 0.574796 0.000000
vt 0.090066 0.633751 0.000000
vt 0.090066 0.574796 0.000000
vt 0.091884 0.633751 0.000000
vt 0.091884 0.574796 0.000000
vt 0.093702 0.633751 0.000000
vt 0.093702 0.574796 0.000000
vt 0.095520 0.633751 0.000000
vt 0.095520 0.574796 0.000000
vt 0.097338 0.633751 0.000000
vt 0.097338 0.574796 0.000000
vt 0.099157 0.633751 0.000000
vt 0.099157 0.574796 0.000000
vt 0.100975 0.633751 0.000000
vt 0.100975 0.574796 0.000000
vt 0.102793 0.633751 0.000000
vt 0.102793 0.574796 0.000000
vt 0.104611 0.633751 0.000000
vt 0.104611 0.574796 0.000000
vt 0.106429 0.633751 0.000000
vt 0.106429 0.574796 0.000000
vt 0.108248 0.633751 0.000000
vt 0.108248 0.574796 0.000000
vt 0.110066 0.633751 0.000000
vt 0.110066 0.574796 0.000000
vt 0.111884 0.633751 0.000000
vt 0.111884 0.574796 0.000000
vt 0.113702 0.633751 0.000000
vt 0.113702 0.574796 0.000000
vt 0.115520 0.633751 0.000000
vt 0.115520 0.574796 0.000000
vt 0.117339 0.633751 0.000000
vt 0.117339 0.574796 0.000000
vt 0.119157 0.633751 0.000000
vt 0.119157 0.574796 0.000000
vt 0.120975 0.633751 0.000000
vt 0.120975 0.574796 0.000000
vt 0.122793 0.633751 0.000000
vt 0.122793 0.574796 0.000000
vt 0.124611 0.633751 0.000000
vt 0.124611 0.574796 0.000000
vt 0.126430 0.633751 0.000000
vt 0.126430 0.574796 0.000000
vt 0.128248 0.633751 0.000000
vt 0.128248 0.574796 0.000000
vt 0.130066 0.633751 0.000000
vt 0.130066 0.574796 0.000000
vt 0.131884 0.633751 0.000000
vt 0.131884 0.574796 0.000000
vt 0.133703 0.633751 0.000000
vt 0.133703 0.574796 0.000000
vt 0.135521 0.633751 0.000000
vt 0.135521 0.574796 0.000000
vt 0.137339 0.633751 0.000000
vt 0.137339 0.574796 0.000000
vt 0.139157 0.633751 0.000000
vt 0.139157 0.574796 0.000000
vt 0.140975 0.633751 0.000000
vt 0.140975 0.574796 0.000000
vt 0.142794 0.633751 0.000000
vt 0.142794 0.574796 0.000000
vt 0.144612 0.633751 0.000000
vt 0.144612 0.574796 0.000000
vt 0.146430 0.633751 0.000000
vt 0.146430 0.574796 0.000000
vt 0.148248 0.633751 0.000000
vt 0.148248 0.574796 0.000000
vt 0.150066 0.633751 0.000000
vt 0.150066 0.574796 0.000000
vt 0.151885 0.633751 0.000000
vt 0.151885 0.574796 0.000000
vt 0.153703 0.633751 0.000000
vt 0.153703 0.574796 0.000000
vt 0.155521 0.633751 0.000000
vt 0.155521 0.574796 0.000000
vt 0.157339 0.633751 0.000000
vt 0.157339 0.574796 0.000000
vt 0.159157 0.633751 0.000000
vt 0.159157 0.574796 0.000000
vt 0.160976 0.633751 0.000000
vt 0.160976 0.574796 0.000000
vt 0.162794 0.633751 0.000000
vt 0.162794 0.574796 0.000000
vt 0.164612 0.633751 0.000000
vt 0.164612 0.574796 0.000000
vt 0.166430 0.633751 0.000000
vt 0.166430 0.574796 0.000000
vt 0.168248 0.633751 0.000000
vt 0.168248 0.574796 0.000000
vt 0.170067 0.633751 0.000000
vt 0.170067 0.574796 0.000000
vt 0.171885 0.633751 0.000000
vt 0.171885 0.574796 0.000000
vt 0.173703 0.633751 0.000000
vt 0.173703 0.574796 0.000000
vt 0.175521 0.633751 0.000000
vt 0.175521 0.574796 0.000000
vt 0.177340 0.633751 0.000000
vt 0.177340 0.574796 0.000000
vt 0.179158 0.633751 0.000000
vt 0.179158 0.574796 0.000000
vt 0.180976 0.633751 0.000000
vt 0.180976 0.574796 0.000000
vt 0.182794 0.633751 0.000000
vt 0.182794 0.574796 0.000000
vt 0.184612 0.633751 0.000000
vt 0.184612 0.574796 0.000000
vt 0.186431 0.633751 0.000000
vt 0.186431 0.574796 0.000000
vt 0.188249 0.633751 0.000000
vt 0.188249 0.574797 0.000000
vt 0.190067 0.633751 0.000000
vt 0.190067 0.574797 0.000000
vt 0.191885 0.633751 0.000000
vt 0.191885 0.574797 0.000000
vt 0.193703 0.633751 0.000000
vt 0.193703 0.574797 0.000000
vt 0.195522 0.633751 0.000000
vt 0.195522 0.574797 0.000000
vt 0.197340 0.633751 0.000000
vt 0.197340 0.574797 0.000000
vt 0.199158 0.633751 0.000000
vt 0.199158 0.574797 0.000000
vt 0.200976 0.633751 0.000000
vt 0.200976 0.574797 0.000000
vt 0.202794 0.633751 0.000000
vt 0.202794 0.574797 0.000000
vt 0.204613 0.633751 0.000000
vt 0.204613 0.574797 0.000000
vt 0.206431 0.633751 0.000000
vt 0.206431 0.574797 0.000000
vt 0.208249 0.633751 0.000000
vt 0.208249 0.574797 0.000000
vt 0.210067 0.633751 0.000000
vt 0.210067 0.574797 0.000000
vt 0.211885 0.633751 0.000000
vt 0.211885 0.574797 0.000000
vt 0.213704 0.633751 0.000000
vt 0.213704 0.574797 0.000000
vt 0.215522 0.633751 0.000000
vt 0.215522 0.574797 0.000000
vt 0.217340 0.633751 0.000000
vt 0.217340 0.574797 0.000000
vt 0.219158 0.633751 0.000000
vt 0.219158 0.574797 0.000000
vt 0.220977 0.633751 0.000000
vt 0.220977 0.574797 0.000000
vt 0.222795 0.633751 0.000000
vt 0.222795 0.574797 0.000000
vt 0.224613 0.633751 0.000000
vt 0.224613 0.574797 0.000000
vt 0.455072 0.983606 0.000000
vt 0.455072 0.931678 0.000000
vt 0.453428 0.931678 0.000000
vt 0.453428 0.983606 0.000000
vt 0.456715 0.983606 0.000000
vt 0.456715 0.931678 0.000000
vt 0.458359 0.983606 0.000000
vt 0.458359 0.931678 0.000000
vt 0.460003 0.983606 0.000000
vt 0.460003 0.931678 0.000000
vt 0.461647 0.983606 0.000000
vt 0.461647 0.931678 0.000000
vt 0.463291 0.983606 0.000000
vt 0.463291 0.931678 0.000000
vt 0.464934 0.983606 0.000000
vt 0.464934 0.931678 0.000000
vt 0.466578 0.983606 0.000000
vt 0.466578 0.931678 0.000000
vt 0.468222 0.983606 0.000000
vt 0.468222 0.931678 0.000000
vt 0.469866 0.983606 0.000000
vt 0.469866 0.931678 0.000000
vt 0.471510 0.983606 0.000000
vt 0.471510 0.931678 0.000000
vt 0.473153 0.983606 0.000000
vt 0.473153 0.931678 0.000000
vt 0.474797 0.983606 0.000000
vt 0.474797 0.931678 0.000000
vt 0.476441 0.983606 0.000000
vt 0.476441 0.931678 0.000000
vt 0.478085 0.983606 0.000000
vt 0.478085 0.931678 0.000000
vt 0.479728 0.983606 0.000000
vt 0.479728 0.931678 0.000000
vt 0.481372 0.983607 0.000000
vt 0.481372 0.931678 0.000000
vt 0.483016 0.983607 0.000000
vt 0.483016 0.931678 0.000000
vt 0.484660 0.983607 0.000000
vt 0.484660 0.931678 0.000000
vt 0.486304 0.983607 0.000000
vt 0.486304 0.931678 0.000000
vt 0.487947 0.983607 0.000000
vt 0.487947 0.931678 0.000000
vt 0.489591 0.983607 0.000000
vt 0.489591 0.931678 0.000000
vt 0.491235 0.983607 0.000000
vt 0.491235 0.931678 0.000000
vt 0.492879 0.983607 0.000000
vt 0.492879 0.931678 0.000000
vt 0.494523 0.983607 0.000000
vt 0.494523 0.931678 0.000000
vt 0.496166 0.983607 0.000000
vt 0.496166 0.931678 0.000000
vt 0.497810 0.983607 0.000000
vt 0.497810 0.931678 0.000000
vt 0.499454 0.983607 0.000000
vt 0.499454 0.931678 0.000000
vt 0.501098 0.983607 0.000000
vt 0.501098 0.931678 0.000000
vt 0.502742 0.983607 0.000000
vt 0.502742 0.931678 0.000000
vt 0.504385 0.983607 0.000000
vt 0.504385 0.931678 0.000000
vt 0.506029 0.983607 0.000000
vt 0.506029 0.931678 0.000000
vt 0.507673 0.983607 0.000000
vt 0.507673 0.931678 0.000000
vt 0.509317 0.983607 0.000000
vt 0.509317 0.931678 0.000000
vt 0.510961 0.983607 0.000000
vt 0.510961 0.931678 0.000000
vt 0.512604 0.983607 0.000000
vt 0.512604 0.931678 0.000000
vt 0.514248 0.983607 0.000000
vt 0.514248 0.931678 0.000000
vt 0.515892 0.983607 0.000000
vt 0.515892 0.931678 0.000000
vt 0.517536 0.983607 0.000000
vt 0.517536 0.931678 0.000000
vt 0.519180 0.983607 0.000000
vt 0.519180 0.931678 0.000000
vt 0.520823 0.983607 0.000000
vt 0.520823 0.931678 0.000000
vt 0.522467 0.983607 0.000000
vt 0.522467 0.931678 0.000000
vt 0.524111 0.983607 0.000000
vt 0.524111 0.931678 0.000000
vt 0.525755 0.983607 0.000000
vt 0.525755 0.931678 0.000000
vt 0.527399 0.983607 0.000000
vt 0.527399 0.931678 0.000000
vt 0.529042 0.983607 0.000000
vt 0.529042 0.931678 0.000000
vt 0.530686 0.983607 0.000000
vt 0.530686 0.931678 0.000000
vt 0.532330 0.983607 0.000000
vt 0.532330 0.931678 0.000000
vt 0.533974 0.983607 0.000000
vt 0.533974 0.931678 0.000000
vt 0.535618 0.983607 0.000000
vt 0.535618 0.931678 0.000000
vt 0.537261 0.983607 0.000000
vt 0.537261 0.931678 0.000000
vt 0.538905 0.983607 0.000000
vt 0.538905 0.931678 0.000000
vt 0.540549 0.983607 0.000000
vt 0.540549 0.931678 0.000000
vt 0.542193 0.983607 0.000000
vt 0.542193 0.931678 0.000000
vt 0.543837 0.983607 0.000000
vt 0.543837 0.931678 0.000000
vt 0.545480 0.983607 0.000000
vt 0.545480 0.931678 0.000000
vt 0.547124 0.983607 0.000000
vt 0.547124 0.931678 0.000000
vt 0.548768 0.983607 0.000000
vt 0.548768 0.931678 0.000000
vt 0.550412 0.983607 0.000000
vt 0.550412 0.931678 0.000000
vt 0.552055 0.983607 0.000000
vt 0.552055 0.931678 0.000000
vt 0.553699 0.983607 0.000000
vt 0.553699 0.931678 0.000000
vt 0.555343 0.983607 0.000000
vt 0.555343 0.931678 0.000000
vt 0.556987 0.983607 0.000000
vt 0.556987 0.931678 0.000000
vt 0.558631 0.983607 0.000000
vt 0.558631 0.931678 0.000000
vt 0.560274 0.983607 0.000000
vt 0.560274 0.931678 0.000000
vt 0.561918 0.983607 0.000000
vt 0.561918 0.931678 0.000000
vt 0.563562 0.983607 0.000000
vt 0.563562 0.931678 0.000000
vt 0.565206 0.983607 0.000000
vt 0.565206 0.931678 0.000000
vt 0.566850 0.983607 0.000000
vt 0.566850 0.931678 0.000000
vt 0.568493 0.983607 0.000000
vt 0.568493 0.931678 0.000000
vt 0.570137 0.983607 0.000000
vt 0.570137 0.931678 0.000000
vt 0.571781 0.983607 0.000000
vt 0.571781 0.931678 0.000000
vt 0.573425 0.983607 0.000000
vt 0.573425 0.931678 0.000000
vt 0.575069 0.983607 0.000000
vt 0.575069 0.931678 0.000000
vt 0.576712 0.983607 0.000000
vt 0.576712 0.931678 0.000000
vt 0.578356 0.983607 0.000000
vt 0.578356 0.931678 0.000000
vt 0.580000 0.983607 0.000000
vt 0.580000 0.931678 0.000000
vt 0.581644 0.983607 0.000000
vt 0.581644 0.931678 0.000000
vt 0.583288 0.983607 0.000000
vt 0.583288 0.931678 0.000000
vt 0.584931 0.983607 0.000000
vt 0.584931 0.931678 0.000000
vt 0.586575 0.983607 0.000000
vt 0.586575 0.931678 0.000000
vt 0.588219 0.983607 0.000000
vt 0.588219 0.931678 0.000000
vt 0.589863 0.983606 0.000000
vt 0.589863 0.931678 0.000000
vt 0.591507 0.983606 0.000000
vt 0.591507 0.931678 0.000000
vt 0.593150 0.983606 0.000000
vt 0.593150 0.931678 0.000000
vt 0.594794 0.983606 0.000000
vt 0.594794 0.931678 0.000000
vt 0.596438 0.983606 0.000000
vt 0.596438 0.931678 0.000000
vt 0.598082 0.983606 0.000000
vt 0.598082 0.931678 0.000000
vt 0.599726 0.983606 0.000000
vt 0.599726 0.931678 0.000000
vt 0.601369 0.983606 0.000000
vt 0.601369 0.931678 0.000000
vt 0.603013 0.983606 0.000000
vt 0.603013 0.931678 0.000000
vt 0.604657 0.983606 0.000000
vt 0.604657 0.931678 0.000000
vt 0.606301 0.983606 0.000000
vt 0.606301 0.931678 0.000000
vt 0.607944 0.983606 0.000000
vt 0.607944 0.931678 0.000000
vt 0.609588 0.983606 0.000000
vt 0.609588 0.931678 0.000000
vt 0.611232 0.983606 0.000000
vt 0.611232 0.931678 0.000000
vt 0.612876 0.983606 0.000000
vt 0.612876 0.931678 0.000000
vt 0.614520 0.983606 0.000000
vt 0.614520 0.931678 0.000000
vt 0.616163 0.983606 0.000000
vt 0.616163 0.931678 0.000000
vt 0.022305 0.925706 0.000000
vt 0.022305 0.871330 0.000000
vt 0.020751 0.871330 0.000000
vt 0.020751 0.925706 0.000000
vt 0.023859 0.925706 0.000000
vt 0.023859 0.871330 0.000000
vt 0.025413 0.925706 0.000000
vt 0.025413 0.871330 0.000000
vt 0.026966 0.925706 0.000000
vt 0.026966 0.871330 0.000000
vt 0.028520 0.925706 0.000000
vt 0.028520 0.871330 0.000000
vt 0.030074 0.925706 0.000000
vt 0.030074 0.871330 0.000000
vt 0.031628 0.925706 0.000000
vt 0.031628 0.871330 0.000000
vt 0.033181 0.925706 0.000000
vt 0.033181 0.871330 0.000000
vt 0.034735 0.925706 0.000000
vt 0.034735 0.871330 0.000000
vt 0.036289 0.925706 0.000000
vt 0.036289 0.871330 0.000000
vt 0.037843 0.925706 0.000000
vt 0.037843 0.871330 0.000000
vt 0.039397 0.925706 0.000000
vt 0.039397 0.871330 0.000000
vt 0.040950 0.925706 0.000000
vt 0.040950 0.871330 0.000000
vt 0.042504 0.925706 0.000000
vt 0.042504 0.871330 0.000000
vt 0.044058 0.925706 0.000000
vt 0.044058 0.871330 0.000000
vt 0.045612 0.925706 0.000000
vt 0.045612 0.871330 0.000000
vt 0.047165 0.925706 0.000000
vt 0.047165 0.871330 0.000000
vt 0.048719 0.925706 0.000000
vt 0.048719 0.871330 0.000000
vt 0.050273 0.925706 0.000000
vt 0.050273 0.871330 0.000000
vt 0.051827 0.925706 0.000000
vt 0.051827 0.871330 0.000000
vt 0.053380 0.925706 0.000000
vt 0.053380 0.871330 0.000000
vt 0.054934 0.925706 0.000000
vt 0.054934 0.871330 0.000000
vt 0.056488 0.925706 0.000000
vt 0.056488 0.871330 0.000000
vt 0.058042 0.925706 0.000000
vt 0.058042 0.871329 0.000000
vt 0.059596 0.925706 0.000000
vt 0.059596 0.871329 0.000000
vt 0.061149 0.925706 0.000000
vt 0.061149 0.871329 0.000000
vt 0.062703 0.925706 0.000000
vt 0.062703 0.871329 0.000000
vt 0.064257 0.925706 0.000000
vt 0.064257 0.871329 0.000000
vt 0.065811 0.925706 0.000000
vt 0.065811 0.871329 0.000000
vt 0.067364 0.925706 0.000000
vt 0.067364 0.871329 0.000000
vt 0.068918 0.925706 0.000000
vt 0.068918 0.871329 0.000000
vt 0.070472 0.925706 0.000000
vt 0.070472 0.871329 0.000000
vt 0.072026 0.925706 0.000000
vt 0.072026 0.871329 0.000000
vt 0.073580 0.925706 0.000000
vt 0.073580 0.871329 0.000000
vt 0.075133 0.925706 0.000000
vt 0.075133 0.871329 0.000000
vt 0.076687 0.925706 0.000000
vt 0.076687 0.871329 0.000000
vt 0.078241 0.925706 0.000000
vt 0.078241 0.871329 0.000000
vt 0.079795 0.925706 0.000000
vt 0.079795 0.871329 0.000000
vt 0.081348 0.925706 0.000000
vt 0.081348 0.871329 0.000000
vt 0.082902 0.925706 0.000000
vt 0.082902 0.871329 0.000000
vt 0.084456 0.925706 0.000000
vt 0.084456 0.871329 0.000000
vt 0.086010 0.925706 0.000000
vt 0.086010 0.871329 0.000000
vt 0.087563 0.925706 0.000000
vt 0.087563 0.871329 0.000000
vt 0.089117 0.925706 0.000000
vt 0.089117 0.871329 0.000000
vt 0.090671 0.925706 0.000000
vt 0.090671 0.871329 0.000000
vt 0.092225 0.925706 0.000000
vt 0.092225 0.871329 0.000000
vt 0.093779 0.925706 0.000000
vt 0.093779 0.871329 0.000000
vt 0.095332 0.925706 0.000000
vt 0.095332 0.871329 0.000000
vt 0.096886 0.925706 0.000000
vt 0.096886 0.871329 0.000000
vt 0.098440 0.925706 0.000000
vt 0.098440 0.871329 0.000000
vt 0.099994 0.925706 0.000000
vt 0.099994 0.871329 0.000000
vt 0.101547 0.925706 0.000000
vt 0.101547 0.871329 0.000000
vt 0.103101 0.925706 0.000000
vt 0.103101 0.871329 0.000000
vt 0.104655 0.925706 0.000000
vt 0.104655 0.871329 0.000000
vt 0.106209 0.925706 0.000000
vt 0.106209 0.871329 0.000000
vt 0.107763 0.925706 0.000000
vt 0.107763 0.871329 0.000000
vt 0.109316 0.925706 0.000000
vt 0.109316 0.871329 0.000000
vt 0.110870 0.925706 0.000000
vt 0.110870 0.871329 0.000000
vt 0.112424 0.925706 0.000000
vt 0.112424 0.871329 0.000000
vt 0.113978 0.925706 0.000000
vt 0.113978 0.871329 0.000000
vt 0.115531 0.925706 0.000000
vt 0.115531 0.871329 0.000000
vt 0.117085 0.925706 0.000000
vt 0.117085 0.871329 0.000000
vt 0.118639 0.925706 0.000000
vt 0.118639 0.871329 0.000000
vt 0.120193 0.925706 0.000000
vt 0.120193 0.871329 0.000000
vt 0.121746 0.925706 0.000000
vt 0.121746 0.871329 0.000000
vt 0.123300 0.925706 0.000000
vt 0.123300 0.871329 0.000000
vt 0.124854 0.925706 0.000000
vt 0.124854 0.871329 0.000000
vt 0.126408 0.925706 0.000000
vt 0.126408 0.871329 0.000000
vt 0.127962 0.925706 0.000000
vt 0.127962 0.871329 0.000000
vt 0.129515 0.925706 0.000000
vt 0.129515 0.871329 0.000000
vt 0.131069 0.925706 0.000000
vt 0.131069 0.871329 0.000000
vt 0.132623 0.925706 0.000000
vt 0.132623 0.871329 0.000000
vt 0.134177 0.925706 0.000000
vt 0.134177 0.871329 0.000000
vt 0.135730 0.925706 0.000000
vt 0.135730 0.871329 0.000000
vt 0.137284 0.925706 0.000000
vt 0.137284 0.871329 0.000000
vt 0.138838 0.925706 0.000000
vt 0.138838 0.871330 0.000000
vt 0.140392 0.925706 0.000000
vt 0.140392 0.871330 0.000000
vt 0.141945 0.925706 0.000000
vt 0.141945 0.871330 0.000000
vt 0.143499 0.925706 0.000000
vt 0.143499 0.871330 0.000000
vt 0.145053 0.925706 0.000000
vt 0.145053 0.871330 0.000000
vt 0.146607 0.925706 0.000000
vt 0.146607 0.871330 0.000000
vt 0.148161 0.925706 0.000000
vt 0.148161 0.871330 0.000000
vt 0.149714 0.925706 0.000000
vt 0.149714 0.871330 0.000000
vt 0.151268 0.925706 0.000000
vt 0.151268 0.871330 0.000000
vt 0.152822 0.925706 0.000000
vt 0.152822 0.871330 0.000000
vt 0.154376 0.925706 0.000000
vt 0.154376 0.871330 0.000000
vt 0.155929 0.925706 0.000000
vt 0.155929 0.871330 0.000000
vt 0.157483 0.925706 0.000000
vt 0.157483 0.871330 0.000000
vt 0.159037 0.925706 0.000000
vt 0.159037 0.871330 0.000000
vt 0.160591 0.925706 0.000000
vt 0.160591 0.871330 0.000000
vt 0.162145 0.925706 0.000000
vt 0.162145 0.871330 0.000000
vt 0.163698 0.925706 0.000000
vt 0.163698 0.871330 0.000000
vt 0.165252 0.925706 0.000000
vt 0.165252 0.871330 0.000000
vt 0.166806 0.925706 0.000000
vt 0.166806 0.871330 0.000000
vt 0.168360 0.925706 0.000000
vt 0.168360 0.871330 0.000000
vt 0.169913 0.925706 0.000000
vt 0.169913 0.871330 0.000000
vt 0.171467 0.925706 0.000000
vt 0.171467 0.871330 0.000000
vt 0.173021 0.925706 0.000000
vt 0.173021 0.871330 0.000000
vt 0.174575 0.925706 0.000000
vt 0.174575 0.871330 0.000000
vt 0.856509 0.934882 0.000000
vt 0.856509 0.875465 0.000000
vt 0.855068 0.875465 0.000000
vt 0.855068 0.934882 0.000000
vt 0.857950 0.934882 0.000000
vt 0.857950 0.875465 0.000000
vt 0.859390 0.934882 0.000000
vt 0.859390 0.875465 0.000000
vt 0.860831 0.934882 0.000000
vt 0.860831 0.875465 0.000000
vt 0.862272 0.934882 0.000000
vt 0.862272 0.875465 0.000000
vt 0.863713 0.934882 0.000000
vt 0.863713 0.875465 0.000000
vt 0.865153 0.934882 0.000000
vt 0.865153 0.875465 0.000000
vt 0.866594 0.934882 0.000000
vt 0.866594 0.875465 0.000000
vt 0.868035 0.934882 0.000000
vt 0.868035 0.875465 0.000000
vt 0.869475 0.934882 0.000000
vt 0.869475 0.875465 0.000000
vt 0.870916 0.934882 0.000000
vt 0.870916 0.875465 0.000000
vt 0.872357 0.934882 0.000000
vt 0.872357 0.875465 0.000000
vt 0.873798 0.934882 0.000000
vt 0.873798 0.875465 0.000000
vt 0.875238 0.934882 0.000000
vt 0.875238 0.875465 0.000000
vt 0.876679 0.934882 0.000000
vt 0.876679 0.875465 0.000000
vt 0.878120 0.934882 0.000000
vt 0.878120 0.875465 0.000000
vt 0.879560 0.934882 0.000000
vt 0.879560 0.875465 0.000000
vt 0.881001 0.934882 0.000000
vt 0.881001 0.875465 0.000000
vt 0.882442 0.934882 0.000000
vt 0.882442 0.875465 0.000000
vt 0.883883 0.934882 0.000000
vt 0.883883 0.875465 0.000000
vt 0.885323 0.934883 0.000000
vt 0.885323 0.875465 0.000000
vt 0.886764 0.934883 0.000000
vt 0.886764 0.875465 0.000000
vt 0.888205 0.934883 0.000000
vt 0.888205 0.875465 0.000000
vt 0.889645 0.934883 0.000000
vt 0.889645 0.875465 0.000000
vt 0.891086 0.934883 0.000000
vt 0.891086 0.875465 0.000000
vt 0.892527 0.934883 0.000000
vt 0.892527 0.875465 0.000000
vt 0.893967 0.934883 0.000000
vt 0.893967 0.875465 0.000000
vt 0.895408 0.934883 0.000000
vt 0.895408 0.875465 0.000000
vt 0.896849 0.934883 0.000000
vt 0.896849 0.875465 0.000000
vt 0.898290 0.934883 0.000000
vt 0.898290 0.875465 0.000000
vt 0.899730 0.934883 0.000000
vt 0.899730 0.875465 0.000000
vt 0.901171 0.934883 0.000000
vt 0.901171 0.875465 0.000000
vt 0.902612 0.934883 0.000000
vt 0.902612 0.875465 0.000000
vt 0.904052 0.934883 0.000000
vt 0.904052 0.875465 0.000000
vt 0.905493 0.934883 0.000000
vt 0.905493 0.875465 0.000000
vt 0.906934 0.934883 0.000000
vt 0.906934 0.875465 0.000000
vt 0.908375 0.934883 0.000000
vt 0.908375 0.875465 0.000000
vt 0.909815 0.934883 0.000000
vt 0.909815 0.875465 0.000000
vt 0.911256 0.934883 0.000000
vt 0.911256 0.875465 0.000000
vt 0.912697 0.934883 0.000000
vt 0.912697 0.875465 0.000000
vt 0.914137 0.934883 0.000000
vt 0.914137 0.875465 0.000000
vt 0.915578 0.934883 0.000000
vt 0.915578 0.875465 0.000000
vt 0.917019 0.934883 0.000000
vt 0.917019 0.875465 0.000000
vt 0.918459 0.934883 0.000000
vt 0.918459 0.875465 0.000000
vt 0.919900 0.934883 0.000000
vt 0.919900 0.875465 0.000000
vt 0.921341 0.934883 0.000000
vt 0.921341 0.875465 0.000000
vt 0.922782 0.934883 0.000000
vt 0.922782 0.875465 0.000000
vt 0.924222 0.934883 0.000000
vt 0.924222 0.875465 0.000000
vt 0.925663 0.934883 0.000000
vt 0.925663 0.875465 0.000000
vt 0.927104 0.934883 0.000000
vt 0.927104 0.875465 0.000000
vt 0.928544 0.934883 0.000000
vt 0.928544 0.875465 0.000000
vt 0.929985 0.934883 0.000000
vt 0.929985 0.875465 0.000000
vt 0.931426 0.934883 0.000000
vt 0.931426 0.875465 0.000000
vt 0.932867 0.934883 0.000000
vt 0.932867 0.875465 0.000000
vt 0.934307 0.934883 0.000000
vt 0.934307 0.875465 0.000000
vt 0.935748 0.934883 0.000000
vt 0.935748 0.875465 0.000000
vt 0.937189 0.934883 0.000000
vt 0.937189 0.875465 0.000000
vt 0.938629 0.934883 0.000000
vt 0.938629 0.875465 0.000000
vt 0.940070 0.934883 0.000000
vt 0.940070 0.875465 0.000000
vt 0.941511 0.934883 0.000000
vt 0.941511 0.875465 0.000000
vt 0.942952 0.934883 0.000000
vt 0.942952 0.875465 0.000000
vt 0.944392 0.934883 0.000000
vt 0.944392 0.875465 0.000000
vt 0.945833 0.934883 0.000000
vt 0.945833 0.875465 0.000000
vt 0.947274 0.934883 0.000000
vt 0.947274 0.875465 0.000000
vt 0.948714 0.934883 0.000000
vt 0.948714 0.875465 0.000000
vt 0.950155 0.934883 0.000000
vt 0.950155 0.875465 0.000000
vt 0.951596 0.934883 0.000000
vt 0.951596 0.875465 0.000000
vt 0.953036 0.934883 0.000000
vt 0.953036 0.875465 0.000000
vt 0.954477 0.934883 0.000000
vt 0.954477 0.875465 0.000000
vt 0.955918 0.934883 0.000000
vt 0.955918 0.875465 0.000000
vt 0.957359 0.934883 0.000000
vt 0.957359 0.875465 0.000000
vt 0.958799 0.934883 0.000000
vt 0.958799 0.875465 0.000000
vt 0.960240 0.934883 0.000000
vt 0.960240 0.875465 0.000000
vt 0.961681 0.934883 0.000000
vt 0.961681 0.875465 0.000000
vt 0.963121 0.934883 0.000000
vt 0.963121 0.875465 0.000000
vt 0.964562 0.934883 0.000000
vt 0.964562 0.875465 0.000000
vt 0.966003 0.934883 0.000000
vt 0.966003 0.875465 0.000000
vt 0.967444 0.934883 0.000000
vt 0.967444 0.875465 0.000000
vt 0.968884 0.934882 0.000000
vt 0.968884 0.875465 0.000000
vt 0.970325 0.934882 0.000000
vt 0.970325 0.875465 0.000000
vt 0.971766 0.934882 0.000000
vt 0.971766 0.875465 0.000000
vt 0.973206 0.934882 0.000000
vt 0.973206 0.875465 0.000000
vt 0.974647 0.934882 0.000000
vt 0.974647 0.875465 0.000000
vt 0.976088 0.934882 0.000000
vt 0.976088 0.875465 0.000000
vt 0.977528 0.934882 0.000000
vt 0.977528 0.875465 0.000000
vt 0.978969 0.934882 0.000000
vt 0.978969 0.875465 0.000000
vt 0.980410 0.934882 0.000000
vt 0.980410 0.875465 0.000000
vt 0.981851 0.934882 0.000000
vt 0.981851 0.875465 0.000000
vt 0.983291 0.934882 0.000000
vt 0.983291 0.875465 0.000000
vt 0.984732 0.934882 0.000000
vt 0.984732 0.875465 0.000000
vt 0.986173 0.934882 0.000000
vt 0.986173 0.875465 0.000000
vt 0.987613 0.934882 0.000000
vt 0.987613 0.875465 0.000000
vt 0.989054 0.934882 0.000000
vt 0.989054 0.875465 0.000000
vt 0.990495 0.934882 0.000000
vt 0.990495 0.875465 0.000000
vt 0.991935 0.934882 0.000000
vt 0.991935 0.875465 0.000000
vt 0.993376 0.934882 0.000000
vt 0.993376 0.875465 0.000000
vt 0.994817 0.934882 0.000000
vt 0.994817 0.875465 0.000000
vt 0.996258 0.934882 0.000000
vt 0.996258 0.875465 0.000000
vt 0.997698 0.934882 0.000000
vt 0.997698 0.875465 0.000000
vt 0.023171 0.510470 0.000000
vt 0.023171 0.462852 0.000000
vt 0.022002 0.462852 0.000000
vt 0.022002 0.510470 0.000000
vt 0.024341 0.510470 0.000000
vt 0.024341 0.462852 0.000000
vt 0.025511 0.510470 0.000000
vt 0.025511 0.462852 0.000000
vt 0.026680 0.510470 0.000000
vt 0.026680 0.462852 0.000000
vt 0.027850 0.510470 0.000000
vt 0.027850 0.462852 0.000000
vt 0.029019 0.510470 0.000000
vt 0.029019 0.462852 0.000000
vt 0.030189 0.510470 0.000000
vt 0.030189 0.462852 0.000000
vt 0.031358 0.510470 0.000000
vt 0.031358 0.462852 0.000000
vt 0.032528 0.510470 0.000000
vt 0.032528 0.462852 0.000000
vt 0.033698 0.510470 0.000000
vt 0.033698 0.462852 0.000000
vt 0.034867 0.510470 0.000000
vt 0.034867 0.462852 0.000000
vt 0.036037 0.510470 0.000000
vt 0.036037 0.462852 0.000000
vt 0.037206 0.510470 0.000000
vt 0.037206 0.462852 0.000000
vt 0.038376 0.510470 0.000000
vt 0.038376 0.462852 0.000000
vt 0.039546 0.510470 0.000000
vt 0.039546 0.462852 0.000000
vt 0.040715 0.510470 0.000000
vt 0.040715 0.462852 0.000000
vt 0.041885 0.510470 0.000000
vt 0.041885 0.462852 0.000000
vt 0.043054 0.510470 0.000000
vt 0.043054 0.462852 0.000000
vt 0.044224 0.510470 0.000000
vt 0.044224 0.462852 0.000000
vt 0.045394 0.510470 0.000000
vt 0.045394 0.462852 0.000000
vt 0.046563 0.510470 0.000000
vt 0.046563 0.462852 0.000000
vt 0.047733 0.510470 0.000000
vt 0.047733 0.462852 0.000000
vt 0.048902 0.510470 0.000000
vt 0.048902 0.462852 0.000000
vt 0.050072 0.510470 0.000000
vt 0.050072 0.462852 0.000000
vt 0.051241 0.510470 0.000000
vt 0.051241 0.462852 0.000000
vt 0.052411 0.510470 0.000000
vt 0.052411 0.462852 0.000000
vt 0.053581 0.510470 0.000000
vt 0.053581 0.462852 0.000000
vt 0.054750 0.510470 0.000000
vt 0.054750 0.462852 0.000000
vt 0.055920 0.510470 0.000000
vt 0.055920 0.462852 0.000000
vt 0.057089 0.510470 0.000000
vt 0.057089 0.462852 0.000000
vt 0.058259 0.510470 0.000000
vt 0.058259 0.462852 0.000000
vt 0.059429 0.510470 0.000000
vt 0.059429 0.462852 0.000000
vt 0.060598 0.510470 0.000000
vt 0.060598 0.462852 0.000000
vt 0.061768 0.510470 0.000000
vt 0.061768 0.462852 0.000000
vt 0.062937 0.510470 0.000000
vt 0.062937 0.462852 0.000000
vt 0.064107 0.510470 0.000000
vt 0.064107 0.462852 0.000000
vt 0.065276 0.510470 0.000000
vt 0.065276 0.462852 0.000000
vt 0.066446 0.510470 0.000000
vt 0.066446 0.462852 0.000000
vt 0.067616 0.510470 0.000000
vt 0.067616 0.462852 0.000000
vt 0.068785 0.510470 0.000000
vt 0.068785 0.462852 0.000000
vt 0.069955 0.510470 0.000000
vt 0.069955 0.462852 0.000000
vt 0.071124 0.510470 0.000000
vt 0.071124 0.462852 0.000000
vt 0.072294 0.510470 0.000000
vt 0.072294 0.462852 0.000000
vt 0.073464 0.510470 0.000000
vt 0.073464 0.462852 0.000000
vt 0.074633 0.510470 0.000000
vt 0.074633 0.462852 0.000000
vt 0.075803 0.510470 0.000000
vt 0.075803 0.462852 0.000000
vt 0.076972 0.510470 0.000000
vt 0.076972 0.462852 0.000000
vt 0.078142 0.510470 0.000000
vt 0.078142 0.462852 0.000000
vt 0.079311 0.510470 0.000000
vt 0.079311 0.462852 0.000000
vt 0.080481 0.510470 0.000000
vt 0.080481 0.462852 0.000000
vt 0.081651 0.510470 0.000000
vt 0.081651 0.462852 0.000000
vt 0.082820 0.510470 0.000000
vt 0.082820 0.462852 0.000000
vt 0.083990 0.510470 0.000000
vt 0.083990 0.462852 0.000000
vt 0.085159 0.510470 0.000000
vt 0.085159 0.462852 0.000000
vt 0.086329 0.510470 0.000000
vt 0.086329 0.462852 0.000000
vt 0.087499 0.510470 0.000000
vt 0.087499 0.462852 0.000000
vt 0.088668 0.510470 0.000000
vt 0.088668 0.462852 0.000000
vt 0.089838 0.510470 0.000000
vt 0.089838 0.462852 0.000000
vt 0.091007 0.510470 0.000000
vt 0.091007 0.462852 0.000000
vt 0.092177 0.510470 0.000000
vt 0.092177 0.462852 0.000000
vt 0.093347 0.510470 0.000000
vt 0.093347 0.462852 0.000000
vt 0.094516 0.510470 0.000000
vt 0.094516 0.462852 0.000000
vt 0.095686 0.510470 0.000000
vt 0.095686 0.462852 0.000000
vt 0.096855 0.510470 0.000000
vt 0.096855 0.462852 0.000000
vt 0.098025 0.510470 0.000000
vt 0.098025 0.462852 0.000000
vt 0.099194 0.510470 0.000000
vt 0.099194 0.462852 0.000000
vt 0.100364 0.510470 0.000000
vt 0.100364 0.462852 0.000000
vt 0.101534 0.510470 0.000000
vt 0.101534 0.462852 0.000000
vt 0.102703 0.510470 0.000000
vt 0.102703 0.462852 0.000000
vt 0.103873 0.510470 0.000000
vt 0.103873 0.462852 0.000000
vt 0.105042 0.510470 0.000000
vt 0.105042 0.462852 0.000000
vt 0.106212 0.510470 0.000000
vt 0.106212 0.462852 0.000000
vt 0.107382 0.510470 0.000000
vt 0.107382 0.462852 0.000000
vt 0.108551 0.510470 0.000000
vt 0.108551 0.462852 0.000000
vt 0.109721 0.510470 0.000000
vt 0.109721 0.462852 0.000000
vt 0.110890 0.510470 0.000000
vt 0.110890 0.462852 0.000000
vt 0.112060 0.510470 0.000000
vt 0.112060 0.462852 0.000000
vt 0.113229 0.510470 0.000000
vt 0.113229 0.462852 0.000000
vt 0.114399 0.510470 0.000000
vt 0.114399 0.462852 0.000000
vt 0.115569 0.510470 0.000000
vt 0.115569 0.462852 0.000000
vt 0.116738 0.510470 0.000000
vt 0.116738 0.462852 0.000000
vt 0.117908 0.510470 0.000000
vt 0.117908 0.462852 0.000000
vt 0.119077 0.510470 0.000000
vt 0.119077 0.462852 0.000000
vt 0.120247 0.510470 0.000000
vt 0.120247 0.462852 0.000000
vt 0.121417 0.510470 0.000000
vt 0.121417 0.462852 0.000000
vt 0.122586 0.510470 0.000000
vt 0.122586 0.462852 0.000000
vt 0.123756 0.510470 0.000000
vt 0.123756 0.462852 0.000000
vt 0.124925 0.510470 0.000000
vt 0.124925 0.462852 0.000000
vt 0.126095 0.510470 0.000000
vt 0.126095 0.462852 0.000000
vt 0.127264 0.510470 0.000000
vt 0.127264 0.462852 0.000000
vt 0.128434 0.510470 0.000000
vt 0.128434 0.462852 0.000000
vt 0.129604 0.510470 0.000000
vt 0.129604 0.462852 0.000000
vt 0.130773 0.510470 0.000000
vt 0.130773 0.462852 0.000000
vt 0.131943 0.510470 0.000000
vt 0.131943 0.462852 0.000000
vt 0.133112 0.510470 0.000000
vt 0.133112 0.462852 0.000000
vt 0.134282 0.510470 0.000000
vt 0.134282 0.462852 0.000000
vt 0.135452 0.510470 0.000000
vt 0.135452 0.462852 0.000000
vt 0.136621 0.510470 0.000000
vt 0.136621 0.462852 0.000000
vt 0.137791 0.510470 0.000000
vt 0.137791 0.462852 0.000000
vt 0.754187 0.949684 0.000000
vt 0.768850 0.971900 0.000000
vt 0.770296 0.970913 0.000000
vt 0.755290 0.948930 0.000000
vt 0.753074 0.950424 0.000000
vt 0.767392 0.972871 0.000000
vt 0.751953 0.951152 0.000000
vt 0.765923 0.973824 0.000000
vt 0.750824 0.951866 0.000000
vt 0.764443 0.974760 0.000000
vt 0.749686 0.952567 0.000000
vt 0.762952 0.975678 0.000000
vt 0.748540 0.953254 0.000000
vt 0.761451 0.976579 0.000000
vt 0.747387 0.953929 0.000000
vt 0.759940 0.977462 0.000000
vt 0.746226 0.954589 0.000000
vt 0.758418 0.978328 0.000000
vt 0.745058 0.955235 0.000000
vt 0.756888 0.979175 0.000000
vt 0.743882 0.955868 0.000000
vt 0.755347 0.980004 0.000000
vt 0.742700 0.956487 0.000000
vt 0.753798 0.980814 0.000000
vt 0.741510 0.957091 0.000000
vt 0.752240 0.981606 0.000000
vt 0.740315 0.957681 0.000000
vt 0.750673 0.982380 0.000000
vt 0.739113 0.958257 0.000000
vt 0.749098 0.983134 0.000000
vt 0.737905 0.958818 0.000000
vt 0.747515 0.983870 0.000000
vt 0.736691 0.959365 0.000000
vt 0.745924 0.984586 0.000000
vt 0.735471 0.959897 0.000000
vt 0.744326 0.985283 0.000000
vt 0.734246 0.960414 0.000000
vt 0.742721 0.985961 0.000000
vt 0.733016 0.960917 0.000000
vt 0.741109 0.986619 0.000000
vt 0.731781 0.961404 0.000000
vt 0.739491 0.987258 0.000000
vt 0.730542 0.961876 0.000000
vt 0.737866 0.987877 0.000000
vt 0.729297 0.962333 0.000000
vt 0.736236 0.988476 0.000000
vt 0.728049 0.962775 0.000000
vt 0.734600 0.989055 0.000000
vt 0.726796 0.963202 0.000000
vt 0.732958 0.989614 0.000000
vt 0.725539 0.963613 0.000000
vt 0.731312 0.990153 0.000000
vt 0.724279 0.964009 0.000000
vt 0.729661 0.990671 0.000000
vt 0.723016 0.964389 0.000000
vt 0.728005 0.991169 0.000000
vt 0.721749 0.964753 0.000000
vt 0.726345 0.991647 0.000000
vt 0.720479 0.965102 0.000000
vt 0.724681 0.992104 0.000000
vt 0.719207 0.965435 0.000000
vt 0.723014 0.992540 0.000000
vt 0.717932 0.965752 0.000000
vt 0.721344 0.992956 0.000000
vt 0.716655 0.966054 0.000000
vt 0.719671 0.993351 0.000000
vt 0.715376 0.966339 0.000000
vt 0.717995 0.993724 0.000000
vt 0.714095 0.966608 0.000000
vt 0.716316 0.994077 0.000000
vt 0.712813 0.966862 0.000000
vt 0.714636 0.994409 0.000000
vt 0.711529 0.967099 0.000000
vt 0.712954 0.994720 0.000000
vt 0.710245 0.967320 0.000000
vt 0.711271 0.995010 0.000000
vt 0.708959 0.967524 0.000000
vt 0.709586 0.995278 0.000000
vt 0.707673 0.967713 0.000000
vt 0.707901 0.995525 0.000000
vt 0.706387 0.967885 0.000000
vt 0.706215 0.995751 0.000000
vt 0.705100 0.968041 0.000000
vt 0.704529 0.995955 0.000000
vt 0.703813 0.968181 0.000000
vt 0.702843 0.996138 0.000000
vt 0.702527 0.968304 0.000000
vt 0.701158 0.996300 0.000000
vt 0.701242 0.968411 0.000000
vt 0.699474 0.996440 0.000000
vt 0.699957 0.968502 0.000000
vt 0.697790 0.996558 0.000000
vt 0.698673 0.968576 0.000000
vt 0.696108 0.996655 0.000000
vt 0.697390 0.968633 0.000000
vt 0.694427 0.996731 0.000000
vt 0.696110 0.968675 0.000000
vt 0.692749 0.996785 0.000000
vt 0.694830 0.968699 0.000000
vt 0.691072 0.996817 0.000000
vt 0.693553 0.968707 0.000000
vt 0.689399 0.996828 0.000000
vt 0.692281 0.968683 0.000000
vt 0.687731 0.996795 0.000000
vt 0.691011 0.968641 0.000000
vt 0.686068 0.996741 0.000000
vt 0.689745 0.968583 0.000000
vt 0.684408 0.996666 0.000000
vt 0.688482 0.968509 0.000000
vt 0.682753 0.996568 0.000000
vt 0.687222 0.968419 0.000000
vt 0.681103 0.996450 0.000000
vt 0.685966 0.968312 0.000000
vt 0.679458 0.996309 0.000000
vt 0.684715 0.968188 0.000000
vt 0.677818 0.996148 0.000000
vt 0.683468 0.968048 0.000000
vt 0.676183 0.995964 0.000000
vt 0.682225 0.967892 0.000000
vt 0.674555 0.995760 0.000000
vt 0.680987 0.967720 0.000000
vt 0.672933 0.995534 0.000000
vt 0.679753 0.967531 0.000000
vt 0.671317 0.995286 0.000000
vt 0.678526 0.967326 0.000000
vt 0.669708 0.995018 0.000000
vt 0.677303 0.967105 0.000000
vt 0.668106 0.994728 0.000000
vt 0.676086 0.966868 0.000000
vt 0.666511 0.994417 0.000000
vt 0.674875 0.966614 0.000000
vt 0.664924 0.994085 0.000000
vt 0.673670 0.966345 0.000000
vt 0.663345 0.993732 0.000000
vt 0.672471 0.966059 0.000000
vt 0.661774 0.993358 0.000000
vt 0.671279 0.965758 0.000000
vt 0.660212 0.992963 0.000000
vt 0.670093 0.965440 0.000000
vt 0.658658 0.992547 0.000000
vt 0.668914 0.965107 0.000000
vt 0.657113 0.992110 0.000000
vt 0.667743 0.964758 0.000000
vt 0.655578 0.991653 0.000000
vt 0.666578 0.964394 0.000000
vt 0.654053 0.991175 0.000000
vt 0.665422 0.964013 0.000000
vt 0.652537 0.990677 0.000000
vt 0.664273 0.963618 0.000000
vt 0.651032 0.990158 0.000000
vt 0.663132 0.963206 0.000000
vt 0.649537 0.989619 0.000000
vt 0.661999 0.962779 0.000000
vt 0.648052 0.989060 0.000000
vt 0.660875 0.962337 0.000000
vt 0.646579 0.988481 0.000000
vt 0.659759 0.961880 0.000000
vt 0.645117 0.987882 0.000000
vt 0.658652 0.961408 0.000000
vt 0.643666 0.987263 0.000000
vt 0.657554 0.960920 0.000000
vt 0.642227 0.986624 0.000000
vt 0.656465 0.960418 0.000000
vt 0.640801 0.985965 0.000000
vt 0.655386 0.959900 0.000000
vt 0.639386 0.985287 0.000000
vt 0.654316 0.959368 0.000000
vt 0.637984 0.984590 0.000000
vt 0.653256 0.958821 0.000000
vt 0.636595 0.983873 0.000000
vt 0.652205 0.958259 0.000000
vt 0.635219 0.983138 0.000000
vt 0.651165 0.957684 0.000000
vt 0.633856 0.982383 0.000000
vt 0.650136 0.957093 0.000000
vt 0.632507 0.981609 0.000000
vt 0.649117 0.956489 0.000000
vt 0.631172 0.980817 0.000000
vt 0.648108 0.955870 0.000000
vt 0.629850 0.980006 0.000000
vt 0.647111 0.955237 0.000000
vt 0.628543 0.979177 0.000000
vt 0.646124 0.954590 0.000000
vt 0.627250 0.978330 0.000000
vt 0.645149 0.953930 0.000000
vt 0.625973 0.977464 0.000000
vt 0.644185 0.953256 0.000000
vt 0.624710 0.976581 0.000000
vt 0.643233 0.952568 0.000000
vt 0.623462 0.975679 0.000000
vt 0.642292 0.951867 0.000000
vt 0.622230 0.974761 0.000000
vt 0.641364 0.951152 0.000000
vt 0.621013 0.973824 0.000000
vt 0.640447 0.950425 0.000000
vt 0.619812 0.972871 0.000000
vt 0.639543 0.949684 0.000000
vt 0.618627 0.971901 0.000000
vt 0.638651 0.948930 0.000000
vt 0.617459 0.970913 0.000000
vt 0.118085 0.416054 0.000000
vt 0.136746 0.441008 0.000000
vt 0.137791 0.440200 0.000000
vt 0.118726 0.415558 0.000000
vt 0.117438 0.416542 0.000000
vt 0.135691 0.441803 0.000000
vt 0.116784 0.417021 0.000000
vt 0.134625 0.442585 0.000000
vt 0.116125 0.417492 0.000000
vt 0.133550 0.443352 0.000000
vt 0.115459 0.417954 0.000000
vt 0.132465 0.444106 0.000000
vt 0.114788 0.418408 0.000000
vt 0.131370 0.444846 0.000000
vt 0.114111 0.418852 0.000000
vt 0.130266 0.445571 0.000000
vt 0.113428 0.419288 0.000000
vt 0.129153 0.446282 0.000000
vt 0.112740 0.419716 0.000000
vt 0.128031 0.446979 0.000000
vt 0.112047 0.420134 0.000000
vt 0.126901 0.447660 0.000000
vt 0.111349 0.420543 0.000000
vt 0.125763 0.448327 0.000000
vt 0.110646 0.420942 0.000000
vt 0.124616 0.448979 0.000000
vt 0.109938 0.421333 0.000000
vt 0.123461 0.449616 0.000000
vt 0.109225 0.421714 0.000000
vt 0.122299 0.450237 0.000000
vt 0.108508 0.422086 0.000000
vt 0.121130 0.450843 0.000000
vt 0.107786 0.422448 0.000000
vt 0.119953 0.451434 0.000000
vt 0.107060 0.422801 0.000000
vt 0.118769 0.452009 0.000000
vt 0.106330 0.423143 0.000000
vt 0.117579 0.452568 0.000000
vt 0.105596 0.423476 0.000000
vt 0.116383 0.453111 0.000000
vt 0.104859 0.423800 0.000000
vt 0.115180 0.453638 0.000000
vt 0.104118 0.424113 0.000000
vt 0.113972 0.454149 0.000000
vt 0.103373 0.424417 0.000000
vt 0.112757 0.454644 0.000000
vt 0.102625 0.424710 0.000000
vt 0.111538 0.455122 0.000000
vt 0.101874 0.424993 0.000000
vt 0.110313 0.455584 0.000000
vt 0.101120 0.425266 0.000000
vt 0.109084 0.456030 0.000000
vt 0.100363 0.425529 0.000000
vt 0.107850 0.456458 0.000000
vt 0.099604 0.425782 0.000000
vt 0.106611 0.456870 0.000000
vt 0.098842 0.426024 0.000000
vt 0.105369 0.457265 0.000000
vt 0.098077 0.426256 0.000000
vt 0.104122 0.457644 0.000000
vt 0.097311 0.426478 0.000000
vt 0.102873 0.458005 0.000000
vt 0.096542 0.426689 0.000000
vt 0.101619 0.458349 0.000000
vt 0.095772 0.426889 0.000000
vt 0.100363 0.458676 0.000000
vt 0.095000 0.427079 0.000000
vt 0.099104 0.458985 0.000000
vt 0.094226 0.427258 0.000000
vt 0.097843 0.459277 0.000000
vt 0.093451 0.427427 0.000000
vt 0.096579 0.459552 0.000000
vt 0.092675 0.427585 0.000000
vt 0.095314 0.459810 0.000000
vt 0.091898 0.427732 0.000000
vt 0.094046 0.460050 0.000000
vt 0.091120 0.427868 0.000000
vt 0.092777 0.460272 0.000000
vt 0.090341 0.427994 0.000000
vt 0.091507 0.460477 0.000000
vt 0.089561 0.428109 0.000000
vt 0.090237 0.460664 0.000000
vt 0.088782 0.428213 0.000000
vt 0.088965 0.460834 0.000000
vt 0.088002 0.428306 0.000000
vt 0.087693 0.460985 0.000000
vt 0.087221 0.428388 0.000000
vt 0.086421 0.461119 0.000000
vt 0.086441 0.428459 0.000000
vt 0.085149 0.461235 0.000000
vt 0.085662 0.428519 0.000000
vt 0.083878 0.461334 0.000000
vt 0.084883 0.428569 0.000000
vt 0.082607 0.461414 0.000000
vt 0.084104 0.428607 0.000000
vt 0.081338 0.461477 0.000000
vt 0.083326 0.428635 0.000000
vt 0.080069 0.461522 0.000000
vt 0.082549 0.428651 0.000000
vt 0.078802 0.461548 0.000000
vt 0.081773 0.428656 0.000000
vt 0.077537 0.461557 0.000000
vt 0.081000 0.428640 0.000000
vt 0.076277 0.461530 0.000000
vt 0.080229 0.428612 0.000000
vt 0.075019 0.461485 0.000000
vt 0.079459 0.428574 0.000000
vt 0.073764 0.461423 0.000000
vt 0.078692 0.428524 0.000000
vt 0.072513 0.461342 0.000000
vt 0.077927 0.428464 0.000000
vt 0.071265 0.461244 0.000000
vt 0.077164 0.428393 0.000000
vt 0.070022 0.461127 0.000000
vt 0.076404 0.428310 0.000000
vt 0.068782 0.460993 0.000000
vt 0.075646 0.428217 0.000000
vt 0.067547 0.460841 0.000000
vt 0.074892 0.428113 0.000000
vt 0.066316 0.460672 0.000000
vt 0.074140 0.427998 0.000000
vt 0.065091 0.460484 0.000000
vt 0.073391 0.427873 0.000000
vt 0.063870 0.460279 0.000000
vt 0.072646 0.427736 0.000000
vt 0.062656 0.460057 0.000000
vt 0.071905 0.427589 0.000000
vt 0.061446 0.459817 0.000000
vt 0.071167 0.427431 0.000000
vt 0.060243 0.459559 0.000000
vt 0.070433 0.427262 0.000000
vt 0.059046 0.459284 0.000000
vt 0.069702 0.427083 0.000000
vt 0.057855 0.458991 0.000000
vt 0.068976 0.426893 0.000000
vt 0.056671 0.458682 0.000000
vt 0.068255 0.426692 0.000000
vt 0.055494 0.458355 0.000000
vt 0.067537 0.426481 0.000000
vt 0.054325 0.458010 0.000000
vt 0.066824 0.426260 0.000000
vt 0.053162 0.457649 0.000000
vt 0.066116 0.426028 0.000000
vt 0.052008 0.457271 0.000000
vt 0.065413 0.425785 0.000000
vt 0.050861 0.456875 0.000000
vt 0.064715 0.425532 0.000000
vt 0.049722 0.456463 0.000000
vt 0.064021 0.425269 0.000000
vt 0.048592 0.456034 0.000000
vt 0.063334 0.424996 0.000000
vt 0.047471 0.455589 0.000000
vt 0.062651 0.424713 0.000000
vt 0.046358 0.455127 0.000000
vt 0.061974 0.424419 0.000000
vt 0.045254 0.454648 0.000000
vt 0.061303 0.424116 0.000000
vt 0.044160 0.454153 0.000000
vt 0.060638 0.423802 0.000000
vt 0.043075 0.453642 0.000000
vt 0.059979 0.423479 0.000000
vt 0.042001 0.453115 0.000000
vt 0.059326 0.423146 0.000000
vt 0.040936 0.452571 0.000000
vt 0.058679 0.422803 0.000000
vt 0.039881 0.452012 0.000000
vt 0.058039 0.422450 0.000000
vt 0.038837 0.451437 0.000000
vt 0.057405 0.422088 0.000000
vt 0.037804 0.450846 0.000000
vt 0.056778 0.421716 0.000000
vt 0.036781 0.450240 0.000000
vt 0.056158 0.421335 0.000000
vt 0.035770 0.449618 0.000000
vt 0.055544 0.420944 0.000000
vt 0.034769 0.448982 0.000000
vt 0.054938 0.420544 0.000000
vt 0.033781 0.448329 0.000000
vt 0.054339 0.420135 0.000000
vt 0.032804 0.447662 0.000000
vt 0.053747 0.419717 0.000000
vt 0.031839 0.446980 0.000000
vt 0.053163 0.419289 0.000000
vt 0.030886 0.446284 0.000000
vt 0.052586 0.418853 0.000000
vt 0.029946 0.445572 0.000000
vt 0.052017 0.418408 0.000000
vt 0.029018 0.444847 0.000000
vt 0.051456 0.417954 0.000000
vt 0.028103 0.444107 0.000000
vt 0.050902 0.417492 0.000000
vt 0.027200 0.443353 0.000000
vt 0.050357 0.417021 0.000000
vt 0.026311 0.442585 0.000000
vt 0.049820 0.416542 0.000000
vt 0.025435 0.441804 0.000000
vt 0.049291 0.416054 0.000000
vt 0.024573 0.441008 0.000000
vt 0.048770 0.415558 0.000000
vt 0.023724 0.440200 0.000000
vt 0.548556 0.834731 0.000000
vt 0.548556 0.837834 0.000000
vt 0.548937 0.837834 0.000000
vt 0.548937 0.834731 0.000000
vt 0.548937 0.841191 0.000000
vt 0.548556 0.841191 0.000000
vt 0.548937 0.844687 0.000000
vt 0.548556 0.844687 0.000000
vt 0.548937 0.848184 0.000000
vt 0.548556 0.848184 0.000000
vt 0.548937 0.851539 0.000000
vt 0.548556 0.851539 0.000000
vt 0.548556 0.853999 0.000000
vt 0.548937 0.853999 0.000000
vt 0.548175 0.834731 0.000000
vt 0.548175 0.837834 0.000000
vt 0.548175 0.841191 0.000000
vt 0.548175 0.844687 0.000000
vt 0.548175 0.848184 0.000000
vt 0.548175 0.851539 0.000000
vt 0.548175 0.853999 0.000000
vt 0.547794 0.834731 0.000000
vt 0.547794 0.837834 0.000000
vt 0.547794 0.841191 0.000000
vt 0.547794 0.844687 0.000000
vt 0.547794 0.848184 0.000000
vt 0.547794 0.851539 0.000000
vt 0.547794 0.853999 0.000000
vt 0.547413 0.834731 0.000000
vt 0.547413 0.837834 0.000000
vt 0.547413 0.841191 0.000000
vt 0.547413 0.844687 0.000000
vt 0.547413 0.848184 0.000000
vt 0.547413 0.851539 0.000000
vt 0.547413 0.853999 0.000000
vt 0.547032 0.834731 0.000000
vt 0.547032 0.837834 0.000000
vt 0.547032 0.841191 0.000000
vt 0.547032 0.844687 0.000000
vt 0.547032 0.848184 0.000000
vt 0.547032 0.851539 0.000000
vt 0.547032 0.853999 0.000000
vt 0.546651 0.834731 0.000000
vt 0.546651 0.837834 0.000000
vt 0.546651 0.841191 0.000000
vt 0.546651 0.844687 0.000000
vt 0.546651 0.848184 0.000000
vt 0.546651 0.851539 0.000000
vt 0.546651 0.853999 0.000000
vt 0.546269 0.834731 0.000000
vt 0.546269 0.837834 0.000000
vt 0.546269 0.841191 0.000000
vt 0.546269 0.844687 0.000000
vt 0.546269 0.848184 0.000000
vt 0.546269 0.851539 0.000000
vt 0.546269 0.853999 0.000000
vt 0.545888 0.834731 0.000000
vt 0.545888 0.837834 0.000000
vt 0.545888 0.841191 0.000000
vt 0.545888 0.844687 0.000000
vt 0.545888 0.848184 0.000000
vt 0.545888 0.851539 0.000000
vt 0.545888 0.853999 0.000000
vt 0.545507 0.834731 0.000000
vt 0.545507 0.837834 0.000000
vt 0.545507 0.841191 0.000000
vt 0.545507 0.844687 0.000000
vt 0.545507 0.848184 0.000000
vt 0.545507 0.851539 0.000000
vt 0.545507 0.853999 0.000000
vt 0.545126 0.834731 0.000000
vt 0.545126 0.837834 0.000000
vt 0.545126 0.841191 0.000000
vt 0.545126 0.844687 0.000000
vt 0.545126 0.848184 0.000000
vt 0.545126 0.851539 0.000000
vt 0.545126 0.853999 0.000000
vt 0.544745 0.834731 0.000000
vt 0.544745 0.837834 0.000000
vt 0.544745 0.841191 0.000000
vt 0.544745 0.844687 0.000000
vt 0.544745 0.848184 0.000000
vt 0.544745 0.851539 0.000000
vt 0.544745 0.853999 0.000000
vt 0.544364 0.834731 0.000000
vt 0.544364 0.837834 0.000000
vt 0.544364 0.841191 0.000000
vt 0.544364 0.844687 0.000000
vt 0.544364 0.848184 0.000000
vt 0.544364 0.851539 0.000000
vt 0.544364 0.853999 0.000000
vt 0.543983 0.834731 0.000000
vt 0.543983 0.837834 0.000000
vt 0.543983 0.841191 0.000000
vt 0.543983 0.844687 0.000000
vt 0.543983 0.848184 0.000000
vt 0.543983 0.851539 0.000000
vt 0.543983 0.853999 0.000000
vt 0.543602 0.834731 0.000000
vt 0.543602 0.837834 0.000000
vt 0.543602 0.841191 0.000000
vt 0.543602 0.844687 0.000000
vt 0.543602 0.848184 0.000000
vt 0.543602 0.851539 0.000000
vt 0.543602 0.853999 0.000000
vt 0.543220 0.834731 0.000000
vt 0.543220 0.837834 0.000000
vt 0.543220 0.841191 0.000000
vt 0.543220 0.844687 0.000000
vt 0.543220 0.848184 0.000000
vt 0.543220 0.851539 0.000000
vt 0.543220 0.853999 0.000000
vt 0.542839 0.834731 0.000000
vt 0.542839 0.837834 0.000000
vt 0.542839 0.841191 0.000000
vt 0.542839 0.844687 0.000000
vt 0.542839 0.848184 0.000000
vt 0.542839 0.851539 0.000000
vt 0.542839 0.853999 0.000000
vt 0.542458 0.834731 0.000000
vt 0.542458 0.837834 0.000000
vt 0.542458 0.841191 0.000000
vt 0.542458 0.844687 0.000000
vt 0.542458 0.848184 0.000000
vt 0.542458 0.851539 0.000000
vt 0.542458 0.853999 0.000000
vt 0.542077 0.834731 0.000000
vt 0.542077 0.837834 0.000000
vt 0.542077 0.841191 0.000000
vt 0.542077 0.844687 0.000000
vt 0.542077 0.848184 0.000000
vt 0.542077 0.851539 0.000000
vt 0.542077 0.853999 0.000000
vt 0.541696 0.834731 0.000000
vt 0.541696 0.837834 0.000000
vt 0.541696 0.841191 0.000000
vt 0.541696 0.844687 0.000000
vt 0.541696 0.848184 0.000000
vt 0.541696 0.851539 0.000000
vt 0.541696 0.853999 0.000000
vt 0.541315 0.834731 0.000000
vt 0.541315 0.837834 0.000000
vt 0.541315 0.841191 0.000000
vt 0.541315 0.844687 0.000000
vt 0.541315 0.848184 0.000000
vt 0.541315 0.851539 0.000000
vt 0.541315 0.853999 0.000000
vt 0.540934 0.834731 0.000000
vt 0.540934 0.837834 0.000000
vt 0.540934 0.841191 0.000000
vt 0.540934 0.844687 0.000000
vt 0.540934 0.848184 0.000000
vt 0.540934 0.851539 0.000000
vt 0.540934 0.853999 0.000000
vt 0.540553 0.834731 0.000000
vt 0.540553 0.837834 0.000000
vt 0.540553 0.841191 0.000000
vt 0.540553 0.844687 0.000000
vt 0.540553 0.848184 0.000000
vt 0.540553 0.851539 0.000000
vt 0.540553 0.853999 0.000000
vt 0.540171 0.834731 0.000000
vt 0.540171 0.837834 0.000000
vt 0.540171 0.841191 0.000000
vt 0.540171 0.844687 0.000000
vt 0.540171 0.848184 0.000000
vt 0.540171 0.851539 0.000000
vt 0.540171 0.853999 0.000000
vt 0.539790 0.834731 0.000000
vt 0.539790 0.837834 0.000000
vt 0.539790 0.841191 0.000000
vt 0.539790 0.844687 0.000000
vt 0.539790 0.848184 0.000000
vt 0.539790 0.851539 0.000000
vt 0.539790 0.853999 0.000000
vt 0.539409 0.834731 0.000000
vt 0.539409 0.837834 0.000000
vt 0.539409 0.841191 0.000000
vt 0.539409 0.844687 0.000000
vt 0.539409 0.848184 0.000000
vt 0.539409 0.851539 0.000000
vt 0.539409 0.853999 0.000000
vt 0.539028 0.834731 0.000000
vt 0.539028 0.837834 0.000000
vt 0.539028 0.841191 0.000000
vt 0.539028 0.844687 0.000000
vt 0.539028 0.848184 0.000000
vt 0.539028 0.851539 0.000000
vt 0.539028 0.853999 0.000000
vt 0.538647 0.834731 0.000000
vt 0.538647 0.837834 0.000000
vt 0.538647 0.841191 0.000000
vt 0.538647 0.844687 0.000000
vt 0.538647 0.848184 0.000000
vt 0.538647 0.851539 0.000000
vt 0.538647 0.853999 0.000000
vt 0.538266 0.834731 0.000000
vt 0.538266 0.837834 0.000000
vt 0.538266 0.841191 0.000000
vt 0.538266 0.844687 0.000000
vt 0.538266 0.848184 0.000000
vt 0.538266 0.851539 0.000000
vt 0.538266 0.853999 0.000000
vt 0.537885 0.834731 0.000000
vt 0.537885 0.837834 0.000000
vt 0.537885 0.841191 0.000000
vt 0.537885 0.844687 0.000000
vt 0.537885 0.848184 0.000000
vt 0.537885 0.851539 0.000000
vt 0.537885 0.853999 0.000000
vt 0.537504 0.834731 0.000000
vt 0.537504 0.837834 0.000000
vt 0.537504 0.841191 0.000000
vt 0.537504 0.844687 0.000000
vt 0.537504 0.848184 0.000000
vt 0.537504 0.851539 0.000000
vt 0.537504 0.853999 0.000000
vt 0.537122 0.834731 0.000000
vt 0.537122 0.837834 0.000000
vt 0.537122 0.841191 0.000000
vt 0.537122 0.844687 0.000000
vt 0.537122 0.848184 0.000000
vt 0.537122 0.851539 0.000000
vt 0.537122 0.853999 0.000000
vt 0.536741 0.834731 0.000000
vt 0.536741 0.837834 0.000000
vt 0.536741 0.841191 0.000000
vt 0.536741 0.844687 0.000000
vt 0.536741 0.848184 0.000000
vt 0.536741 0.851539 0.000000
vt 0.536741 0.853999 0.000000
vt 0.536360 0.834731 0.000000
vt 0.536360 0.837834 0.000000
vt 0.536360 0.841191 0.000000
vt 0.536360 0.844687 0.000000
vt 0.536360 0.848184 0.000000
vt 0.536360 0.851539 0.000000
vt 0.536360 0.853999 0.000000
vt 0.535979 0.834731 0.000000
vt 0.535979 0.837834 0.000000
vt 0.535979 0.841191 0.000000
vt 0.535979 0.844687 0.000000
vt 0.535979 0.848184 0.000000
vt 0.535979 0.851539 0.000000
vt 0.535979 0.853999 0.000000
vt 0.535598 0.834731 0.000000
vt 0.535598 0.837834 0.000000
vt 0.535598 0.841191 0.000000
vt 0.535598 0.844687 0.000000
vt 0.535598 0.848184 0.000000
vt 0.535598 0.851539 0.000000
vt 0.535598 0.853999 0.000000
vt 0.535217 0.834731 0.000000
vt 0.535217 0.837834 0.000000
vt 0.535217 0.841191 0.000000
vt 0.535217 0.844687 0.000000
vt 0.535217 0.848184 0.000000
vt 0.535217 0.851539 0.000000
vt 0.535217 0.853999 0.000000
vt 0.534836 0.834731 0.000000
vt 0.534836 0.837834 0.000000
vt 0.534836 0.841191 0.000000
vt 0.534836 0.844687 0.000000
vt 0.534836 0.848184 0.000000
vt 0.534836 0.851539 0.000000
vt 0.534836 0.853999 0.000000
vt 0.534455 0.834731 0.000000
vt 0.534455 0.837834 0.000000
vt 0.534455 0.841191 0.000000
vt 0.534455 0.844687 0.000000
vt 0.534455 0.848184 0.000000
vt 0.534455 0.851539 0.000000
vt 0.534455 0.853999 0.000000
vt 0.534073 0.834731 0.000000
vt 0.534073 0.837834 0.000000
vt 0.534073 0.841191 0.000000
vt 0.534073 0.844687 0.000000
vt 0.534073 0.848184 0.000000
vt 0.534073 0.851539 0.000000
vt 0.534073 0.853999 0.000000
vt 0.533692 0.834731 0.000000
vt 0.533692 0.837834 0.000000
vt 0.533692 0.841191 0.000000
vt 0.533692 0.844687 0.000000
vt 0.533692 0.848184 0.000000
vt 0.533692 0.851539 0.000000
vt 0.533692 0.853999 0.000000
vt 0.533311 0.834731 0.000000
vt 0.533311 0.837834 0.000000
vt 0.533311 0.841191 0.000000
vt 0.533311 0.844687 0.000000
vt 0.533311 0.848184 0.000000
vt 0.533311 0.851539 0.000000
vt 0.533311 0.853999 0.000000
vt 0.532930 0.834731 0.000000
vt 0.532930 0.837834 0.000000
vt 0.532930 0.841191 0.000000
vt 0.532930 0.844687 0.000000
vt 0.532930 0.848184 0.000000
vt 0.532930 0.851539 0.000000
vt 0.532930 0.853999 0.000000
vt 0.532549 0.834731 0.000000
vt 0.532549 0.837834 0.000000
vt 0.532549 0.841191 0.000000
vt 0.532549 0.844687 0.000000
vt 0.532549 0.848184 0.000000
vt 0.532549 0.851539 0.000000
vt 0.532549 0.853999 0.000000
vt 0.532168 0.834731 0.000000
vt 0.532168 0.837834 0.000000
vt 0.532168 0.841191 0.000000
vt 0.532168 0.844687 0.000000
vt 0.532168 0.848184 0.000000
vt 0.532168 0.851539 0.000000
vt 0.532168 0.853999 0.000000
vt 0.531787 0.834731 0.000000
vt 0.531787 0.837834 0.000000
vt 0.531787 0.841191 0.000000
vt 0.531787 0.844687 0.000000
vt 0.531787 0.848184 0.000000
vt 0.531787 0.851539 0.000000
vt 0.531787 0.853999 0.000000
vt 0.531406 0.834731 0.000000
vt 0.531406 0.837834 0.000000
vt 0.531406 0.841191 0.000000
vt 0.531406 0.844687 0.000000
vt 0.531406 0.848184 0.000000
vt 0.531406 0.851539 0.000000
vt 0.531406 0.853999 0.000000
vt 0.531024 0.834731 0.000000
vt 0.531024 0.837834 0.000000
vt 0.531024 0.841191 0.000000
vt 0.531024 0.844687 0.000000
vt 0.531024 0.848184 0.000000
vt 0.531024 0.851539 0.000000
vt 0.531024 0.853999 0.000000
vt 0.530643 0.834731 0.000000
vt 0.530643 0.837834 0.000000
vt 0.530643 0.841191 0.000000
vt 0.530643 0.844687 0.000000
vt 0.530643 0.848184 0.000000
vt 0.530643 0.851539 0.000000
vt 0.530643 0.853999 0.000000
vt 0.530262 0.834731 0.000000
vt 0.530262 0.837834 0.000000
vt 0.530262 0.841191 0.000000
vt 0.530262 0.844687 0.000000
vt 0.530262 0.848184 0.000000
vt 0.530262 0.851539 0.000000
vt 0.530262 0.853999 0.000000
vt 0.529881 0.834731 0.000000
vt 0.529881 0.837834 0.000000
vt 0.529881 0.841191 0.000000
vt 0.529881 0.844687 0.000000
vt 0.529881 0.848184 0.000000
vt 0.529881 0.851539 0.000000
vt 0.529881 0.853999 0.000000
vt 0.529500 0.834731 0.000000
vt 0.529500 0.837834 0.000000
vt 0.529500 0.841191 0.000000
vt 0.529500 0.844687 0.000000
vt 0.529500 0.848184 0.000000
vt 0.529500 0.851539 0.000000
vt 0.529500 0.853999 0.000000
vt 0.529119 0.834731 0.000000
vt 0.529119 0.837834 0.000000
vt 0.529119 0.841191 0.000000
vt 0.529119 0.844687 0.000000
vt 0.529119 0.848184 0.000000
vt 0.529119 0.851539 0.000000
vt 0.529119 0.853999 0.000000
vt 0.528738 0.834731 0.000000
vt 0.528738 0.837834 0.000000
vt 0.528738 0.841191 0.000000
vt 0.528738 0.844687 0.000000
vt 0.528738 0.848184 0.000000
vt 0.528738 0.851539 0.000000
vt 0.528738 0.853999 0.000000
vt 0.528357 0.834731 0.000000
vt 0.528357 0.837834 0.000000
vt 0.528357 0.841191 0.000000
vt 0.528357 0.844687 0.000000
vt 0.528357 0.848184 0.000000
vt 0.528357 0.851539 0.000000
vt 0.528357 0.853999 0.000000
vt 0.527975 0.834731 0.000000
vt 0.527975 0.837834 0.000000
vt 0.527975 0.841191 0.000000
vt 0.527975 0.844687 0.000000
vt 0.527975 0.848184 0.000000
vt 0.527975 0.851539 0.000000
vt 0.527975 0.853999 0.000000
vt 0.527594 0.834731 0.000000
vt 0.527594 0.837834 0.000000
vt 0.527594 0.841191 0.000000
vt 0.527594 0.844687 0.000000
vt 0.527594 0.848184 0.000000
vt 0.527594 0.851539 0.000000
vt 0.527594 0.853999 0.000000
vt 0.527213 0.834731 0.000000
vt 0.527213 0.837834 0.000000
vt 0.527213 0.841191 0.000000
vt 0.527213 0.844687 0.000000
vt 0.527213 0.848184 0.000000
vt 0.527213 0.851539 0.000000
vt 0.527213 0.853999 0.000000
vt 0.526832 0.834731 0.000000
vt 0.526832 0.837834 0.000000
vt 0.526832 0.841191 0.000000
vt 0.526832 0.844687 0.000000
vt 0.526832 0.848184 0.000000
vt 0.526832 0.851539 0.000000
vt 0.526832 0.853999 0.000000
vt 0.526451 0.834731 0.000000
vt 0.526451 0.837834 0.000000
vt 0.526451 0.841191 0.000000
vt 0.526451 0.844687 0.000000
vt 0.526451 0.848184 0.000000
vt 0.526451 0.851539 0.000000
vt 0.526451 0.853999 0.000000
vt 0.526070 0.834731 0.000000
vt 0.526070 0.837834 0.000000
vt 0.526070 0.841191 0.000000
vt 0.526070 0.844687 0.000000
vt 0.526070 0.848184 0.000000
vt 0.526070 0.851539 0.000000
vt 0.526070 0.853999 0.000000
vt 0.525689 0.834731 0.000000
vt 0.525689 0.837834 0.000000
vt 0.525689 0.841191 0.000000
vt 0.525689 0.844687 0.000000
vt 0.525689 0.848184 0.000000
vt 0.525689 0.851539 0.000000
vt 0.525689 0.853999 0.000000
vt 0.525308 0.834731 0.000000
vt 0.525308 0.837834 0.000000
vt 0.525308 0.841191 0.000000
vt 0.525308 0.844687 0.000000
vt 0.525308 0.848184 0.000000
vt 0.525308 0.851539 0.000000
vt 0.525308 0.853999 0.000000
vt 0.524926 0.834731 0.000000
vt 0.524926 0.837834 0.000000
vt 0.524926 0.841191 0.000000
vt 0.524926 0.844687 0.000000
vt 0.524926 0.848184 0.000000
vt 0.524926 0.851539 0.000000
vt 0.524926 0.853999 0.000000
vt 0.524545 0.834731 0.000000
vt 0.524545 0.837834 0.000000
vt 0.524545 0.841191 0.000000
vt 0.524545 0.844687 0.000000
vt 0.524545 0.848184 0.000000
vt 0.524545 0.851539 0.000000
vt 0.524545 0.853999 0.000000
vt 0.524164 0.834731 0.000000
vt 0.524164 0.837834 0.000000
vt 0.524164 0.841191 0.000000
vt 0.524164 0.844687 0.000000
vt 0.524164 0.848184 0.000000
vt 0.524164 0.851539 0.000000
vt 0.524164 0.853999 0.000000
vt 0.523783 0.834731 0.000000
vt 0.523783 0.837834 0.000000
vt 0.523783 0.841191 0.000000
vt 0.523783 0.844687 0.000000
vt 0.523783 0.848184 0.000000
vt 0.523783 0.851539 0.000000
vt 0.523783 0.853999 0.000000
vt 0.523402 0.834731 0.000000
vt 0.523402 0.837834 0.000000
vt 0.523402 0.841191 0.000000
vt 0.523402 0.844687 0.000000
vt 0.523402 0.848184 0.000000
vt 0.523402 0.851539 0.000000
vt 0.523402 0.853999 0.000000
vt 0.523021 0.834731 0.000000
vt 0.523021 0.837834 0.000000
vt 0.523021 0.841191 0.000000
vt 0.523021 0.844687 0.000000
vt 0.523021 0.848184 0.000000
vt 0.523021 0.851539 0.000000
vt 0.523021 0.853999 0.000000
vt 0.522640 0.834731 0.000000
vt 0.522640 0.837834 0.000000
vt 0.522640 0.841191 0.000000
vt 0.522640 0.844687 0.000000
vt 0.522640 0.848184 0.000000
vt 0.522640 0.851539 0.000000
vt 0.522640 0.853999 0.000000
vt 0.522259 0.834731 0.000000
vt 0.522259 0.837834 0.000000
vt 0.522259 0.841191 0.000000
vt 0.522259 0.844687 0.000000
vt 0.522259 0.848184 0.000000
vt 0.522259 0.851539 0.000000
vt 0.522259 0.853999 0.000000
vt 0.521877 0.834731 0.000000
vt 0.521877 0.837834 0.000000
vt 0.521877 0.841191 0.000000
vt 0.521877 0.844687 0.000000
vt 0.521877 0.848184 0.000000
vt 0.521877 0.851539 0.000000
vt 0.521877 0.853999 0.000000
vt 0.521496 0.834731 0.000000
vt 0.521496 0.837834 0.000000
vt 0.521496 0.841191 0.000000
vt 0.521496 0.844687 0.000000
vt 0.521496 0.848184 0.000000
vt 0.521496 0.851539 0.000000
vt 0.521496 0.853999 0.000000
vt 0.521115 0.834731 0.000000
vt 0.521115 0.837834 0.000000
vt 0.521115 0.841191 0.000000
vt 0.521115 0.844687 0.000000
vt 0.521115 0.848184 0.000000
vt 0.521115 0.851539 0.000000
vt 0.521115 0.853999 0.000000
vt 0.520734 0.834731 0.000000
vt 0.520734 0.837834 0.000000
vt 0.520734 0.841191 0.000000
vt 0.520734 0.844687 0.000000
vt 0.520734 0.848184 0.000000
vt 0.520734 0.851539 0.000000
vt 0.520734 0.853999 0.000000
vt 0.520353 0.834731 0.000000
vt 0.520353 0.837834 0.000000
vt 0.520353 0.841191 0.000000
vt 0.520353 0.844687 0.000000
vt 0.520353 0.848184 0.000000
vt 0.520353 0.851539 0.000000
vt 0.520353 0.853999 0.000000
vt 0.519972 0.834731 0.000000
vt 0.519972 0.837834 0.000000
vt 0.519972 0.841191 0.000000
vt 0.519972 0.844687 0.000000
vt 0.519972 0.848184 0.000000
vt 0.519972 0.851539 0.000000
vt 0.519972 0.853999 0.000000
vt 0.519591 0.834731 0.000000
vt 0.519591 0.837834 0.000000
vt 0.519591 0.841191 0.000000
vt 0.519591 0.844687 0.000000
vt 0.519591 0.848184 0.000000
vt 0.519591 0.851539 0.000000
vt 0.519591 0.853999 0.000000
vt 0.519210 0.834731 0.000000
vt 0.519210 0.837834 0.000000
vt 0.519210 0.841191 0.000000
vt 0.519210 0.844687 0.000000
vt 0.519210 0.848184 0.000000
vt 0.519210 0.851539 0.000000
vt 0.519210 0.853999 0.000000
vt 0.518828 0.834731 0.000000
vt 0.518828 0.837834 0.000000
vt 0.518828 0.841191 0.000000
vt 0.518828 0.844687 0.000000
vt 0.518828 0.848184 0.000000
vt 0.518828 0.851539 0.000000
vt 0.518828 0.853999 0.000000
vt 0.518447 0.834731 0.000000
vt 0.518447 0.837834 0.000000
vt 0.518447 0.841191 0.000000
vt 0.518447 0.844687 0.000000
vt 0.518447 0.848184 0.000000
vt 0.518447 0.851539 0.000000
vt 0.518447 0.853999 0.000000
vt 0.518066 0.834731 0.000000
vt 0.518066 0.837834 0.000000
vt 0.518066 0.841191 0.000000
vt 0.518066 0.844687 0.000000
vt 0.518066 0.848184 0.000000
vt 0.518066 0.851539 0.000000
vt 0.518066 0.853999 0.000000
vt 0.517685 0.834731 0.000000
vt 0.517685 0.837834 0.000000
vt 0.517685 0.841191 0.000000
vt 0.517685 0.844687 0.000000
vt 0.517685 0.848184 0.000000
vt 0.517685 0.851539 0.000000
vt 0.517685 0.853999 0.000000
vt 0.517304 0.834731 0.000000
vt 0.517304 0.837834 0.000000
vt 0.517304 0.841191 0.000000
vt 0.517304 0.844687 0.000000
vt 0.517304 0.848184 0.000000
vt 0.517304 0.851539 0.000000
vt 0.517304 0.853999 0.000000
vt 0.516923 0.834731 0.000000
vt 0.516923 0.837834 0.000000
vt 0.516923 0.841191 0.000000
vt 0.516923 0.844687 0.000000
vt 0.516923 0.848184 0.000000
vt 0.516923 0.851539 0.000000
vt 0.516923 0.853999 0.000000
vt 0.516542 0.834731 0.000000
vt 0.516542 0.837834 0.000000
vt 0.516542 0.841191 0.000000
vt 0.516542 0.844687 0.000000
vt 0.516542 0.848184 0.000000
vt 0.516542 0.851539 0.000000
vt 0.516542 0.853999 0.000000
vt 0.516160 0.834731 0.000000
vt 0.516160 0.837834 0.000000
vt 0.516160 0.841191 0.000000
vt 0.516160 0.844687 0.000000
vt 0.516160 0.848184 0.000000
vt 0.516160 0.851539 0.000000
vt 0.516160 0.853999 0.000000
vt 0.515779 0.834731 0.000000
vt 0.515779 0.837834 0.000000
vt 0.515779 0.841191 0.000000
vt 0.515779 0.844687 0.000000
vt 0.515779 0.848184 0.000000
vt 0.515779 0.851539 0.000000
vt 0.515779 0.853999 0.000000
vt 0.515398 0.834731 0.000000
vt 0.515398 0.837834 0.000000
vt 0.515398 0.841191 0.000000
vt 0.515398 0.844687 0.000000
vt 0.515398 0.848184 0.000000
vt 0.515398 0.851539 0.000000
vt 0.515398 0.853999 0.000000
vt 0.515017 0.834731 0.000000
vt 0.515017 0.837834 0.000000
vt 0.515017 0.841191 0.000000
vt 0.515017 0.844687 0.000000
vt 0.515017 0.848184 0.000000
vt 0.515017 0.851539 0.000000
vt 0.515017 0.853999 0.000000
vt 0.514636 0.834731 0.000000
vt 0.514636 0.837834 0.000000
vt 0.514636 0.841191 0.000000
vt 0.514636 0.844687 0.000000
vt 0.514636 0.848184 0.000000
vt 0.514636 0.851539 0.000000
vt 0.514636 0.853999 0.000000
vt 0.514255 0.834731 0.000000
vt 0.514255 0.837834 0.000000
vt 0.514255 0.841191 0.000000
vt 0.514255 0.844687 0.000000
vt 0.514255 0.848184 0.000000
vt 0.514255 0.851539 0.000000
vt 0.514255 0.853999 0.000000
vt 0.513874 0.834731 0.000000
vt 0.513874 0.837834 0.000000
vt 0.513874 0.841191 0.000000
vt 0.513874 0.844687 0.000000
vt 0.513874 0.848184 0.000000
vt 0.513874 0.851539 0.000000
vt 0.513874 0.853999 0.000000
vt 0.513493 0.834731 0.000000
vt 0.513493 0.837834 0.000000
vt 0.513493 0.841191 0.000000
vt 0.513493 0.844687 0.000000
vt 0.513493 0.848184 0.000000
vt 0.513493 0.851539 0.000000
vt 0.513493 0.853999 0.000000
vt 0.513112 0.834731 0.000000
vt 0.513112 0.837834 0.000000
vt 0.513112 0.841191 0.000000
vt 0.513112 0.844687 0.000000
vt 0.513112 0.848184 0.000000
vt 0.513112 0.851539 0.000000
vt 0.513112 0.853999 0.000000
vt 0.512730 0.834731 0.000000
vt 0.512730 0.837834 0.000000
vt 0.512730 0.841191 0.000000
vt 0.512730 0.844687 0.000000
vt 0.512730 0.848184 0.000000
vt 0.512730 0.851539 0.000000
vt 0.512730 0.853999 0.000000
vt 0.512349 0.834731 0.000000
vt 0.512349 0.837834 0.000000
vt 0.512349 0.841191 0.000000
vt 0.512349 0.844687 0.000000
vt 0.512349 0.848184 0.000000
vt 0.512349 0.851539 0.000000
vt 0.512349 0.853999 0.000000
vt 0.511968 0.834731 0.000000
vt 0.511968 0.837834 0.000000
vt 0.511968 0.841191 0.000000
vt 0.511968 0.844687 0.000000
vt 0.511968 0.848184 0.000000
vt 0.511968 0.851539 0.000000
vt 0.511968 0.853999 0.000000
vt 0.511587 0.834731 0.000000
vt 0.511587 0.837834 0.000000
vt 0.511587 0.841191 0.000000
vt 0.511587 0.844687 0.000000
vt 0.511587 0.848184 0.000000
vt 0.511587 0.851539 0.000000
vt 0.511587 0.853999 0.000000
vt 0.511206 0.834731 0.000000
vt 0.511206 0.837834 0.000000
vt 0.511206 0.841191 0.000000
vt 0.511206 0.844687 0.000000
vt 0.511206 0.848184 0.000000
vt 0.511206 0.851539 0.000000
vt 0.511206 0.853999 0.000000
vt 0.389106 0.573345 0.000000
vt 0.388860 0.573345 0.000000
vt 0.388860 0.576216 0.000000
vt 0.389106 0.576216 0.000000
vt 0.388614 0.573345 0.000000
vt 0.388614 0.576216 0.000000
vt 0.388368 0.573345 0.000000
vt 0.388368 0.576216 0.000000
vt 0.388122 0.573345 0.000000
vt 0.388122 0.576216 0.000000
vt 0.387876 0.573345 0.000000
vt 0.387876 0.576216 0.000000
vt 0.387630 0.573345 0.000000
vt 0.387630 0.576216 0.000000
vt 0.387385 0.573345 0.000000
vt 0.387385 0.576216 0.000000
vt 0.387139 0.573345 0.000000
vt 0.387139 0.576216 0.000000
vt 0.386893 0.573345 0.000000
vt 0.386893 0.576216 0.000000
vt 0.386647 0.573345 0.000000
vt 0.386647 0.576216 0.000000
vt 0.386401 0.573345 0.000000
vt 0.386401 0.576216 0.000000
vt 0.386155 0.573345 0.000000
vt 0.386155 0.576216 0.000000
vt 0.385909 0.573345 0.000000
vt 0.385909 0.576216 0.000000
vt 0.385664 0.573345 0.000000
vt 0.385664 0.576216 0.000000
vt 0.385418 0.573345 0.000000
vt 0.385418 0.576216 0.000000
vt 0.385172 0.573345 0.000000
vt 0.385172 0.576216 0.000000
vt 0.384926 0.573345 0.000000
vt 0.384926 0.576216 0.000000
vt 0.384680 0.573345 0.000000
vt 0.384680 0.576216 0.000000
vt 0.384434 0.573345 0.000000
vt 0.384434 0.576216 0.000000
vt 0.384189 0.573345 0.000000
vt 0.384189 0.576216 0.000000
vt 0.383943 0.573345 0.000000
vt 0.383943 0.576216 0.000000
vt 0.383697 0.573345 0.000000
vt 0.383697 0.576216 0.000000
vt 0.383451 0.573345 0.000000
vt 0.383451 0.576216 0.000000
vt 0.383205 0.573345 0.000000
vt 0.383205 0.576216 0.000000
vt 0.382959 0.573345 0.000000
vt 0.382959 0.576216 0.000000
vt 0.382713 0.573345 0.000000
vt 0.382713 0.576216 0.000000
vt 0.382468 0.573345 0.000000
vt 0.382468 0.576216 0.000000
vt 0.382222 0.573345 0.000000
vt 0.382222 0.576216 0.000000
vt 0.381976 0.573345 0.000000
vt 0.381976 0.576216 0.000000
vt 0.381730 0.573345 0.000000
vt 0.381730 0.576216 0.000000
vt 0.381484 0.573345 0.000000
vt 0.381484 0.576216 0.000000
vt 0.381238 0.573345 0.000000
vt 0.381238 0.576216 0.000000
vt 0.380992 0.573345 0.000000
vt 0.380992 0.576216 0.000000
vt 0.380747 0.573345 0.000000
vt 0.380747 0.576216 0.000000
vt 0.380501 0.573345 0.000000
vt 0.380501 0.576216 0.000000
vt 0.380255 0.573345 0.000000
vt 0.380255 0.576216 0.000000
vt 0.380009 0.573345 0.000000
vt 0.380009 0.576216 0.000000
vt 0.379763 0.573345 0.000000
vt 0.379763 0.576216 0.000000
vt 0.379517 0.573345 0.000000
vt 0.379517 0.576216 0.000000
vt 0.379271 0.573345 0.000000
vt 0.379271 0.576216 0.000000
vt 0.379026 0.573345 0.000000
vt 0.379026 0.576216 0.000000
vt 0.378780 0.573345 0.000000
vt 0.378780 0.576216 0.000000
vt 0.378534 0.573345 0.000000
vt 0.378534 0.576216 0.000000
vt 0.378288 0.573345 0.000000
vt 0.378288 0.576216 0.000000
vt 0.378042 0.573345 0.000000
vt 0.378042 0.576216 0.000000
vt 0.377796 0.573345 0.000000
vt 0.377796 0.576216 0.000000
vt 0.377550 0.573345 0.000000
vt 0.377550 0.576216 0.000000
vt 0.377305 0.573345 0.000000
vt 0.377305 0.576216 0.000000
vt 0.377059 0.573345 0.000000
vt 0.377059 0.576216 0.000000
vt 0.376813 0.573345 0.000000
vt 0.376813 0.576216 0.000000
vt 0.376567 0.573345 0.000000
vt 0.376567 0.576216 0.000000
vt 0.376321 0.573345 0.000000
vt 0.376321 0.576216 0.000000
vt 0.376075 0.573345 0.000000
vt 0.376075 0.576216 0.000000
vt 0.375829 0.573345 0.000000
vt 0.375829 0.576216 0.000000
vt 0.375584 0.573345 0.000000
vt 0.375584 0.576216 0.000000
vt 0.375338 0.573345 0.000000
vt 0.375338 0.576216 0.000000
vt 0.375092 0.573345 0.000000
vt 0.375092 0.576216 0.000000
vt 0.374846 0.573345 0.000000
vt 0.374846 0.576216 0.000000
vt 0.374600 0.573345 0.000000
vt 0.374600 0.576216 0.000000
vt 0.374354 0.573345 0.000000
vt 0.374354 0.576216 0.000000
vt 0.374108 0.573345 0.000000
vt 0.374108 0.576216 0.000000
vt 0.373863 0.573345 0.000000
vt 0.373863 0.576216 0.000000
vt 0.373617 0.573345 0.000000
vt 0.373617 0.576216 0.000000
vt 0.373371 0.573345 0.000000
vt 0.373371 0.576216 0.000000
vt 0.373125 0.573345 0.000000
vt 0.373125 0.576216 0.000000
vt 0.372879 0.573345 0.000000
vt 0.372879 0.576216 0.000000
vt 0.372633 0.573345 0.000000
vt 0.372633 0.576216 0.000000
vt 0.372388 0.573345 0.000000
vt 0.372388 0.576216 0.000000
vt 0.372142 0.573345 0.000000
vt 0.372142 0.576216 0.000000
vt 0.371896 0.573345 0.000000
vt 0.371896 0.576216 0.000000
vt 0.371650 0.573345 0.000000
vt 0.371650 0.576216 0.000000
vt 0.371404 0.573345 0.000000
vt 0.371404 0.576216 0.000000
vt 0.371158 0.573345 0.000000
vt 0.371158 0.576216 0.000000
vt 0.370912 0.573345 0.000000
vt 0.370912 0.576216 0.000000
vt 0.370667 0.573345 0.000000
vt 0.370667 0.576216 0.000000
vt 0.370421 0.573345 0.000000
vt 0.370421 0.576216 0.000000
vt 0.370175 0.573345 0.000000
vt 0.370175 0.576216 0.000000
vt 0.369929 0.573345 0.000000
vt 0.369929 0.576216 0.000000
vt 0.369683 0.573345 0.000000
vt 0.369683 0.576216 0.000000
vt 0.369437 0.573345 0.000000
vt 0.369437 0.576216 0.000000
vt 0.369191 0.573345 0.000000
vt 0.369191 0.576216 0.000000
vt 0.368946 0.573345 0.000000
vt 0.368946 0.576216 0.000000
vt 0.368700 0.573345 0.000000
vt 0.368700 0.576216 0.000000
vt 0.368454 0.573345 0.000000
vt 0.368454 0.576216 0.000000
vt 0.368208 0.573345 0.000000
vt 0.368208 0.576216 0.000000
vt 0.367962 0.573345 0.000000
vt 0.367962 0.576216 0.000000
vt 0.367716 0.573345 0.000000
vt 0.367716 0.576216 0.000000
vt 0.367470 0.573345 0.000000
vt 0.367470 0.576216 0.000000
vt 0.367225 0.573345 0.000000
vt 0.367225 0.576216 0.000000
vt 0.366979 0.573345 0.000000
vt 0.366979 0.576216 0.000000
vt 0.366733 0.573345 0.000000
vt 0.366733 0.576216 0.000000
vt 0.366487 0.573345 0.000000
vt 0.366487 0.576216 0.000000
vt 0.366241 0.573345 0.000000
vt 0.366241 0.576216 0.000000
vt 0.365995 0.573345 0.000000
vt 0.365995 0.576216 0.000000
vt 0.365749 0.573345 0.000000
vt 0.365749 0.576216 0.000000
vt 0.365504 0.573345 0.000000
vt 0.365504 0.576216 0.000000
vt 0.365258 0.573345 0.000000
vt 0.365258 0.576216 0.000000
vt 0.365012 0.573345 0.000000
vt 0.365012 0.576216 0.000000
vt 0.364766 0.573345 0.000000
vt 0.364766 0.576216 0.000000
vt 0.358425 0.571689 0.000000
vt 0.358425 0.569540 0.000000
vt 0.358199 0.569540 0.000000
vt 0.358199 0.571689 0.000000
vt 0.365815 0.580027 0.000000
vt 0.365815 0.577868 0.000000
vt 0.365586 0.577868 0.000000
vt 0.365586 0.580027 0.000000
vt 0.380560 0.571689 0.000000
vt 0.380560 0.569540 0.000000
vt 0.380334 0.569540 0.000000
vt 0.380334 0.571689 0.000000
vt 0.366044 0.580027 0.000000
vt 0.366044 0.577868 0.000000
vt 0.380108 0.569540 0.000000
vt 0.380108 0.571689 0.000000
vt 0.366274 0.580027 0.000000
vt 0.366274 0.577868 0.000000
vt 0.379882 0.569540 0.000000
vt 0.379882 0.571689 0.000000
vt 0.366503 0.580027 0.000000
vt 0.366503 0.577868 0.000000
vt 0.379657 0.569540 0.000000
vt 0.379657 0.571689 0.000000
vt 0.366732 0.580027 0.000000
vt 0.366732 0.577868 0.000000
vt 0.379431 0.569540 0.000000
vt 0.379431 0.571689 0.000000
vt 0.366962 0.580027 0.000000
vt 0.366962 0.577868 0.000000
vt 0.379205 0.569540 0.000000
vt 0.379205 0.571689 0.000000
vt 0.367191 0.580027 0.000000
vt 0.367191 0.577868 0.000000
vt 0.378979 0.569540 0.000000
vt 0.378979 0.571689 0.000000
vt 0.367420 0.580027 0.000000
vt 0.367420 0.577868 0.000000
vt 0.378753 0.569540 0.000000
vt 0.378753 0.571689 0.000000
vt 0.367649 0.580027 0.000000
vt 0.367649 0.577868 0.000000
vt 0.378527 0.569540 0.000000
vt 0.378527 0.571689 0.000000
vt 0.367879 0.580027 0.000000
vt 0.367879 0.577868 0.000000
vt 0.378301 0.569540 0.000000
vt 0.378301 0.571689 0.000000
vt 0.368108 0.580027 0.000000
vt 0.368108 0.577868 0.000000
vt 0.378076 0.569540 0.000000
vt 0.378076 0.571689 0.000000
vt 0.368337 0.580027 0.000000
vt 0.368337 0.577868 0.000000
vt 0.377850 0.569540 0.000000
vt 0.377850 0.571689 0.000000
vt 0.368567 0.580027 0.000000
vt 0.368567 0.577868 0.000000
vt 0.377624 0.569540 0.000000
vt 0.377624 0.571689 0.000000
vt 0.368796 0.580027 0.000000
vt 0.368796 0.577868 0.000000
vt 0.377398 0.569540 0.000000
vt 0.377398 0.571689 0.000000
vt 0.369025 0.580027 0.000000
vt 0.369025 0.577868 0.000000
vt 0.377172 0.569540 0.000000
vt 0.377172 0.571689 0.000000
vt 0.369254 0.580027 0.000000
vt 0.369254 0.577868 0.000000
vt 0.376946 0.569540 0.000000
vt 0.376946 0.571689 0.000000
vt 0.369484 0.580027 0.000000
vt 0.369484 0.577868 0.000000
vt 0.376720 0.569540 0.000000
vt 0.376720 0.571689 0.000000
vt 0.369713 0.580027 0.000000
vt 0.369713 0.577868 0.000000
vt 0.376494 0.569540 0.000000
vt 0.376494 0.571689 0.000000
vt 0.369942 0.580027 0.000000
vt 0.369942 0.577868 0.000000
vt 0.376269 0.569540 0.000000
vt 0.376269 0.571689 0.000000
vt 0.370172 0.580027 0.000000
vt 0.370172 0.577868 0.000000
vt 0.376043 0.569540 0.000000
vt 0.376043 0.571689 0.000000
vt 0.370401 0.580027 0.000000
vt 0.370401 0.577868 0.000000
vt 0.375817 0.569540 0.000000
vt 0.375817 0.571689 0.000000
vt 0.370630 0.580027 0.000000
vt 0.370630 0.577868 0.000000
vt 0.375591 0.569540 0.000000
vt 0.375591 0.571689 0.000000
vt 0.370860 0.580027 0.000000
vt 0.370860 0.577868 0.000000
vt 0.375365 0.569540 0.000000
vt 0.375365 0.571689 0.000000
vt 0.371089 0.580027 0.000000
vt 0.371089 0.577868 0.000000
vt 0.375139 0.569540 0.000000
vt 0.375139 0.571689 0.000000
vt 0.371318 0.580027 0.000000
vt 0.371318 0.577868 0.000000
vt 0.374913 0.569540 0.000000
vt 0.374913 0.571689 0.000000
vt 0.371547 0.580027 0.000000
vt 0.371547 0.577868 0.000000
vt 0.374688 0.569540 0.000000
vt 0.374688 0.571689 0.000000
vt 0.371777 0.580027 0.000000
vt 0.371777 0.577868 0.000000
vt 0.374462 0.569540 0.000000
vt 0.374462 0.571689 0.000000
vt 0.372006 0.580027 0.000000
vt 0.372006 0.577868 0.000000
vt 0.374236 0.569540 0.000000
vt 0.374236 0.571689 0.000000
vt 0.372235 0.580027 0.000000
vt 0.372235 0.577868 0.000000
vt 0.374010 0.569540 0.000000
vt 0.374010 0.571689 0.000000
vt 0.372465 0.580027 0.000000
vt 0.372465 0.577868 0.000000
vt 0.373784 0.569540 0.000000
vt 0.373784 0.571689 0.000000
vt 0.372694 0.580027 0.000000
vt 0.372694 0.577868 0.000000
vt 0.373558 0.569540 0.000000
vt 0.373558 0.571689 0.000000
vt 0.372923 0.580027 0.000000
vt 0.372923 0.577868 0.000000
vt 0.373332 0.569540 0.000000
vt 0.373332 0.571689 0.000000
vt 0.373152 0.580027 0.000000
vt 0.373152 0.577868 0.000000
vt 0.373106 0.569540 0.000000
vt 0.373106 0.571689 0.000000
vt 0.373382 0.580027 0.000000
vt 0.373382 0.577868 0.000000
vt 0.372881 0.569540 0.000000
vt 0.372881 0.571689 0.000000
vt 0.373611 0.580027 0.000000
vt 0.373611 0.577868 0.000000
vt 0.372655 0.569540 0.000000
vt 0.372655 0.571689 0.000000
vt 0.373840 0.580027 0.000000
vt 0.373840 0.577868 0.000000
vt 0.372429 0.569540 0.000000
vt 0.372429 0.571689 0.000000
vt 0.374070 0.580027 0.000000
vt 0.374070 0.577868 0.000000
vt 0.372203 0.569540 0.000000
vt 0.372203 0.571689 0.000000
vt 0.374299 0.580027 0.000000
vt 0.374299 0.577868 0.000000
vt 0.371977 0.569540 0.000000
vt 0.371977 0.571689 0.000000
vt 0.374528 0.580027 0.000000
vt 0.374528 0.577868 0.000000
vt 0.371751 0.569540 0.000000
vt 0.371751 0.571689 0.000000
vt 0.374757 0.580027 0.000000
vt 0.374757 0.577868 0.000000
vt 0.371525 0.569540 0.000000
vt 0.371525 0.571689 0.000000
vt 0.374987 0.580027 0.000000
vt 0.374987 0.577868 0.000000
vt 0.371300 0.569540 0.000000
vt 0.371300 0.571689 0.000000
vt 0.375216 0.580027 0.000000
vt 0.375216 0.577868 0.000000
vt 0.371074 0.569540 0.000000
vt 0.371074 0.571689 0.000000
vt 0.375445 0.580027 0.000000
vt 0.375445 0.577868 0.000000
vt 0.370848 0.569540 0.000000
vt 0.370848 0.571689 0.000000
vt 0.375675 0.580027 0.000000
vt 0.375675 0.577868 0.000000
vt 0.370622 0.569540 0.000000
vt 0.370622 0.571689 0.000000
vt 0.375904 0.580027 0.000000
vt 0.375904 0.577868 0.000000
vt 0.370396 0.569540 0.000000
vt 0.370396 0.571689 0.000000
vt 0.376133 0.580027 0.000000
vt 0.376133 0.577868 0.000000
vt 0.370170 0.569540 0.000000
vt 0.370170 0.571689 0.000000
vt 0.376363 0.580027 0.000000
vt 0.376363 0.577868 0.000000
vt 0.369944 0.569540 0.000000
vt 0.369944 0.571689 0.000000
vt 0.376592 0.580027 0.000000
vt 0.376592 0.577868 0.000000
vt 0.369718 0.569540 0.000000
vt 0.369718 0.571689 0.000000
vt 0.376821 0.580027 0.000000
vt 0.376821 0.577868 0.000000
vt 0.369493 0.569540 0.000000
vt 0.369493 0.571689 0.000000
vt 0.377050 0.580027 0.000000
vt 0.377050 0.577868 0.000000
vt 0.369267 0.569540 0.000000
vt 0.369267 0.571689 0.000000
vt 0.377280 0.580027 0.000000
vt 0.377280 0.577868 0.000000
vt 0.369041 0.569540 0.000000
vt 0.369041 0.571689 0.000000
vt 0.377509 0.580027 0.000000
vt 0.377509 0.577868 0.000000
vt 0.368815 0.569540 0.000000
vt 0.368815 0.571689 0.000000
vt 0.377738 0.580027 0.000000
vt 0.377738 0.577868 0.000000
vt 0.368589 0.569540 0.000000
vt 0.368589 0.571689 0.000000
vt 0.377968 0.580027 0.000000
vt 0.377968 0.577868 0.000000
vt 0.368363 0.569540 0.000000
vt 0.368363 0.571689 0.000000
vt 0.378197 0.580027 0.000000
vt 0.378197 0.577868 0.000000
vt 0.368137 0.569540 0.000000
vt 0.368137 0.571689 0.000000
vt 0.378426 0.580027 0.000000
vt 0.378426 0.577868 0.000000
vt 0.367911 0.569540 0.000000
vt 0.367911 0.571689 0.000000
vt 0.378655 0.580027 0.000000
vt 0.378655 0.577868 0.000000
vt 0.367686 0.569540 0.000000
vt 0.367686 0.571689 0.000000
vt 0.378885 0.580027 0.000000
vt 0.378885 0.577868 0.000000
vt 0.367460 0.569540 0.000000
vt 0.367460 0.571689 0.000000
vt 0.379114 0.580027 0.000000
vt 0.379114 0.577868 0.000000
vt 0.367234 0.569540 0.000000
vt 0.367234 0.571689 0.000000
vt 0.379343 0.580027 0.000000
vt 0.379343 0.577868 0.000000
vt 0.367008 0.569540 0.000000
vt 0.367008 0.571689 0.000000
vt 0.379573 0.580027 0.000000
vt 0.379573 0.577868 0.000000
vt 0.366782 0.569540 0.000000
vt 0.366782 0.571689 0.000000
vt 0.379802 0.580027 0.000000
vt 0.379802 0.577868 0.000000
vt 0.366556 0.569540 0.000000
vt 0.366556 0.571689 0.000000
vt 0.380031 0.580027 0.000000
vt 0.380031 0.577868 0.000000
vt 0.366330 0.569540 0.000000
vt 0.366330 0.571689 0.000000
vt 0.380261 0.580027 0.000000
vt 0.380261 0.577868 0.000000
vt 0.366105 0.569540 0.000000
vt 0.366105 0.571689 0.000000
vt 0.380490 0.580027 0.000000
vt 0.380490 0.577868 0.000000
vt 0.365879 0.569540 0.000000
vt 0.365879 0.571689 0.000000
vt 0.380719 0.580027 0.000000
vt 0.380719 0.577868 0.000000
vt 0.365653 0.569540 0.000000
vt 0.365653 0.571689 0.000000
vt 0.380948 0.580027 0.000000
vt 0.380948 0.577868 0.000000
vt 0.365427 0.569540 0.000000
vt 0.365427 0.571689 0.000000
vt 0.381178 0.580027 0.000000
vt 0.381178 0.577868 0.000000
vt 0.365201 0.569540 0.000000
vt 0.365201 0.571689 0.000000
vt 0.381407 0.580027 0.000000
vt 0.381407 0.577868 0.000000
vt 0.364975 0.569540 0.000000
vt 0.364975 0.571689 0.000000
vt 0.381636 0.580027 0.000000
vt 0.381636 0.577868 0.000000
vt 0.364749 0.569540 0.000000
vt 0.364749 0.571689 0.000000
vt 0.381866 0.580027 0.000000
vt 0.381866 0.577868 0.000000
vt 0.364523 0.569540 0.000000
vt 0.364523 0.571689 0.000000
vt 0.382095 0.580027 0.000000
vt 0.382095 0.577868 0.000000
vt 0.364298 0.569540 0.000000
vt 0.364298 0.571689 0.000000
vt 0.382324 0.580027 0.000000
vt 0.382324 0.577868 0.000000
vt 0.364072 0.569540 0.000000
vt 0.364072 0.571689 0.000000
vt 0.382553 0.580027 0.000000
vt 0.382553 0.577868 0.000000
vt 0.363846 0.569540 0.000000
vt 0.363846 0.571689 0.000000
vt 0.382783 0.580027 0.000000
vt 0.382783 0.577868 0.000000
vt 0.363620 0.569540 0.000000
vt 0.363620 0.571689 0.000000
vt 0.383012 0.580027 0.000000
vt 0.383012 0.577868 0.000000
vt 0.363394 0.569540 0.000000
vt 0.363394 0.571689 0.000000
vt 0.383241 0.580027 0.000000
vt 0.383241 0.577868 0.000000
vt 0.363168 0.569540 0.000000
vt 0.363168 0.571689 0.000000
vt 0.383471 0.580027 0.000000
vt 0.383471 0.577868 0.000000
vt 0.362942 0.569540 0.000000
vt 0.362942 0.571689 0.000000
vt 0.383700 0.580027 0.000000
vt 0.383700 0.577868 0.000000
vt 0.362716 0.569540 0.000000
vt 0.362716 0.571689 0.000000
vt 0.383929 0.580027 0.000000
vt 0.383929 0.577868 0.000000
vt 0.362491 0.569540 0.000000
vt 0.362491 0.571689 0.000000
vt 0.384159 0.580027 0.000000
vt 0.384159 0.577868 0.000000
vt 0.362265 0.569540 0.000000
vt 0.362265 0.571689 0.000000
vt 0.384388 0.580027 0.000000
vt 0.384388 0.577868 0.000000
vt 0.362039 0.569540 0.000000
vt 0.362039 0.571689 0.000000
vt 0.384617 0.580027 0.000000
vt 0.384617 0.577868 0.000000
vt 0.361813 0.569540 0.000000
vt 0.361813 0.571689 0.000000
vt 0.384846 0.580027 0.000000
vt 0.384846 0.577868 0.000000
vt 0.361587 0.569540 0.000000
vt 0.361587 0.571689 0.000000
vt 0.385076 0.580027 0.000000
vt 0.385076 0.577868 0.000000
vt 0.361361 0.569540 0.000000
vt 0.361361 0.571689 0.000000
vt 0.385305 0.580027 0.000000
vt 0.385305 0.577868 0.000000
vt 0.361135 0.569540 0.000000
vt 0.361135 0.571689 0.000000
vt 0.385534 0.580027 0.000000
vt 0.385534 0.577868 0.000000
vt 0.360910 0.569540 0.000000
vt 0.360910 0.571689 0.000000
vt 0.385764 0.580027 0.000000
vt 0.385764 0.577868 0.000000
vt 0.360684 0.569540 0.000000
vt 0.360684 0.571689 0.000000
vt 0.385993 0.580027 0.000000
vt 0.385993 0.577868 0.000000
vt 0.360458 0.569540 0.000000
vt 0.360458 0.571689 0.000000
vt 0.386222 0.580027 0.000000
vt 0.386222 0.577868 0.000000
vt 0.360232 0.569540 0.000000
vt 0.360232 0.571689 0.000000
vt 0.386451 0.580027 0.000000
vt 0.386451 0.577868 0.000000
vt 0.360006 0.569540 0.000000
vt 0.360006 0.571689 0.000000
vt 0.386681 0.580027 0.000000
vt 0.386681 0.577868 0.000000
vt 0.359780 0.569540 0.000000
vt 0.359780 0.571689 0.000000
vt 0.386910 0.580027 0.000000
vt 0.386910 0.577868 0.000000
vt 0.359554 0.569540 0.000000
vt 0.359554 0.571689 0.000000
vt 0.387139 0.580027 0.000000
vt 0.387139 0.577868 0.000000
vt 0.359328 0.569540 0.000000
vt 0.359328 0.571689 0.000000
vt 0.387369 0.580027 0.000000
vt 0.387369 0.577868 0.000000
vt 0.359103 0.569540 0.000000
vt 0.359103 0.571689 0.000000
vt 0.387598 0.580027 0.000000
vt 0.387598 0.577868 0.000000
vt 0.358877 0.569540 0.000000
vt 0.358877 0.571689 0.000000
vt 0.387827 0.580027 0.000000
vt 0.387827 0.577868 0.000000
vt 0.358651 0.569540 0.000000
vt 0.358651 0.571689 0.000000
vt 0.388057 0.580027 0.000000
vt 0.388057 0.577868 0.000000
vt 0.388286 0.580027 0.000000
vt 0.388286 0.577868 0.000000
vt 0.052314 0.810221 0.000000
vt 0.052314 0.749723 0.000000
vt 0.050176 0.749723 0.000000
vt 0.050176 0.810221 0.000000
vt 0.261873 0.810221 0.000000
vt 0.261873 0.749723 0.000000
vt 0.259735 0.749723 0.000000
vt 0.259735 0.810221 0.000000
vt 0.257596 0.749723 0.000000
vt 0.257596 0.810221 0.000000
vt 0.255458 0.749723 0.000000
vt 0.255458 0.810221 0.000000
vt 0.253320 0.749723 0.000000
vt 0.253320 0.810221 0.000000
vt 0.251181 0.749723 0.000000
vt 0.251181 0.810221 0.000000
vt 0.249043 0.749723 0.000000
vt 0.249043 0.810221 0.000000
vt 0.246905 0.749723 0.000000
vt 0.246905 0.810221 0.000000
vt 0.244766 0.749723 0.000000
vt 0.244766 0.810221 0.000000
vt 0.242628 0.749723 0.000000
vt 0.242628 0.810221 0.000000
vt 0.240490 0.749723 0.000000
vt 0.240490 0.810221 0.000000
vt 0.238351 0.749723 0.000000
vt 0.238351 0.810221 0.000000
vt 0.236213 0.749723 0.000000
vt 0.236213 0.810221 0.000000
vt 0.234075 0.749723 0.000000
vt 0.234075 0.810221 0.000000
vt 0.231936 0.749723 0.000000
vt 0.231936 0.810221 0.000000
vt 0.229798 0.749723 0.000000
vt 0.229798 0.810221 0.000000
vt 0.227659 0.749723 0.000000
vt 0.227659 0.810221 0.000000
vt 0.225521 0.749723 0.000000
vt 0.225521 0.810221 0.000000
vt 0.223383 0.749723 0.000000
vt 0.223383 0.810221 0.000000
vt 0.221244 0.749723 0.000000
vt 0.221244 0.810221 0.000000
vt 0.219106 0.749723 0.000000
vt 0.219106 0.810221 0.000000
vt 0.216968 0.749723 0.000000
vt 0.216968 0.810221 0.000000
vt 0.214829 0.749723 0.000000
vt 0.214829 0.810221 0.000000
vt 0.212691 0.749723 0.000000
vt 0.212691 0.810221 0.000000
vt 0.210553 0.749723 0.000000
vt 0.210553 0.810221 0.000000
vt 0.208414 0.749723 0.000000
vt 0.208414 0.810221 0.000000
vt 0.206276 0.749723 0.000000
vt 0.206276 0.810221 0.000000
vt 0.204137 0.749723 0.000000
vt 0.204137 0.810221 0.000000
vt 0.201999 0.749723 0.000000
vt 0.201999 0.810221 0.000000
vt 0.199861 0.749723 0.000000
vt 0.199861 0.810221 0.000000
vt 0.197722 0.749723 0.000000
vt 0.197722 0.810221 0.000000
vt 0.195584 0.749723 0.000000
vt 0.195584 0.810221 0.000000
vt 0.193446 0.749723 0.000000
vt 0.193446 0.810221 0.000000
vt 0.191307 0.749723 0.000000
vt 0.191307 0.810221 0.000000
vt 0.189169 0.749723 0.000000
vt 0.189169 0.810221 0.000000
vt 0.187031 0.749723 0.000000
vt 0.187031 0.810221 0.000000
vt 0.184892 0.749723 0.000000
vt 0.184892 0.810221 0.000000
vt 0.182754 0.749723 0.000000
vt 0.182754 0.810221 0.000000
vt 0.180615 0.749723 0.000000
vt 0.180615 0.810221 0.000000
vt 0.178477 0.749723 0.000000
vt 0.178477 0.810221 0.000000
vt 0.176339 0.749723 0.000000
vt 0.176339 0.810221 0.000000
vt 0.174200 0.749723 0.000000
vt 0.174200 0.810221 0.000000
vt 0.172062 0.749723 0.000000
vt 0.172062 0.810221 0.000000
vt 0.169924 0.749723 0.000000
vt 0.169924 0.810221 0.000000
vt 0.167785 0.749723 0.000000
vt 0.167785 0.810221 0.000000
vt 0.165647 0.749723 0.000000
vt 0.165647 0.810221 0.000000
vt 0.163509 0.749723 0.000000
vt 0.163509 0.810221 0.000000
vt 0.161370 0.749723 0.000000
vt 0.161370 0.810221 0.000000
vt 0.159232 0.749723 0.000000
vt 0.159232 0.810221 0.000000
vt 0.157094 0.749723 0.000000
vt 0.157094 0.810221 0.000000
vt 0.154955 0.749723 0.000000
vt 0.154955 0.810221 0.000000
vt 0.152817 0.749723 0.000000
vt 0.152817 0.810221 0.000000
vt 0.150678 0.749723 0.000000
vt 0.150678 0.810221 0.000000
vt 0.148540 0.749723 0.000000
vt 0.148540 0.810221 0.000000
vt 0.146402 0.749723 0.000000
vt 0.146402 0.810221 0.000000
vt 0.144263 0.749723 0.000000
vt 0.144263 0.810221 0.000000
vt 0.142125 0.749723 0.000000
vt 0.142125 0.810221 0.000000
vt 0.139987 0.749723 0.000000
vt 0.139987 0.810221 0.000000
vt 0.137848 0.749723 0.000000
vt 0.137848 0.810221 0.000000
vt 0.135710 0.749723 0.000000
vt 0.135710 0.810221 0.000000
vt 0.133572 0.749723 0.000000
vt 0.133572 0.810221 0.000000
vt 0.131433 0.749723 0.000000
vt 0.131433 0.810221 0.000000
vt 0.129295 0.749723 0.000000
vt 0.129295 0.810221 0.000000
vt 0.127156 0.749723 0.000000
vt 0.127156 0.810221 0.000000
vt 0.125018 0.749723 0.000000
vt 0.125018 0.810221 0.000000
vt 0.122880 0.749723 0.000000
vt 0.122880 0.810221 0.000000
vt 0.120741 0.749723 0.000000
vt 0.120741 0.810221 0.000000
vt 0.118603 0.749723 0.000000
vt 0.118603 0.810221 0.000000
vt 0.116465 0.749723 0.000000
vt 0.116465 0.810221 0.000000
vt 0.114326 0.749723 0.000000
vt 0.114326 0.810221 0.000000
vt 0.112188 0.749723 0.000000
vt 0.112188 0.810221 0.000000
vt 0.110050 0.749723 0.000000
vt 0.110050 0.810221 0.000000
vt 0.107911 0.749723 0.000000
vt 0.107911 0.810221 0.000000
vt 0.105773 0.749723 0.000000
vt 0.105773 0.810221 0.000000
vt 0.103635 0.749723 0.000000
vt 0.103635 0.810221 0.000000
vt 0.101496 0.749723 0.000000
vt 0.101496 0.810221 0.000000
vt 0.099358 0.749723 0.000000
vt 0.099358 0.810221 0.000000
vt 0.097219 0.749723 0.000000
vt 0.097219 0.810221 0.000000
vt 0.095081 0.749723 0.000000
vt 0.095081 0.810221 0.000000
vt 0.092943 0.749723 0.000000
vt 0.092943 0.810221 0.000000
vt 0.090804 0.749723 0.000000
vt 0.090804 0.810221 0.000000
vt 0.088666 0.749723 0.000000
vt 0.088666 0.810221 0.000000
vt 0.086528 0.749723 0.000000
vt 0.086528 0.810221 0.000000
vt 0.084389 0.749723 0.000000
vt 0.084389 0.810221 0.000000
vt 0.082251 0.749723 0.000000
vt 0.082251 0.810221 0.000000
vt 0.080113 0.749723 0.000000
vt 0.080113 0.810221 0.000000
vt 0.077974 0.749723 0.000000
vt 0.077974 0.810221 0.000000
vt 0.075836 0.749723 0.000000
vt 0.075836 0.810221 0.000000
vt 0.073697 0.749723 0.000000
vt 0.073697 0.810221 0.000000
vt 0.071559 0.749723 0.000000
vt 0.071559 0.810221 0.000000
vt 0.069421 0.749723 0.000000
vt 0.069421 0.810221 0.000000
vt 0.067282 0.749723 0.000000
vt 0.067282 0.810221 0.000000
vt 0.065144 0.749723 0.000000
vt 0.065144 0.810221 0.000000
vt 0.063006 0.749723 0.000000
vt 0.063006 0.810221 0.000000
vt 0.060867 0.749723 0.000000
vt 0.060867 0.810221 0.000000
vt 0.058729 0.749723 0.000000
vt 0.058729 0.810221 0.000000
vt 0.056591 0.749723 0.000000
vt 0.056591 0.810221 0.000000
vt 0.054452 0.749723 0.000000
vt 0.054452 0.810221 0.000000
vt 0.478104 0.715128 0.000000
vt 0.475933 0.715128 0.000000
vt 0.475933 0.783453 0.000000
vt 0.478104 0.783453 0.000000
vt 0.473762 0.715128 0.000000
vt 0.473762 0.783453 0.000000
vt 0.471591 0.715128 0.000000
vt 0.471591 0.783453 0.000000
vt 0.469420 0.715128 0.000000
vt 0.469420 0.783453 0.000000
vt 0.467248 0.715128 0.000000
vt 0.467248 0.783453 0.000000
vt 0.465077 0.715128 0.000000
vt 0.465077 0.783453 0.000000
vt 0.462906 0.715128 0.000000
vt 0.462906 0.783453 0.000000
vt 0.460735 0.715128 0.000000
vt 0.460735 0.783453 0.000000
vt 0.458564 0.715128 0.000000
vt 0.458564 0.783453 0.000000
vt 0.456393 0.715128 0.000000
vt 0.456393 0.783453 0.000000
vt 0.454222 0.715128 0.000000
vt 0.454222 0.783453 0.000000
vt 0.452051 0.715128 0.000000
vt 0.452051 0.783453 0.000000
vt 0.449880 0.715128 0.000000
vt 0.449880 0.783453 0.000000
vt 0.447709 0.715128 0.000000
vt 0.447709 0.783453 0.000000
vt 0.445538 0.715128 0.000000
vt 0.445538 0.783453 0.000000
vt 0.443367 0.715128 0.000000
vt 0.443367 0.783453 0.000000
vt 0.441196 0.715128 0.000000
vt 0.441196 0.783453 0.000000
vt 0.439025 0.715128 0.000000
vt 0.439025 0.783453 0.000000
vt 0.436854 0.715128 0.000000
vt 0.436854 0.783453 0.000000
vt 0.434682 0.715128 0.000000
vt 0.434683 0.783453 0.000000
vt 0.432511 0.715128 0.000000
vt 0.432511 0.783453 0.000000
vt 0.430340 0.715128 0.000000
vt 0.430340 0.783453 0.000000
vt 0.428169 0.715128 0.000000
vt 0.428169 0.783453 0.000000
vt 0.425998 0.715128 0.000000
vt 0.425998 0.783453 0.000000
vt 0.423827 0.715128 0.000000
vt 0.423827 0.783453 0.000000
vt 0.421656 0.715128 0.000000
vt 0.421656 0.783453 0.000000
vt 0.419485 0.715128 0.000000
vt 0.419485 0.783453 0.000000
vt 0.417314 0.715128 0.000000
vt 0.417314 0.783453 0.000000
vt 0.415143 0.715128 0.000000
vt 0.415143 0.783453 0.000000
vt 0.412972 0.715128 0.000000
vt 0.412972 0.783453 0.000000
vt 0.410801 0.715128 0.000000
vt 0.410801 0.783453 0.000000
vt 0.408630 0.715128 0.000000
vt 0.408630 0.783453 0.000000
vt 0.406459 0.715128 0.000000
vt 0.406459 0.783453 0.000000
vt 0.404288 0.715128 0.000000
vt 0.404288 0.783453 0.000000
vt 0.402116 0.715128 0.000000
vt 0.402117 0.783453 0.000000
vt 0.399945 0.715128 0.000000
vt 0.399945 0.783453 0.000000
vt 0.397774 0.715128 0.000000
vt 0.397774 0.783453 0.000000
vt 0.395603 0.715128 0.000000
vt 0.395603 0.783453 0.000000
vt 0.393432 0.715128 0.000000
vt 0.393432 0.783453 0.000000
vt 0.391261 0.715128 0.000000
vt 0.391261 0.783453 0.000000
vt 0.389090 0.715128 0.000000
vt 0.389090 0.783453 0.000000
vt 0.386919 0.715128 0.000000
vt 0.386919 0.783453 0.000000
vt 0.384748 0.715128 0.000000
vt 0.384748 0.783453 0.000000
vt 0.382577 0.715128 0.000000
vt 0.382577 0.783453 0.000000
vt 0.380406 0.715128 0.000000
vt 0.380406 0.783453 0.000000
vt 0.378235 0.715128 0.000000
vt 0.378235 0.783453 0.000000
vt 0.376064 0.715128 0.000000
vt 0.376064 0.783453 0.000000
vt 0.373893 0.715128 0.000000
vt 0.373893 0.783453 0.000000
vt 0.371722 0.715128 0.000000
vt 0.371722 0.783453 0.000000
vt 0.369550 0.715128 0.000000
vt 0.369551 0.783453 0.000000
vt 0.367379 0.715128 0.000000
vt 0.367379 0.783453 0.000000
vt 0.365208 0.715128 0.000000
vt 0.365208 0.783453 0.000000
vt 0.363037 0.715128 0.000000
vt 0.363037 0.783453 0.000000
vt 0.360866 0.715128 0.000000
vt 0.360866 0.783453 0.000000
vt 0.358695 0.715128 0.000000
vt 0.358695 0.783453 0.000000
vt 0.356524 0.715128 0.000000
vt 0.356524 0.783453 0.000000
vt 0.354353 0.715128 0.000000
vt 0.354353 0.783453 0.000000
vt 0.352182 0.715128 0.000000
vt 0.352182 0.783453 0.000000
vt 0.350011 0.715128 0.000000
vt 0.350011 0.783453 0.000000
vt 0.347840 0.715128 0.000000
vt 0.347840 0.783453 0.000000
vt 0.345669 0.715128 0.000000
vt 0.345669 0.783453 0.000000
vt 0.343498 0.715128 0.000000
vt 0.343498 0.783453 0.000000
vt 0.341327 0.715128 0.000000
vt 0.341327 0.783453 0.000000
vt 0.339156 0.715128 0.000000
vt 0.339156 0.783453 0.000000
vt 0.336985 0.715128 0.000000
vt 0.336985 0.783453 0.000000
vt 0.334813 0.715128 0.000000
vt 0.334814 0.783453 0.000000
vt 0.332642 0.715128 0.000000
vt 0.332642 0.783453 0.000000
vt 0.330471 0.715128 0.000000
vt 0.330471 0.783453 0.000000
vt 0.328300 0.715128 0.000000
vt 0.328300 0.783453 0.000000
vt 0.326129 0.715128 0.000000
vt 0.326129 0.783453 0.000000
vt 0.323958 0.715128 0.000000
vt 0.323958 0.783453 0.000000
vt 0.321787 0.715128 0.000000
vt 0.321787 0.783453 0.000000
vt 0.319616 0.715128 0.000000
vt 0.319616 0.783453 0.000000
vt 0.317445 0.715128 0.000000
vt 0.317445 0.783453 0.000000
vt 0.315274 0.715128 0.000000
vt 0.315274 0.783453 0.000000
vt 0.313103 0.715128 0.000000
vt 0.313103 0.783453 0.000000
vt 0.310932 0.715128 0.000000
vt 0.310932 0.783453 0.000000
vt 0.308761 0.715128 0.000000
vt 0.308761 0.783453 0.000000
vt 0.306590 0.715128 0.000000
vt 0.306590 0.783453 0.000000
vt 0.304419 0.715128 0.000000
vt 0.304419 0.783453 0.000000
vt 0.302247 0.715128 0.000000
vt 0.302248 0.783453 0.000000
vt 0.300076 0.715128 0.000000
vt 0.300076 0.783453 0.000000
vt 0.297905 0.715128 0.000000
vt 0.297905 0.783453 0.000000
vt 0.295734 0.715128 0.000000
vt 0.295734 0.783453 0.000000
vt 0.293563 0.715128 0.000000
vt 0.293563 0.783453 0.000000
vt 0.291392 0.715128 0.000000
vt 0.291392 0.783453 0.000000
vt 0.289221 0.715128 0.000000
vt 0.289221 0.783453 0.000000
vt 0.287050 0.715128 0.000000
vt 0.287050 0.783453 0.000000
vt 0.284879 0.715128 0.000000
vt 0.284879 0.783453 0.000000
vt 0.282708 0.715128 0.000000
vt 0.282708 0.783453 0.000000
vt 0.280537 0.715128 0.000000
vt 0.280537 0.783453 0.000000
vt 0.278366 0.715128 0.000000
vt 0.278366 0.783453 0.000000
vt 0.276195 0.715128 0.000000
vt 0.276195 0.783453 0.000000
vt 0.274024 0.715128 0.000000
vt 0.274024 0.783453 0.000000
vt 0.271853 0.715128 0.000000
vt 0.271853 0.783453 0.000000
vt 0.269682 0.715128 0.000000
vt 0.269682 0.783453 0.000000
vt 0.267510 0.715128 0.000000
vt 0.267511 0.783453 0.000000
vt 0.265339 0.715128 0.000000
vt 0.265339 0.783453 0.000000
vt 0.263168 0.715128 0.000000
vt 0.263168 0.783453 0.000000
vt 0.693176 0.715128 0.000000
vt 0.691016 0.715128 0.000000
vt 0.691016 0.790130 0.000000
vt 0.693176 0.790130 0.000000
vt 0.688857 0.715128 0.000000
vt 0.688857 0.790130 0.000000
vt 0.686698 0.715128 0.000000
vt 0.686698 0.790130 0.000000
vt 0.684538 0.715128 0.000000
vt 0.684538 0.790130 0.000000
vt 0.682379 0.715128 0.000000
vt 0.682379 0.790130 0.000000
vt 0.680220 0.715128 0.000000
vt 0.680220 0.790130 0.000000
vt 0.678060 0.715128 0.000000
vt 0.678060 0.790130 0.000000
vt 0.675901 0.715128 0.000000
vt 0.675901 0.790130 0.000000
vt 0.673741 0.715128 0.000000
vt 0.673742 0.790130 0.000000
vt 0.671582 0.715128 0.000000
vt 0.671582 0.790130 0.000000
vt 0.669423 0.715128 0.000000
vt 0.669423 0.790130 0.000000
vt 0.667263 0.715128 0.000000
vt 0.667263 0.790130 0.000000
vt 0.665104 0.715128 0.000000
vt 0.665104 0.790130 0.000000
vt 0.662945 0.715128 0.000000
vt 0.662945 0.790130 0.000000
vt 0.660785 0.715128 0.000000
vt 0.660785 0.790131 0.000000
vt 0.658626 0.715128 0.000000
vt 0.658626 0.790131 0.000000
vt 0.656467 0.715128 0.000000
vt 0.656467 0.790131 0.000000
vt 0.654307 0.715128 0.000000
vt 0.654307 0.790131 0.000000
vt 0.652148 0.715128 0.000000
vt 0.652148 0.790131 0.000000
vt 0.649988 0.715128 0.000000
vt 0.649988 0.790131 0.000000
vt 0.647829 0.715128 0.000000
vt 0.647829 0.790131 0.000000
vt 0.645670 0.715128 0.000000
vt 0.645670 0.790131 0.000000
vt 0.643510 0.715128 0.000000
vt 0.643510 0.790131 0.000000
vt 0.641351 0.715128 0.000000
vt 0.641351 0.790131 0.000000
vt 0.639192 0.715128 0.000000
vt 0.639192 0.790131 0.000000
vt 0.637032 0.715128 0.000000
vt 0.637032 0.790131 0.000000
vt 0.634873 0.715128 0.000000
vt 0.634873 0.790131 0.000000
vt 0.632714 0.715128 0.000000
vt 0.632714 0.790131 0.000000
vt 0.630554 0.715128 0.000000
vt 0.630554 0.790131 0.000000
vt 0.628395 0.715128 0.000000
vt 0.628395 0.790131 0.000000
vt 0.626236 0.715128 0.000000
vt 0.626236 0.790131 0.000000
vt 0.624076 0.715128 0.000000
vt 0.624076 0.790131 0.000000
vt 0.621917 0.715128 0.000000
vt 0.621917 0.790131 0.000000
vt 0.619757 0.715128 0.000000
vt 0.619757 0.790131 0.000000
vt 0.617598 0.715128 0.000000
vt 0.617598 0.790131 0.000000
vt 0.615439 0.715128 0.000000
vt 0.615439 0.790131 0.000000
vt 0.613279 0.715128 0.000000
vt 0.613279 0.790131 0.000000
vt 0.611120 0.715128 0.000000
vt 0.611120 0.790131 0.000000
vt 0.608961 0.715128 0.000000
vt 0.608961 0.790131 0.000000
vt 0.606801 0.715128 0.000000
vt 0.606801 0.790131 0.000000
vt 0.604642 0.715128 0.000000
vt 0.604642 0.790131 0.000000
vt 0.602483 0.715128 0.000000
vt 0.602483 0.790131 0.000000
vt 0.600323 0.715128 0.000000
vt 0.600323 0.790131 0.000000
vt 0.598164 0.715128 0.000000
vt 0.598164 0.790131 0.000000
vt 0.596004 0.715128 0.000000
vt 0.596004 0.790131 0.000000
vt 0.593845 0.715128 0.000000
vt 0.593845 0.790131 0.000000
vt 0.591686 0.715128 0.000000
vt 0.591686 0.790131 0.000000
vt 0.589526 0.715128 0.000000
vt 0.589526 0.790131 0.000000
vt 0.587367 0.715128 0.000000
vt 0.587367 0.790131 0.000000
vt 0.585208 0.715128 0.000000
vt 0.585208 0.790131 0.000000
vt 0.583048 0.715128 0.000000
vt 0.583048 0.790131 0.000000
vt 0.580889 0.715128 0.000000
vt 0.580889 0.790131 0.000000
vt 0.578730 0.715128 0.000000
vt 0.578730 0.790131 0.000000
vt 0.576570 0.715128 0.000000
vt 0.576570 0.790131 0.000000
vt 0.574411 0.715128 0.000000
vt 0.574411 0.790131 0.000000
vt 0.572251 0.715128 0.000000
vt 0.572251 0.790131 0.000000
vt 0.570092 0.715128 0.000000
vt 0.570092 0.790131 0.000000
vt 0.567933 0.715128 0.000000
vt 0.567933 0.790131 0.000000
vt 0.565773 0.715128 0.000000
vt 0.565773 0.790131 0.000000
vt 0.563614 0.715128 0.000000
vt 0.563614 0.790131 0.000000
vt 0.561455 0.715128 0.000000
vt 0.561455 0.790131 0.000000
vt 0.559295 0.715128 0.000000
vt 0.559295 0.790131 0.000000
vt 0.557136 0.715128 0.000000
vt 0.557136 0.790131 0.000000
vt 0.554977 0.715128 0.000000
vt 0.554977 0.790131 0.000000
vt 0.552817 0.715128 0.000000
vt 0.552817 0.790131 0.000000
vt 0.550658 0.715128 0.000000
vt 0.550658 0.790131 0.000000
vt 0.548499 0.715128 0.000000
vt 0.548499 0.790131 0.000000
vt 0.546339 0.715128 0.000000
vt 0.546339 0.790131 0.000000
vt 0.544180 0.715128 0.000000
vt 0.544180 0.790131 0.000000
vt 0.542020 0.715128 0.000000
vt 0.542020 0.790131 0.000000
vt 0.539861 0.715128 0.000000
vt 0.539861 0.790131 0.000000
vt 0.537702 0.715128 0.000000
vt 0.537702 0.790131 0.000000
vt 0.535542 0.715128 0.000000
vt 0.535542 0.790131 0.000000
vt 0.533383 0.715128 0.000000
vt 0.533383 0.790131 0.000000
vt 0.531224 0.715128 0.000000
vt 0.531224 0.790131 0.000000
vt 0.529064 0.715128 0.000000
vt 0.529064 0.790131 0.000000
vt 0.526905 0.715128 0.000000
vt 0.526905 0.790131 0.000000
vt 0.524746 0.715128 0.000000
vt 0.524746 0.790131 0.000000
vt 0.522586 0.715128 0.000000
vt 0.522586 0.790131 0.000000
vt 0.520427 0.715128 0.000000
vt 0.520427 0.790131 0.000000
vt 0.518267 0.715128 0.000000
vt 0.518268 0.790131 0.000000
vt 0.516108 0.715128 0.000000
vt 0.516108 0.790131 0.000000
vt 0.513949 0.715128 0.000000
vt 0.513949 0.790131 0.000000
vt 0.511789 0.715128 0.000000
vt 0.511789 0.790131 0.000000
vt 0.509630 0.715128 0.000000
vt 0.509630 0.790131 0.000000
vt 0.507471 0.715128 0.000000
vt 0.507471 0.790131 0.000000
vt 0.505311 0.715128 0.000000
vt 0.505311 0.790131 0.000000
vt 0.503152 0.715128 0.000000
vt 0.503152 0.790131 0.000000
vt 0.500993 0.715128 0.000000
vt 0.500993 0.790131 0.000000
vt 0.498833 0.715128 0.000000
vt 0.498833 0.790131 0.000000
vt 0.496674 0.715128 0.000000
vt 0.496674 0.790131 0.000000
vt 0.494514 0.715128 0.000000
vt 0.494515 0.790131 0.000000
vt 0.492355 0.715128 0.000000
vt 0.492355 0.790131 0.000000
vt 0.490196 0.715128 0.000000
vt 0.490196 0.790131 0.000000
vt 0.488036 0.715128 0.000000
vt 0.488036 0.790131 0.000000
vt 0.485877 0.715128 0.000000
vt 0.485877 0.790131 0.000000
vt 0.483718 0.715128 0.000000
vt 0.483718 0.790131 0.000000
vt 0.481558 0.715128 0.000000
vt 0.481558 0.790131 0.000000
vt 0.479399 0.715128 0.000000
vt 0.479399 0.790131 0.000000
vt 0.452133 0.960981 0.000000
vt 0.450611 0.960981 0.000000
vt 0.450611 0.982932 0.000000
vt 0.452133 0.982932 0.000000
vt 0.303043 0.960981 0.000000
vt 0.301522 0.960981 0.000000
vt 0.301522 0.982932 0.000000
vt 0.303043 0.982932 0.000000
vt 0.304564 0.960981 0.000000
vt 0.304564 0.982932 0.000000
vt 0.306086 0.960981 0.000000
vt 0.306086 0.982932 0.000000
vt 0.307607 0.960981 0.000000
vt 0.307607 0.982932 0.000000
vt 0.309128 0.960981 0.000000
vt 0.309128 0.982932 0.000000
vt 0.310650 0.960981 0.000000
vt 0.310650 0.982932 0.000000
vt 0.312171 0.960981 0.000000
vt 0.312171 0.982932 0.000000
vt 0.313692 0.960981 0.000000
vt 0.313692 0.982932 0.000000
vt 0.315213 0.960981 0.000000
vt 0.315213 0.982932 0.000000
vt 0.316735 0.960981 0.000000
vt 0.316735 0.982932 0.000000
vt 0.318256 0.960981 0.000000
vt 0.318256 0.982932 0.000000
vt 0.319777 0.960981 0.000000
vt 0.319777 0.982932 0.000000
vt 0.321299 0.960981 0.000000
vt 0.321299 0.982932 0.000000
vt 0.322820 0.960981 0.000000
vt 0.322820 0.982932 0.000000
vt 0.324341 0.960981 0.000000
vt 0.324341 0.982932 0.000000
vt 0.325863 0.960981 0.000000
vt 0.325863 0.982932 0.000000
vt 0.327384 0.960981 0.000000
vt 0.327384 0.982932 0.000000
vt 0.328905 0.960981 0.000000
vt 0.328905 0.982932 0.000000
vt 0.330427 0.960981 0.000000
vt 0.330427 0.982932 0.000000
vt 0.331948 0.960981 0.000000
vt 0.331948 0.982932 0.000000
vt 0.333469 0.960981 0.000000
vt 0.333469 0.982932 0.000000
vt 0.334991 0.960981 0.000000
vt 0.334991 0.982932 0.000000
vt 0.336512 0.960981 0.000000
vt 0.336512 0.982932 0.000000
vt 0.338033 0.960981 0.000000
vt 0.338033 0.982932 0.000000
vt 0.339555 0.960981 0.000000
vt 0.339555 0.982932 0.000000
vt 0.341076 0.960981 0.000000
vt 0.341076 0.982932 0.000000
vt 0.342597 0.960981 0.000000
vt 0.342597 0.982932 0.000000
vt 0.344119 0.960981 0.000000
vt 0.344119 0.982932 0.000000
vt 0.345640 0.960981 0.000000
vt 0.345640 0.982932 0.000000
vt 0.347161 0.960981 0.000000
vt 0.347161 0.982932 0.000000
vt 0.348683 0.960981 0.000000
vt 0.348683 0.982932 0.000000
vt 0.350204 0.960981 0.000000
vt 0.350204 0.982932 0.000000
vt 0.351725 0.960981 0.000000
vt 0.351725 0.982932 0.000000
vt 0.353247 0.960981 0.000000
vt 0.353247 0.982932 0.000000
vt 0.354768 0.960981 0.000000
vt 0.354768 0.982932 0.000000
vt 0.356289 0.960981 0.000000
vt 0.356289 0.982932 0.000000
vt 0.357810 0.960981 0.000000
vt 0.357811 0.982932 0.000000
vt 0.359332 0.960981 0.000000
vt 0.359332 0.982932 0.000000
vt 0.360853 0.960981 0.000000
vt 0.360853 0.982932 0.000000
vt 0.362375 0.960981 0.000000
vt 0.362375 0.982932 0.000000
vt 0.363896 0.960981 0.000000
vt 0.363896 0.982932 0.000000
vt 0.365417 0.960981 0.000000
vt 0.365417 0.982932 0.000000
vt 0.366939 0.960981 0.000000
vt 0.366939 0.982932 0.000000
vt 0.368460 0.960981 0.000000
vt 0.368460 0.982932 0.000000
vt 0.369981 0.960981 0.000000
vt 0.369981 0.982932 0.000000
vt 0.371502 0.960981 0.000000
vt 0.371502 0.982932 0.000000
vt 0.373024 0.960981 0.000000
vt 0.373024 0.982932 0.000000
vt 0.374545 0.960981 0.000000
vt 0.374545 0.982932 0.000000
vt 0.376066 0.960981 0.000000
vt 0.376066 0.982932 0.000000
vt 0.377588 0.960981 0.000000
vt 0.377588 0.982932 0.000000
vt 0.379109 0.960981 0.000000
vt 0.379109 0.982932 0.000000
vt 0.380630 0.960981 0.000000
vt 0.380630 0.982932 0.000000
vt 0.382152 0.960981 0.000000
vt 0.382152 0.982932 0.000000
vt 0.383673 0.960981 0.000000
vt 0.383673 0.982932 0.000000
vt 0.385194 0.960981 0.000000
vt 0.385194 0.982932 0.000000
vt 0.386716 0.960981 0.000000
vt 0.386716 0.982932 0.000000
vt 0.388237 0.960981 0.000000
vt 0.388237 0.982932 0.000000
vt 0.389758 0.960981 0.000000
vt 0.389758 0.982932 0.000000
vt 0.391280 0.960981 0.000000
vt 0.391280 0.982932 0.000000
vt 0.392801 0.960981 0.000000
vt 0.392801 0.982932 0.000000
vt 0.394322 0.960981 0.000000
vt 0.394322 0.982932 0.000000
vt 0.395844 0.960981 0.000000
vt 0.395844 0.982932 0.000000
vt 0.397365 0.960981 0.000000
vt 0.397365 0.982932 0.000000
vt 0.398886 0.960981 0.000000
vt 0.398886 0.982932 0.000000
vt 0.400408 0.960981 0.000000
vt 0.400408 0.982932 0.000000
vt 0.401929 0.960981 0.000000
vt 0.401929 0.982932 0.000000
vt 0.403450 0.960981 0.000000
vt 0.403450 0.982932 0.000000
vt 0.404972 0.960981 0.000000
vt 0.404972 0.982932 0.000000
vt 0.406493 0.960981 0.000000
vt 0.406493 0.982932 0.000000
vt 0.408014 0.960981 0.000000
vt 0.408014 0.982932 0.000000
vt 0.409535 0.960981 0.000000
vt 0.409535 0.982932 0.000000
vt 0.411057 0.960981 0.000000
vt 0.411057 0.982932 0.000000
vt 0.412578 0.960981 0.000000
vt 0.412578 0.982932 0.000000
vt 0.414099 0.960981 0.000000
vt 0.414100 0.982932 0.000000
vt 0.415621 0.960981 0.000000
vt 0.415621 0.982932 0.000000
vt 0.417142 0.960981 0.000000
vt 0.417142 0.982932 0.000000
vt 0.418664 0.960981 0.000000
vt 0.418664 0.982932 0.000000
vt 0.420185 0.960981 0.000000
vt 0.420185 0.982932 0.000000
vt 0.421706 0.960981 0.000000
vt 0.421706 0.982932 0.000000
vt 0.423227 0.960981 0.000000
vt 0.423227 0.982932 0.000000
vt 0.424749 0.960981 0.000000
vt 0.424749 0.982932 0.000000
vt 0.426270 0.960981 0.000000
vt 0.426270 0.982932 0.000000
vt 0.427791 0.960981 0.000000
vt 0.427791 0.982932 0.000000
vt 0.429313 0.960981 0.000000
vt 0.429313 0.982932 0.000000
vt 0.430834 0.960981 0.000000
vt 0.430834 0.982932 0.000000
vt 0.432355 0.960981 0.000000
vt 0.432355 0.982932 0.000000
vt 0.433877 0.960981 0.000000
vt 0.433877 0.982932 0.000000
vt 0.435398 0.960981 0.000000
vt 0.435398 0.982932 0.000000
vt 0.436919 0.960981 0.000000
vt 0.436919 0.982932 0.000000
vt 0.438441 0.960981 0.000000
vt 0.438441 0.982932 0.000000
vt 0.439962 0.960981 0.000000
vt 0.439962 0.982932 0.000000
vt 0.441483 0.960981 0.000000
vt 0.441483 0.982932 0.000000
vt 0.443005 0.960981 0.000000
vt 0.443005 0.982932 0.000000
vt 0.444526 0.960981 0.000000
vt 0.444526 0.982932 0.000000
vt 0.446047 0.960981 0.000000
vt 0.446047 0.982932 0.000000
vt 0.447569 0.960981 0.000000
vt 0.447569 0.982932 0.000000
vt 0.449090 0.960981 0.000000
vt 0.449090 0.982932 0.000000
vt 0.229096 0.968036 0.000000
vt 0.229096 0.965617 0.000000
vt 0.228370 0.965617 0.000000
vt 0.228370 0.968036 0.000000
vt 0.317602 0.713617 0.000000
vt 0.317602 0.711193 0.000000
vt 0.316873 0.711193 0.000000
vt 0.316873 0.713617 0.000000
vt 0.229822 0.968036 0.000000
vt 0.229822 0.965617 0.000000
vt 0.389106 0.713617 0.000000
vt 0.389106 0.711193 0.000000
vt 0.388376 0.711193 0.000000
vt 0.388376 0.713617 0.000000
vt 0.230548 0.968036 0.000000
vt 0.230548 0.965617 0.000000
vt 0.387646 0.711193 0.000000
vt 0.387646 0.713617 0.000000
vt 0.231274 0.968036 0.000000
vt 0.231274 0.965617 0.000000
vt 0.386917 0.711193 0.000000
vt 0.386917 0.713617 0.000000
vt 0.232000 0.968036 0.000000
vt 0.232000 0.965617 0.000000
vt 0.386187 0.711193 0.000000
vt 0.386187 0.713617 0.000000
vt 0.232725 0.968036 0.000000
vt 0.232725 0.965617 0.000000
vt 0.385457 0.711193 0.000000
vt 0.385457 0.713617 0.000000
vt 0.233451 0.968036 0.000000
vt 0.233451 0.965617 0.000000
vt 0.384728 0.711193 0.000000
vt 0.384728 0.713617 0.000000
vt 0.234177 0.968036 0.000000
vt 0.234177 0.965617 0.000000
vt 0.383998 0.711193 0.000000
vt 0.383998 0.713617 0.000000
vt 0.234903 0.968036 0.000000
vt 0.234903 0.965617 0.000000
vt 0.383269 0.711193 0.000000
vt 0.383269 0.713617 0.000000
vt 0.235629 0.968036 0.000000
vt 0.235629 0.965617 0.000000
vt 0.382539 0.711193 0.000000
vt 0.382539 0.713617 0.000000
vt 0.236354 0.968036 0.000000
vt 0.236354 0.965617 0.000000
vt 0.381809 0.711193 0.000000
vt 0.381809 0.713617 0.000000
vt 0.237080 0.968036 0.000000
vt 0.237080 0.965617 0.000000
vt 0.381080 0.711193 0.000000
vt 0.381080 0.713617 0.000000
vt 0.237806 0.968036 0.000000
vt 0.237806 0.965617 0.000000
vt 0.380350 0.711193 0.000000
vt 0.380350 0.713617 0.000000
vt 0.238532 0.968036 0.000000
vt 0.238532 0.965617 0.000000
vt 0.379620 0.711193 0.000000
vt 0.379620 0.713617 0.000000
vt 0.239258 0.968036 0.000000
vt 0.239258 0.965617 0.000000
vt 0.378891 0.711193 0.000000
vt 0.378891 0.713617 0.000000
vt 0.239984 0.968036 0.000000
vt 0.239984 0.965617 0.000000
vt 0.378161 0.711193 0.000000
vt 0.378161 0.713617 0.000000
vt 0.240709 0.968036 0.000000
vt 0.240709 0.965617 0.000000
vt 0.377432 0.711193 0.000000
vt 0.377432 0.713617 0.000000
vt 0.241435 0.968036 0.000000
vt 0.241435 0.965617 0.000000
vt 0.376702 0.711193 0.000000
vt 0.376702 0.713617 0.000000
vt 0.242161 0.968036 0.000000
vt 0.242161 0.965617 0.000000
vt 0.375972 0.711193 0.000000
vt 0.375972 0.713617 0.000000
vt 0.242887 0.968036 0.000000
vt 0.242887 0.965617 0.000000
vt 0.375243 0.711193 0.000000
vt 0.375243 0.713617 0.000000
vt 0.243613 0.968036 0.000000
vt 0.243613 0.965617 0.000000
vt 0.374513 0.711193 0.000000
vt 0.374513 0.713617 0.000000
vt 0.244338 0.968036 0.000000
vt 0.244338 0.965617 0.000000
vt 0.373783 0.711193 0.000000
vt 0.373783 0.713617 0.000000
vt 0.245064 0.968036 0.000000
vt 0.245064 0.965617 0.000000
vt 0.373054 0.711193 0.000000
vt 0.373054 0.713617 0.000000
vt 0.245790 0.968036 0.000000
vt 0.245790 0.965617 0.000000
vt 0.372324 0.711193 0.000000
vt 0.372324 0.713617 0.000000
vt 0.246516 0.968036 0.000000
vt 0.246516 0.965617 0.000000
vt 0.371595 0.711193 0.000000
vt 0.371595 0.713617 0.000000
vt 0.247242 0.968036 0.000000
vt 0.247242 0.965617 0.000000
vt 0.370865 0.711193 0.000000
vt 0.370865 0.713617 0.000000
vt 0.247968 0.968036 0.000000
vt 0.247968 0.965617 0.000000
vt 0.370135 0.711193 0.000000
vt 0.370135 0.713617 0.000000
vt 0.248693 0.968036 0.000000
vt 0.248693 0.965617 0.000000
vt 0.369406 0.711193 0.000000
vt 0.369406 0.713617 0.000000
vt 0.249419 0.968036 0.000000
vt 0.249419 0.965617 0.000000
vt 0.368676 0.711193 0.000000
vt 0.368676 0.713617 0.000000
vt 0.250145 0.968036 0.000000
vt 0.250145 0.965617 0.000000
vt 0.367947 0.711193 0.000000
vt 0.367947 0.713617 0.000000
vt 0.250871 0.968036 0.000000
vt 0.250871 0.965617 0.000000
vt 0.367217 0.711193 0.000000
vt 0.367217 0.713617 0.000000
vt 0.251597 0.968036 0.000000
vt 0.251597 0.965617 0.000000
vt 0.366487 0.711193 0.000000
vt 0.366487 0.713617 0.000000
vt 0.252322 0.968036 0.000000
vt 0.252322 0.965617 0.000000
vt 0.365758 0.711193 0.000000
vt 0.365758 0.713617 0.000000
vt 0.253048 0.968036 0.000000
vt 0.253048 0.965617 0.000000
vt 0.365028 0.711193 0.000000
vt 0.365028 0.713617 0.000000
vt 0.253774 0.968036 0.000000
vt 0.253774 0.965617 0.000000
vt 0.364298 0.711193 0.000000
vt 0.364298 0.713617 0.000000
vt 0.254500 0.968036 0.000000
vt 0.254500 0.965617 0.000000
vt 0.363569 0.711193 0.000000
vt 0.363569 0.713617 0.000000
vt 0.255226 0.968036 0.000000
vt 0.255226 0.965617 0.000000
vt 0.362839 0.711193 0.000000
vt 0.362839 0.713617 0.000000
vt 0.255952 0.968036 0.000000
vt 0.255952 0.965617 0.000000
vt 0.362110 0.711193 0.000000
vt 0.362110 0.713617 0.000000
vt 0.256677 0.968036 0.000000
vt 0.256677 0.965617 0.000000
vt 0.361380 0.711193 0.000000
vt 0.361380 0.713617 0.000000
vt 0.257403 0.968036 0.000000
vt 0.257403 0.965617 0.000000
vt 0.360650 0.711193 0.000000
vt 0.360650 0.713617 0.000000
vt 0.258129 0.968036 0.000000
vt 0.258129 0.965617 0.000000
vt 0.359921 0.711193 0.000000
vt 0.359921 0.713617 0.000000
vt 0.258855 0.968036 0.000000
vt 0.258855 0.965617 0.000000
vt 0.359191 0.711193 0.000000
vt 0.359191 0.713617 0.000000
vt 0.259581 0.968036 0.000000
vt 0.259581 0.965617 0.000000
vt 0.358461 0.711193 0.000000
vt 0.358461 0.713617 0.000000
vt 0.260306 0.968036 0.000000
vt 0.260306 0.965617 0.000000
vt 0.357732 0.711193 0.000000
vt 0.357732 0.713617 0.000000
vt 0.261032 0.968036 0.000000
vt 0.261032 0.965617 0.000000
vt 0.357002 0.711193 0.000000
vt 0.357002 0.713617 0.000000
vt 0.261758 0.968036 0.000000
vt 0.261758 0.965617 0.000000
vt 0.356273 0.711193 0.000000
vt 0.356273 0.713617 0.000000
vt 0.262484 0.968036 0.000000
vt 0.262484 0.965617 0.000000
vt 0.355543 0.711193 0.000000
vt 0.355543 0.713617 0.000000
vt 0.263210 0.968036 0.000000
vt 0.263210 0.965617 0.000000
vt 0.354813 0.711193 0.000000
vt 0.354813 0.713617 0.000000
vt 0.263936 0.968036 0.000000
vt 0.263936 0.965617 0.000000
vt 0.354084 0.711193 0.000000
vt 0.354084 0.713617 0.000000
vt 0.264661 0.968036 0.000000
vt 0.264661 0.965617 0.000000
vt 0.353354 0.711193 0.000000
vt 0.353354 0.713617 0.000000
vt 0.265387 0.968036 0.000000
vt 0.265387 0.965617 0.000000
vt 0.352624 0.711193 0.000000
vt 0.352624 0.713617 0.000000
vt 0.266113 0.968036 0.000000
vt 0.266113 0.965617 0.000000
vt 0.351895 0.711193 0.000000
vt 0.351895 0.713617 0.000000
vt 0.266839 0.968036 0.000000
vt 0.266839 0.965617 0.000000
vt 0.351165 0.711193 0.000000
vt 0.351165 0.713617 0.000000
vt 0.267565 0.968036 0.000000
vt 0.267565 0.965617 0.000000
vt 0.350436 0.711193 0.000000
vt 0.350436 0.713617 0.000000
vt 0.268290 0.968036 0.000000
vt 0.268290 0.965617 0.000000
vt 0.349706 0.711193 0.000000
vt 0.349706 0.713617 0.000000
vt 0.269016 0.968036 0.000000
vt 0.269016 0.965617 0.000000
vt 0.348976 0.711193 0.000000
vt 0.348976 0.713617 0.000000
vt 0.269742 0.968036 0.000000
vt 0.269742 0.965617 0.000000
vt 0.348247 0.711193 0.000000
vt 0.348247 0.713617 0.000000
vt 0.270468 0.968036 0.000000
vt 0.270468 0.965617 0.000000
vt 0.347517 0.711193 0.000000
vt 0.347517 0.713617 0.000000
vt 0.271194 0.968036 0.000000
vt 0.271194 0.965617 0.000000
vt 0.346787 0.711193 0.000000
vt 0.346787 0.713617 0.000000
vt 0.271920 0.968036 0.000000
vt 0.271920 0.965617 0.000000
vt 0.346058 0.711193 0.000000
vt 0.346058 0.713617 0.000000
vt 0.272645 0.968036 0.000000
vt 0.272645 0.965617 0.000000
vt 0.345328 0.711193 0.000000
vt 0.345328 0.713617 0.000000
vt 0.273371 0.968036 0.000000
vt 0.273371 0.965617 0.000000
vt 0.344599 0.711193 0.000000
vt 0.344599 0.713617 0.000000
vt 0.274097 0.968036 0.000000
vt 0.274097 0.965617 0.000000
vt 0.343869 0.711193 0.000000
vt 0.343869 0.713617 0.000000
vt 0.274823 0.968036 0.000000
vt 0.274823 0.965617 0.000000
vt 0.343139 0.711193 0.000000
vt 0.343139 0.713617 0.000000
vt 0.275549 0.968036 0.000000
vt 0.275549 0.965617 0.000000
vt 0.342410 0.711193 0.000000
vt 0.342410 0.713617 0.000000
vt 0.276274 0.968036 0.000000
vt 0.276274 0.965617 0.000000
vt 0.341680 0.711193 0.000000
vt 0.341680 0.713617 0.000000
vt 0.277000 0.968036 0.000000
vt 0.277000 0.965617 0.000000
vt 0.340950 0.711193 0.000000
vt 0.340950 0.713617 0.000000
vt 0.277726 0.968036 0.000000
vt 0.277726 0.965617 0.000000
vt 0.340221 0.711193 0.000000
vt 0.340221 0.713617 0.000000
vt 0.278452 0.968036 0.000000
vt 0.278452 0.965617 0.000000
vt 0.339491 0.711193 0.000000
vt 0.339491 0.713617 0.000000
vt 0.279178 0.968036 0.000000
vt 0.279178 0.965617 0.000000
vt 0.338762 0.711193 0.000000
vt 0.338762 0.713617 0.000000
vt 0.279904 0.968036 0.000000
vt 0.279904 0.965617 0.000000
vt 0.338032 0.711193 0.000000
vt 0.338032 0.713617 0.000000
vt 0.280629 0.968036 0.000000
vt 0.280629 0.965617 0.000000
vt 0.337302 0.711193 0.000000
vt 0.337302 0.713617 0.000000
vt 0.281355 0.968036 0.000000
vt 0.281355 0.965617 0.000000
vt 0.336573 0.711193 0.000000
vt 0.336573 0.713617 0.000000
vt 0.282081 0.968036 0.000000
vt 0.282081 0.965617 0.000000
vt 0.335843 0.711193 0.000000
vt 0.335843 0.713617 0.000000
vt 0.282807 0.968036 0.000000
vt 0.282807 0.965617 0.000000
vt 0.335113 0.711193 0.000000
vt 0.335113 0.713617 0.000000
vt 0.283533 0.968036 0.000000
vt 0.283533 0.965617 0.000000
vt 0.334384 0.711193 0.000000
vt 0.334384 0.713617 0.000000
vt 0.284258 0.968036 0.000000
vt 0.284258 0.965617 0.000000
vt 0.333654 0.711193 0.000000
vt 0.333654 0.713617 0.000000
vt 0.284984 0.968036 0.000000
vt 0.284984 0.965617 0.000000
vt 0.332925 0.711193 0.000000
vt 0.332925 0.713617 0.000000
vt 0.285710 0.968036 0.000000
vt 0.285710 0.965617 0.000000
vt 0.332195 0.711193 0.000000
vt 0.332195 0.713617 0.000000
vt 0.286436 0.968036 0.000000
vt 0.286436 0.965617 0.000000
vt 0.331465 0.711193 0.000000
vt 0.331465 0.713617 0.000000
vt 0.287162 0.968036 0.000000
vt 0.287162 0.965617 0.000000
vt 0.330736 0.711193 0.000000
vt 0.330736 0.713617 0.000000
vt 0.287888 0.968036 0.000000
vt 0.287888 0.965617 0.000000
vt 0.330006 0.711193 0.000000
vt 0.330006 0.713617 0.000000
vt 0.288613 0.968036 0.000000
vt 0.288613 0.965617 0.000000
vt 0.329276 0.711193 0.000000
vt 0.329276 0.713617 0.000000
vt 0.289339 0.968036 0.000000
vt 0.289339 0.965617 0.000000
vt 0.328547 0.711193 0.000000
vt 0.328547 0.713617 0.000000
vt 0.290065 0.968036 0.000000
vt 0.290065 0.965617 0.000000
vt 0.327817 0.711193 0.000000
vt 0.327817 0.713617 0.000000
vt 0.290791 0.968036 0.000000
vt 0.290791 0.965617 0.000000
vt 0.327088 0.711193 0.000000
vt 0.327088 0.713617 0.000000
vt 0.291517 0.968036 0.000000
vt 0.291517 0.965617 0.000000
vt 0.326358 0.711193 0.000000
vt 0.326358 0.713617 0.000000
vt 0.292242 0.968036 0.000000
vt 0.292242 0.965617 0.000000
vt 0.325628 0.711193 0.000000
vt 0.325628 0.713617 0.000000
vt 0.292968 0.968036 0.000000
vt 0.292968 0.965617 0.000000
vt 0.324899 0.711193 0.000000
vt 0.324899 0.713617 0.000000
vt 0.293694 0.968036 0.000000
vt 0.293694 0.965617 0.000000
vt 0.324169 0.711193 0.000000
vt 0.324169 0.713617 0.000000
vt 0.294420 0.968036 0.000000
vt 0.294420 0.965617 0.000000
vt 0.323439 0.711193 0.000000
vt 0.323439 0.713617 0.000000
vt 0.295146 0.968036 0.000000
vt 0.295146 0.965617 0.000000
vt 0.322710 0.711193 0.000000
vt 0.322710 0.713617 0.000000
vt 0.295872 0.968036 0.000000
vt 0.295872 0.965617 0.000000
vt 0.321980 0.711193 0.000000
vt 0.321980 0.713617 0.000000
vt 0.296597 0.968036 0.000000
vt 0.296597 0.965617 0.000000
vt 0.321251 0.711193 0.000000
vt 0.321251 0.713617 0.000000
vt 0.297323 0.968036 0.000000
vt 0.297323 0.965617 0.000000
vt 0.320521 0.711193 0.000000
vt 0.320521 0.713617 0.000000
vt 0.298049 0.968036 0.000000
vt 0.298049 0.965617 0.000000
vt 0.319791 0.711193 0.000000
vt 0.319791 0.713617 0.000000
vt 0.298775 0.968036 0.000000
vt 0.298775 0.965617 0.000000
vt 0.319062 0.711193 0.000000
vt 0.319062 0.713617 0.000000
vt 0.299501 0.968036 0.000000
vt 0.299501 0.965617 0.000000
vt 0.318332 0.711193 0.000000
vt 0.318332 0.713617 0.000000
vt 0.300226 0.968036 0.000000
vt 0.300226 0.965617 0.000000
vt 0.015395 0.870035 0.000000
vt 0.015395 0.852214 0.000000
vt 0.014005 0.852214 0.000000
vt 0.014005 0.870035 0.000000
vt 0.151621 0.870035 0.000000
vt 0.151621 0.852214 0.000000
vt 0.150231 0.852214 0.000000
vt 0.150231 0.870035 0.000000
vt 0.148841 0.852214 0.000000
vt 0.148841 0.870035 0.000000
vt 0.147451 0.852214 0.000000
vt 0.147451 0.870035 0.000000
vt 0.146061 0.852214 0.000000
vt 0.146061 0.870035 0.000000
vt 0.144671 0.852214 0.000000
vt 0.144671 0.870035 0.000000
vt 0.143281 0.852214 0.000000
vt 0.143281 0.870035 0.000000
vt 0.141891 0.852214 0.000000
vt 0.141891 0.870035 0.000000
vt 0.140501 0.852214 0.000000
vt 0.140501 0.870035 0.000000
vt 0.139110 0.852214 0.000000
vt 0.139110 0.870035 0.000000
vt 0.137720 0.852214 0.000000
vt 0.137720 0.870035 0.000000
vt 0.136330 0.852214 0.000000
vt 0.136330 0.870035 0.000000
vt 0.134940 0.852214 0.000000
vt 0.134940 0.870035 0.000000
vt 0.133550 0.852214 0.000000
vt 0.133550 0.870035 0.000000
vt 0.132160 0.852214 0.000000
vt 0.132160 0.870035 0.000000
vt 0.130770 0.852214 0.000000
vt 0.130770 0.870035 0.000000
vt 0.129380 0.852214 0.000000
vt 0.129380 0.870035 0.000000
vt 0.127990 0.852214 0.000000
vt 0.127990 0.870035 0.000000
vt 0.126600 0.852214 0.000000
vt 0.126600 0.870035 0.000000
vt 0.125210 0.852214 0.000000
vt 0.125210 0.870035 0.000000
vt 0.123820 0.852214 0.000000
vt 0.123820 0.870035 0.000000
vt 0.122430 0.852214 0.000000
vt 0.122430 0.870035 0.000000
vt 0.121040 0.852214 0.000000
vt 0.121040 0.870035 0.000000
vt 0.119650 0.852214 0.000000
vt 0.119650 0.870035 0.000000
vt 0.118260 0.852214 0.000000
vt 0.118260 0.870035 0.000000
vt 0.116869 0.852214 0.000000
vt 0.116869 0.870035 0.000000
vt 0.115479 0.852214 0.000000
vt 0.115479 0.870035 0.000000
vt 0.114089 0.852214 0.000000
vt 0.114089 0.870035 0.000000
vt 0.112699 0.852214 0.000000
vt 0.112699 0.870035 0.000000
vt 0.111309 0.852214 0.000000
vt 0.111309 0.870035 0.000000
vt 0.109919 0.852214 0.000000
vt 0.109919 0.870035 0.000000
vt 0.108529 0.852214 0.000000
vt 0.108529 0.870035 0.000000
vt 0.107139 0.852214 0.000000
vt 0.107139 0.870035 0.000000
vt 0.105749 0.852214 0.000000
vt 0.105749 0.870035 0.000000
vt 0.104359 0.852214 0.000000
vt 0.104359 0.870035 0.000000
vt 0.102969 0.852214 0.000000
vt 0.102969 0.870035 0.000000
vt 0.101579 0.852214 0.000000
vt 0.101579 0.870035 0.000000
vt 0.100189 0.852214 0.000000
vt 0.100189 0.870035 0.000000
vt 0.098799 0.852214 0.000000
vt 0.098799 0.870035 0.000000
vt 0.097409 0.852214 0.000000
vt 0.097409 0.870035 0.000000
vt 0.096019 0.852214 0.000000
vt 0.096019 0.870035 0.000000
vt 0.094629 0.852214 0.000000
vt 0.094629 0.870035 0.000000
vt 0.093238 0.852214 0.000000
vt 0.093238 0.870035 0.000000
vt 0.091848 0.852214 0.000000
vt 0.091848 0.870035 0.000000
vt 0.090458 0.852214 0.000000
vt 0.090458 0.870035 0.000000
vt 0.089068 0.852214 0.000000
vt 0.089068 0.870035 0.000000
vt 0.087678 0.852214 0.000000
vt 0.087678 0.870035 0.000000
vt 0.086288 0.852214 0.000000
vt 0.086288 0.870035 0.000000
vt 0.084898 0.852214 0.000000
vt 0.084898 0.870035 0.000000
vt 0.083508 0.852214 0.000000
vt 0.083508 0.870035 0.000000
vt 0.082118 0.852214 0.000000
vt 0.082118 0.870035 0.000000
vt 0.080728 0.852214 0.000000
vt 0.080728 0.870035 0.000000
vt 0.079338 0.852214 0.000000
vt 0.079338 0.870035 0.000000
vt 0.077948 0.852214 0.000000
vt 0.077948 0.870035 0.000000
vt 0.076558 0.852214 0.000000
vt 0.076558 0.870035 0.000000
vt 0.075168 0.852214 0.000000
vt 0.075168 0.870035 0.000000
vt 0.073778 0.852214 0.000000
vt 0.073778 0.870035 0.000000
vt 0.072388 0.852214 0.000000
vt 0.072388 0.870035 0.000000
vt 0.070997 0.852214 0.000000
vt 0.070997 0.870035 0.000000
vt 0.069607 0.852214 0.000000
vt 0.069607 0.870035 0.000000
vt 0.068217 0.852214 0.000000
vt 0.068217 0.870035 0.000000
vt 0.066827 0.852214 0.000000
vt 0.066827 0.870035 0.000000
vt 0.065437 0.852214 0.000000
vt 0.065437 0.870035 0.000000
vt 0.064047 0.852214 0.000000
vt 0.064047 0.870035 0.000000
vt 0.062657 0.852214 0.000000
vt 0.062657 0.870035 0.000000
vt 0.061267 0.852214 0.000000
vt 0.061267 0.870035 0.000000
vt 0.059877 0.852214 0.000000
vt 0.059877 0.870035 0.000000
vt 0.058487 0.852214 0.000000
vt 0.058487 0.870035 0.000000
vt 0.057097 0.852214 0.000000
vt 0.057097 0.870035 0.000000
vt 0.055707 0.852214 0.000000
vt 0.055707 0.870035 0.000000
vt 0.054317 0.852214 0.000000
vt 0.054317 0.870035 0.000000
vt 0.052927 0.852214 0.000000
vt 0.052927 0.870035 0.000000
vt 0.051537 0.852214 0.000000
vt 0.051537 0.870035 0.000000
vt 0.050147 0.852214 0.000000
vt 0.050147 0.870035 0.000000
vt 0.048757 0.852214 0.000000
vt 0.048757 0.870035 0.000000
vt 0.047366 0.852214 0.000000
vt 0.047366 0.870035 0.000000
vt 0.045976 0.852214 0.000000
vt 0.045976 0.870035 0.000000
vt 0.044586 0.852214 0.000000
vt 0.044586 0.870035 0.000000
vt 0.043196 0.852214 0.000000
vt 0.043196 0.870035 0.000000
vt 0.041806 0.852214 0.000000
vt 0.041806 0.870035 0.000000
vt 0.040416 0.852214 0.000000
vt 0.040416 0.870035 0.000000
vt 0.039026 0.852214 0.000000
vt 0.039026 0.870035 0.000000
vt 0.037636 0.852214 0.000000
vt 0.037636 0.870035 0.000000
vt 0.036246 0.852214 0.000000
vt 0.036246 0.870035 0.000000
vt 0.034856 0.852214 0.000000
vt 0.034856 0.870035 0.000000
vt 0.033466 0.852214 0.000000
vt 0.033466 0.870035 0.000000
vt 0.032076 0.852214 0.000000
vt 0.032076 0.870035 0.000000
vt 0.030686 0.852214 0.000000
vt 0.030686 0.870035 0.000000
vt 0.029296 0.852214 0.000000
vt 0.029296 0.870035 0.000000
vt 0.027906 0.852214 0.000000
vt 0.027906 0.870035 0.000000
vt 0.026516 0.852214 0.000000
vt 0.026516 0.870035 0.000000
vt 0.025126 0.852214 0.000000
vt 0.025126 0.870035 0.000000
vt 0.023735 0.852214 0.000000
vt 0.023735 0.870035 0.000000
vt 0.022345 0.852214 0.000000
vt 0.022345 0.870035 0.000000
vt 0.020955 0.852214 0.000000
vt 0.020955 0.870035 0.000000
vt 0.019565 0.852214 0.000000
vt 0.019565 0.870035 0.000000
vt 0.018175 0.852214 0.000000
vt 0.018175 0.870035 0.000000
vt 0.016785 0.852214 0.000000
vt 0.016785 0.870035 0.000000
vt 0.005316 0.391209 0.000000
vt 0.005316 0.372962 0.000000
vt 0.003964 0.372962 0.000000
vt 0.003964 0.391209 0.000000
vt 0.137791 0.391209 0.000000
vt 0.137791 0.372962 0.000000
vt 0.136439 0.372962 0.000000
vt 0.136439 0.391209 0.000000
vt 0.135087 0.372962 0.000000
vt 0.135087 0.391209 0.000000
vt 0.133735 0.372962 0.000000
vt 0.133735 0.391209 0.000000
vt 0.132384 0.372962 0.000000
vt 0.132384 0.391209 0.000000
vt 0.131032 0.372962 0.000000
vt 0.131032 0.391209 0.000000
vt 0.129680 0.372962 0.000000
vt 0.129680 0.391209 0.000000
vt 0.128328 0.372962 0.000000
vt 0.128328 0.391209 0.000000
vt 0.126976 0.372962 0.000000
vt 0.126976 0.391209 0.000000
vt 0.125625 0.372962 0.000000
vt 0.125625 0.391209 0.000000
vt 0.124273 0.372962 0.000000
vt 0.124273 0.391209 0.000000
vt 0.122921 0.372962 0.000000
vt 0.122921 0.391209 0.000000
vt 0.121569 0.372962 0.000000
vt 0.121569 0.391209 0.000000
vt 0.120218 0.372962 0.000000
vt 0.120218 0.391209 0.000000
vt 0.118866 0.372962 0.000000
vt 0.118866 0.391209 0.000000
vt 0.117514 0.372962 0.000000
vt 0.117514 0.391209 0.000000
vt 0.116162 0.372962 0.000000
vt 0.116162 0.391209 0.000000
vt 0.114810 0.372962 0.000000
vt 0.114810 0.391209 0.000000
vt 0.113459 0.372962 0.000000
vt 0.113459 0.391209 0.000000
vt 0.112107 0.372962 0.000000
vt 0.112107 0.391209 0.000000
vt 0.110755 0.372962 0.000000
vt 0.110755 0.391209 0.000000
vt 0.109403 0.372962 0.000000
vt 0.109403 0.391209 0.000000
vt 0.108051 0.372962 0.000000
vt 0.108051 0.391209 0.000000
vt 0.106700 0.372962 0.000000
vt 0.106700 0.391209 0.000000
vt 0.105348 0.372962 0.000000
vt 0.105348 0.391209 0.000000
vt 0.103996 0.372962 0.000000
vt 0.103996 0.391209 0.000000
vt 0.102644 0.372962 0.000000
vt 0.102644 0.391209 0.000000
vt 0.101292 0.372962 0.000000
vt 0.101292 0.391209 0.000000
vt 0.099941 0.372962 0.000000
vt 0.099941 0.391209 0.000000
vt 0.098589 0.372962 0.000000
vt 0.098589 0.391209 0.000000
vt 0.097237 0.372962 0.000000
vt 0.097237 0.391209 0.000000
vt 0.095885 0.372962 0.000000
vt 0.095885 0.391209 0.000000
vt 0.094534 0.372962 0.000000
vt 0.094534 0.391209 0.000000
vt 0.093182 0.372962 0.000000
vt 0.093182 0.391209 0.000000
vt 0.091830 0.372962 0.000000
vt 0.091830 0.391209 0.000000
vt 0.090478 0.372962 0.000000
vt 0.090478 0.391209 0.000000
vt 0.089126 0.372962 0.000000
vt 0.089126 0.391209 0.000000
vt 0.087775 0.372962 0.000000
vt 0.087775 0.391209 0.000000
vt 0.086423 0.372962 0.000000
vt 0.086423 0.391209 0.000000
vt 0.085071 0.372962 0.000000
vt 0.085071 0.391209 0.000000
vt 0.083719 0.372962 0.000000
vt 0.083719 0.391209 0.000000
vt 0.082367 0.372962 0.000000
vt 0.082367 0.391209 0.000000
vt 0.081016 0.372962 0.000000
vt 0.081016 0.391209 0.000000
vt 0.079664 0.372962 0.000000
vt 0.079664 0.391209 0.000000
vt 0.078312 0.372962 0.000000
vt 0.078312 0.391209 0.000000
vt 0.076960 0.372962 0.000000
vt 0.076960 0.391209 0.000000
vt 0.075609 0.372962 0.000000
vt 0.075609 0.391209 0.000000
vt 0.074257 0.372962 0.000000
vt 0.074257 0.391209 0.000000
vt 0.072905 0.372962 0.000000
vt 0.072905 0.391209 0.000000
vt 0.071553 0.372962 0.000000
vt 0.071553 0.391209 0.000000
vt 0.070201 0.372962 0.000000
vt 0.070201 0.391209 0.000000
vt 0.068850 0.372962 0.000000
vt 0.068850 0.391209 0.000000
vt 0.067498 0.372962 0.000000
vt 0.067498 0.391209 0.000000
vt 0.066146 0.372962 0.000000
vt 0.066146 0.391209 0.000000
vt 0.064794 0.372962 0.000000
vt 0.064794 0.391209 0.000000
vt 0.063442 0.372962 0.000000
vt 0.063442 0.391209 0.000000
vt 0.062091 0.372962 0.000000
vt 0.062091 0.391209 0.000000
vt 0.060739 0.372962 0.000000
vt 0.060739 0.391209 0.000000
vt 0.059387 0.372962 0.000000
vt 0.059387 0.391209 0.000000
vt 0.058035 0.372962 0.000000
vt 0.058035 0.391209 0.000000
vt 0.056683 0.372962 0.000000
vt 0.056683 0.391209 0.000000
vt 0.055332 0.372962 0.000000
vt 0.055332 0.391209 0.000000
vt 0.053980 0.372962 0.000000
vt 0.053980 0.391209 0.000000
vt 0.052628 0.372962 0.000000
vt 0.052628 0.391209 0.000000
vt 0.051276 0.372962 0.000000
vt 0.051276 0.391209 0.000000
vt 0.049925 0.372962 0.000000
vt 0.049925 0.391209 0.000000
vt 0.048573 0.372962 0.000000
vt 0.048573 0.391209 0.000000
vt 0.047221 0.372962 0.000000
vt 0.047221 0.391209 0.000000
vt 0.045869 0.372962 0.000000
vt 0.045869 0.391209 0.000000
vt 0.044517 0.372962 0.000000
vt 0.044517 0.391209 0.000000
vt 0.043166 0.372962 0.000000
vt 0.043166 0.391209 0.000000
vt 0.041814 0.372962 0.000000
vt 0.041814 0.391209 0.000000
vt 0.040462 0.372962 0.000000
vt 0.040462 0.391209 0.000000
vt 0.039110 0.372962 0.000000
vt 0.039110 0.391209 0.000000
vt 0.037758 0.372962 0.000000
vt 0.037758 0.391209 0.000000
vt 0.036407 0.372962 0.000000
vt 0.036407 0.391209 0.000000
vt 0.035055 0.372962 0.000000
vt 0.035055 0.391209 0.000000
vt 0.033703 0.372962 0.000000
vt 0.033703 0.391209 0.000000
vt 0.032351 0.372962 0.000000
vt 0.032351 0.391209 0.000000
vt 0.031000 0.372962 0.000000
vt 0.031000 0.391209 0.000000
vt 0.029648 0.372962 0.000000
vt 0.029648 0.391209 0.000000
vt 0.028296 0.372962 0.000000
vt 0.028296 0.391209 0.000000
vt 0.026944 0.372962 0.000000
vt 0.026944 0.391209 0.000000
vt 0.025592 0.372962 0.000000
vt 0.025592 0.391209 0.000000
vt 0.024241 0.372962 0.000000
vt 0.024241 0.391209 0.000000
vt 0.022889 0.372962 0.000000
vt 0.022889 0.391209 0.000000
vt 0.021537 0.372962 0.000000
vt 0.021537 0.391209 0.000000
vt 0.020185 0.372962 0.000000
vt 0.020185 0.391209 0.000000
vt 0.018833 0.372962 0.000000
vt 0.018833 0.391209 0.000000
vt 0.017482 0.372962 0.000000
vt 0.017482 0.391209 0.000000
vt 0.016130 0.372962 0.000000
vt 0.016130 0.391209 0.000000
vt 0.014778 0.372962 0.000000
vt 0.014778 0.391209 0.000000
vt 0.013426 0.372962 0.000000
vt 0.013426 0.391209 0.000000
vt 0.012074 0.372962 0.000000
vt 0.012074 0.391209 0.000000
vt 0.010723 0.372962 0.000000
vt 0.010723 0.391209 0.000000
vt 0.009371 0.372962 0.000000
vt 0.009371 0.391209 0.000000
vt 0.008019 0.372962 0.000000
vt 0.008019 0.391209 0.000000
vt 0.006667 0.372962 0.000000
vt 0.006667 0.391209 0.000000
vt 0.013485 0.371667 0.000000
vt 0.013485 0.354828 0.000000
vt 0.012217 0.354828 0.000000
vt 0.012217 0.371667 0.000000
vt 0.137791 0.371667 0.000000
vt 0.137791 0.354828 0.000000
vt 0.136522 0.354828 0.000000
vt 0.136522 0.371667 0.000000
vt 0.135254 0.354828 0.000000
vt 0.135254 0.371667 0.000000
vt 0.133985 0.354828 0.000000
vt 0.133985 0.371667 0.000000
vt 0.132717 0.354828 0.000000
vt 0.132717 0.371667 0.000000
vt 0.131449 0.354828 0.000000
vt 0.131449 0.371667 0.000000
vt 0.130180 0.354828 0.000000
vt 0.130180 0.371667 0.000000
vt 0.128912 0.354828 0.000000
vt 0.128912 0.371667 0.000000
vt 0.127643 0.354828 0.000000
vt 0.127643 0.371667 0.000000
vt 0.126375 0.354828 0.000000
vt 0.126375 0.371667 0.000000
vt 0.125107 0.354828 0.000000
vt 0.125107 0.371667 0.000000
vt 0.123838 0.354828 0.000000
vt 0.123838 0.371667 0.000000
vt 0.122570 0.354828 0.000000
vt 0.122570 0.371667 0.000000
vt 0.121301 0.354828 0.000000
vt 0.121301 0.371667 0.000000
vt 0.120033 0.354828 0.000000
vt 0.120033 0.371667 0.000000
vt 0.118764 0.354828 0.000000
vt 0.118764 0.371667 0.000000
vt 0.117496 0.354828 0.000000
vt 0.117496 0.371667 0.000000
vt 0.116228 0.354828 0.000000
vt 0.116228 0.371667 0.000000
vt 0.114959 0.354828 0.000000
vt 0.114959 0.371667 0.000000
vt 0.113691 0.354828 0.000000
vt 0.113691 0.371667 0.000000
vt 0.112422 0.354828 0.000000
vt 0.112422 0.371667 0.000000
vt 0.111154 0.354828 0.000000
vt 0.111154 0.371667 0.000000
vt 0.109885 0.354828 0.000000
vt 0.109885 0.371667 0.000000
vt 0.108617 0.354828 0.000000
vt 0.108617 0.371667 0.000000
vt 0.107349 0.354828 0.000000
vt 0.107349 0.371667 0.000000
vt 0.106080 0.354828 0.000000
vt 0.106080 0.371667 0.000000
vt 0.104812 0.354828 0.000000
vt 0.104812 0.371667 0.000000
vt 0.103543 0.354828 0.000000
vt 0.103543 0.371667 0.000000
vt 0.102275 0.354828 0.000000
vt 0.102275 0.371667 0.000000
vt 0.101006 0.354828 0.000000
vt 0.101006 0.371667 0.000000
vt 0.099738 0.354828 0.000000
vt 0.099738 0.371667 0.000000
vt 0.098470 0.354828 0.000000
vt 0.098470 0.371667 0.000000
vt 0.097201 0.354828 0.000000
vt 0.097201 0.371667 0.000000
vt 0.095933 0.354828 0.000000
vt 0.095933 0.371667 0.000000
vt 0.094664 0.354828 0.000000
vt 0.094664 0.371667 0.000000
vt 0.093396 0.354828 0.000000
vt 0.093396 0.371667 0.000000
vt 0.092128 0.354828 0.000000
vt 0.092128 0.371667 0.000000
vt 0.090859 0.354828 0.000000
vt 0.090859 0.371667 0.000000
vt 0.089591 0.354828 0.000000
vt 0.089591 0.371667 0.000000
vt 0.088322 0.354828 0.000000
vt 0.088322 0.371667 0.000000
vt 0.087054 0.354828 0.000000
vt 0.087054 0.371667 0.000000
vt 0.085785 0.354828 0.000000
vt 0.085785 0.371667 0.000000
vt 0.084517 0.354828 0.000000
vt 0.084517 0.371667 0.000000
vt 0.083249 0.354828 0.000000
vt 0.083249 0.371667 0.000000
vt 0.081980 0.354828 0.000000
vt 0.081980 0.371667 0.000000
vt 0.080712 0.354828 0.000000
vt 0.080712 0.371667 0.000000
vt 0.079443 0.354828 0.000000
vt 0.079443 0.371667 0.000000
vt 0.078175 0.354828 0.000000
vt 0.078175 0.371667 0.000000
vt 0.076906 0.354828 0.000000
vt 0.076906 0.371667 0.000000
vt 0.075638 0.354828 0.000000
vt 0.075638 0.371667 0.000000
vt 0.074370 0.354828 0.000000
vt 0.074370 0.371667 0.000000
vt 0.073101 0.354828 0.000000
vt 0.073101 0.371667 0.000000
vt 0.071833 0.354828 0.000000
vt 0.071833 0.371667 0.000000
vt 0.070564 0.354828 0.000000
vt 0.070564 0.371667 0.000000
vt 0.069296 0.354828 0.000000
vt 0.069296 0.371667 0.000000
vt 0.068027 0.354828 0.000000
vt 0.068027 0.371667 0.000000
vt 0.066759 0.354828 0.000000
vt 0.066759 0.371667 0.000000
vt 0.065491 0.354828 0.000000
vt 0.065491 0.371667 0.000000
vt 0.064222 0.354828 0.000000
vt 0.064222 0.371667 0.000000
vt 0.062954 0.354828 0.000000
vt 0.062954 0.371667 0.000000
vt 0.061685 0.354828 0.000000
vt 0.061685 0.371667 0.000000
vt 0.060417 0.354828 0.000000
vt 0.060417 0.371667 0.000000
vt 0.059149 0.354828 0.000000
vt 0.059149 0.371667 0.000000
vt 0.057880 0.354828 0.000000
vt 0.057880 0.371667 0.000000
vt 0.056612 0.354828 0.000000
vt 0.056612 0.371667 0.000000
vt 0.055343 0.354828 0.000000
vt 0.055343 0.371667 0.000000
vt 0.054075 0.354828 0.000000
vt 0.054075 0.371667 0.000000
vt 0.052806 0.354828 0.000000
vt 0.052806 0.371667 0.000000
vt 0.051538 0.354828 0.000000
vt 0.051538 0.371667 0.000000
vt 0.050270 0.354828 0.000000
vt 0.050270 0.371667 0.000000
vt 0.049001 0.354828 0.000000
vt 0.049001 0.371667 0.000000
vt 0.047733 0.354828 0.000000
vt 0.047733 0.371667 0.000000
vt 0.046464 0.354828 0.000000
vt 0.046464 0.371667 0.000000
vt 0.045196 0.354828 0.000000
vt 0.045196 0.371667 0.000000
vt 0.043927 0.354828 0.000000
vt 0.043927 0.371667 0.000000
vt 0.042659 0.354828 0.000000
vt 0.042659 0.371667 0.000000
vt 0.041391 0.354828 0.000000
vt 0.041391 0.371667 0.000000
vt 0.040122 0.354828 0.000000
vt 0.040122 0.371667 0.000000
vt 0.038854 0.354828 0.000000
vt 0.038854 0.371667 0.000000
vt 0.037585 0.354828 0.000000
vt 0.037585 0.371667 0.000000
vt 0.036317 0.354828 0.000000
vt 0.036317 0.371667 0.000000
vt 0.035048 0.354828 0.000000
vt 0.035048 0.371667 0.000000
vt 0.033780 0.354828 0.000000
vt 0.033780 0.371667 0.000000
vt 0.032512 0.354828 0.000000
vt 0.032512 0.371667 0.000000
vt 0.031243 0.354828 0.000000
vt 0.031243 0.371667 0.000000
vt 0.029975 0.354828 0.000000
vt 0.029975 0.371667 0.000000
vt 0.028706 0.354828 0.000000
vt 0.028706 0.371667 0.000000
vt 0.027438 0.354828 0.000000
vt 0.027438 0.371667 0.000000
vt 0.026170 0.354828 0.000000
vt 0.026170 0.371667 0.000000
vt 0.024901 0.354828 0.000000
vt 0.024901 0.371667 0.000000
vt 0.023633 0.354828 0.000000
vt 0.023633 0.371667 0.000000
vt 0.022364 0.354828 0.000000
vt 0.022364 0.371667 0.000000
vt 0.021096 0.354828 0.000000
vt 0.021096 0.371667 0.000000
vt 0.019827 0.354828 0.000000
vt 0.019827 0.371667 0.000000
vt 0.018559 0.354828 0.000000
vt 0.018559 0.371667 0.000000
vt 0.017291 0.354828 0.000000
vt 0.017291 0.371667 0.000000
vt 0.016022 0.354828 0.000000
vt 0.016022 0.371667 0.000000
vt 0.014754 0.354828 0.000000
vt 0.014754 0.371667 0.000000
vt 0.785373 0.977823 0.000000
vt 0.785373 0.936178 0.000000
vt 0.783722 0.936178 0.000000
vt 0.783722 0.977823 0.000000
vt 0.947127 0.977823 0.000000
vt 0.947127 0.936178 0.000000
vt 0.945476 0.936178 0.000000
vt 0.945476 0.977823 0.000000
vt 0.943825 0.936178 0.000000
vt 0.943825 0.977823 0.000000
vt 0.942175 0.936178 0.000000
vt 0.942175 0.977823 0.000000
vt 0.940524 0.936178 0.000000
vt 0.940524 0.977823 0.000000
vt 0.938874 0.936178 0.000000
vt 0.938874 0.977823 0.000000
vt 0.937223 0.936178 0.000000
vt 0.937223 0.977823 0.000000
vt 0.935573 0.936178 0.000000
vt 0.935573 0.977823 0.000000
vt 0.933922 0.936178 0.000000
vt 0.933922 0.977823 0.000000
vt 0.932272 0.936178 0.000000
vt 0.932272 0.977823 0.000000
vt 0.930621 0.936178 0.000000
vt 0.930621 0.977823 0.000000
vt 0.928971 0.936178 0.000000
vt 0.928971 0.977823 0.000000
vt 0.927320 0.936178 0.000000
vt 0.927320 0.977823 0.000000
vt 0.925669 0.936178 0.000000
vt 0.925669 0.977823 0.000000
vt 0.924019 0.936178 0.000000
vt 0.924019 0.977823 0.000000
vt 0.922368 0.936178 0.000000
vt 0.922368 0.977823 0.000000
vt 0.920718 0.936178 0.000000
vt 0.920718 0.977823 0.000000
vt 0.919067 0.936178 0.000000
vt 0.919067 0.977823 0.000000
vt 0.917417 0.936178 0.000000
vt 0.917417 0.977823 0.000000
vt 0.915766 0.936178 0.000000
vt 0.915766 0.977823 0.000000
vt 0.914116 0.936178 0.000000
vt 0.914116 0.977823 0.000000
vt 0.912465 0.936178 0.000000
vt 0.912465 0.977823 0.000000
vt 0.910815 0.936178 0.000000
vt 0.910815 0.977823 0.000000
vt 0.909164 0.936178 0.000000
vt 0.909164 0.977823 0.000000
vt 0.907513 0.936178 0.000000
vt 0.907513 0.977823 0.000000
vt 0.905863 0.936178 0.000000
vt 0.905863 0.977823 0.000000
vt 0.904212 0.936178 0.000000
vt 0.904212 0.977823 0.000000
vt 0.902562 0.936178 0.000000
vt 0.902562 0.977823 0.000000
vt 0.900911 0.936178 0.000000
vt 0.900911 0.977823 0.000000
vt 0.899261 0.936178 0.000000
vt 0.899261 0.977823 0.000000
vt 0.897610 0.936178 0.000000
vt 0.897610 0.977823 0.000000
vt 0.895960 0.936178 0.000000
vt 0.895960 0.977823 0.000000
vt 0.894309 0.936178 0.000000
vt 0.894309 0.977823 0.000000
vt 0.892658 0.936178 0.000000
vt 0.892658 0.977823 0.000000
vt 0.891008 0.936178 0.000000
vt 0.891008 0.977823 0.000000
vt 0.889357 0.936178 0.000000
vt 0.889357 0.977823 0.000000
vt 0.887707 0.936178 0.000000
vt 0.887707 0.977823 0.000000
vt 0.886056 0.936178 0.000000
vt 0.886056 0.977823 0.000000
vt 0.884406 0.936178 0.000000
vt 0.884406 0.977823 0.000000
vt 0.882755 0.936178 0.000000
vt 0.882755 0.977823 0.000000
vt 0.881105 0.936178 0.000000
vt 0.881105 0.977823 0.000000
vt 0.879454 0.936178 0.000000
vt 0.879454 0.977823 0.000000
vt 0.877804 0.936178 0.000000
vt 0.877804 0.977823 0.000000
vt 0.876153 0.936178 0.000000
vt 0.876153 0.977823 0.000000
vt 0.874502 0.936178 0.000000
vt 0.874502 0.977823 0.000000
vt 0.872852 0.936178 0.000000
vt 0.872852 0.977823 0.000000
vt 0.871201 0.936178 0.000000
vt 0.871201 0.977823 0.000000
vt 0.869551 0.936178 0.000000
vt 0.869551 0.977823 0.000000
vt 0.867900 0.936178 0.000000
vt 0.867900 0.977823 0.000000
vt 0.866250 0.936178 0.000000
vt 0.866250 0.977823 0.000000
vt 0.864599 0.936178 0.000000
vt 0.864599 0.977823 0.000000
vt 0.862949 0.936178 0.000000
vt 0.862949 0.977823 0.000000
vt 0.861298 0.936178 0.000000
vt 0.861298 0.977823 0.000000
vt 0.859648 0.936178 0.000000
vt 0.859648 0.977823 0.000000
vt 0.857997 0.936178 0.000000
vt 0.857997 0.977823 0.000000
vt 0.856346 0.936178 0.000000
vt 0.856346 0.977823 0.000000
vt 0.854696 0.936178 0.000000
vt 0.854696 0.977823 0.000000
vt 0.853045 0.936178 0.000000
vt 0.853045 0.977823 0.000000
vt 0.851395 0.936178 0.000000
vt 0.851395 0.977823 0.000000
vt 0.849744 0.936178 0.000000
vt 0.849744 0.977823 0.000000
vt 0.848094 0.936178 0.000000
vt 0.848094 0.977823 0.000000
vt 0.846443 0.936178 0.000000
vt 0.846443 0.977823 0.000000
vt 0.844793 0.936178 0.000000
vt 0.844793 0.977823 0.000000
vt 0.843142 0.936178 0.000000
vt 0.843142 0.977823 0.000000
vt 0.841492 0.936178 0.000000
vt 0.841492 0.977823 0.000000
vt 0.839841 0.936178 0.000000
vt 0.839841 0.977823 0.000000
vt 0.838190 0.936178 0.000000
vt 0.838190 0.977823 0.000000
vt 0.836540 0.936178 0.000000
vt 0.836540 0.977823 0.000000
vt 0.834889 0.936178 0.000000
vt 0.834889 0.977823 0.000000
vt 0.833239 0.936178 0.000000
vt 0.833239 0.977823 0.000000
vt 0.831588 0.936178 0.000000
vt 0.831588 0.977823 0.000000
vt 0.829938 0.936178 0.000000
vt 0.829938 0.977823 0.000000
vt 0.828287 0.936178 0.000000
vt 0.828287 0.977823 0.000000
vt 0.826637 0.936178 0.000000
vt 0.826637 0.977823 0.000000
vt 0.824986 0.936178 0.000000
vt 0.824986 0.977823 0.000000
vt 0.823335 0.936178 0.000000
vt 0.823335 0.977823 0.000000
vt 0.821685 0.936178 0.000000
vt 0.821685 0.977823 0.000000
vt 0.820034 0.936178 0.000000
vt 0.820034 0.977823 0.000000
vt 0.818384 0.936178 0.000000
vt 0.818384 0.977823 0.000000
vt 0.816733 0.936178 0.000000
vt 0.816733 0.977823 0.000000
vt 0.815083 0.936178 0.000000
vt 0.815083 0.977823 0.000000
vt 0.813432 0.936178 0.000000
vt 0.813432 0.977823 0.000000
vt 0.811782 0.936178 0.000000
vt 0.811782 0.977823 0.000000
vt 0.810131 0.936178 0.000000
vt 0.810131 0.977823 0.000000
vt 0.808481 0.936178 0.000000
vt 0.808481 0.977823 0.000000
vt 0.806830 0.936178 0.000000
vt 0.806830 0.977823 0.000000
vt 0.805179 0.936178 0.000000
vt 0.805179 0.977823 0.000000
vt 0.803529 0.936178 0.000000
vt 0.803529 0.977823 0.000000
vt 0.801878 0.936178 0.000000
vt 0.801878 0.977823 0.000000
vt 0.800228 0.936178 0.000000
vt 0.800228 0.977823 0.000000
vt 0.798577 0.936178 0.000000
vt 0.798577 0.977823 0.000000
vt 0.796927 0.936178 0.000000
vt 0.796927 0.977823 0.000000
vt 0.795276 0.936178 0.000000
vt 0.795276 0.977823 0.000000
vt 0.793626 0.936178 0.000000
vt 0.793626 0.977823 0.000000
vt 0.791975 0.936178 0.000000
vt 0.791975 0.977823 0.000000
vt 0.790325 0.936178 0.000000
vt 0.790325 0.977823 0.000000
vt 0.788674 0.936178 0.000000
vt 0.788674 0.977823 0.000000
vt 0.787023 0.936178 0.000000
vt 0.787023 0.977823 0.000000
vt 0.015353 0.414263 0.000000
vt 0.015353 0.392505 0.000000
vt 0.014104 0.392505 0.000000
vt 0.014104 0.414263 0.000000
vt 0.137791 0.414263 0.000000
vt 0.137791 0.392505 0.000000
vt 0.136541 0.392505 0.000000
vt 0.136541 0.414263 0.000000
vt 0.135292 0.392505 0.000000
vt 0.135292 0.414263 0.000000
vt 0.134043 0.392505 0.000000
vt 0.134043 0.414263 0.000000
vt 0.132793 0.392505 0.000000
vt 0.132793 0.414263 0.000000
vt 0.131544 0.392505 0.000000
vt 0.131544 0.414263 0.000000
vt 0.130295 0.392505 0.000000
vt 0.130295 0.414263 0.000000
vt 0.129045 0.392505 0.000000
vt 0.129045 0.414263 0.000000
vt 0.127796 0.392505 0.000000
vt 0.127796 0.414263 0.000000
vt 0.126547 0.392505 0.000000
vt 0.126547 0.414263 0.000000
vt 0.125297 0.392505 0.000000
vt 0.125297 0.414263 0.000000
vt 0.124048 0.392505 0.000000
vt 0.124048 0.414263 0.000000
vt 0.122798 0.392505 0.000000
vt 0.122798 0.414263 0.000000
vt 0.121549 0.392505 0.000000
vt 0.121549 0.414263 0.000000
vt 0.120300 0.392505 0.000000
vt 0.120300 0.414263 0.000000
vt 0.119050 0.392505 0.000000
vt 0.119050 0.414263 0.000000
vt 0.117801 0.392505 0.000000
vt 0.117801 0.414263 0.000000
vt 0.116552 0.392505 0.000000
vt 0.116552 0.414263 0.000000
vt 0.115302 0.392505 0.000000
vt 0.115302 0.414263 0.000000
vt 0.114053 0.392505 0.000000
vt 0.114053 0.414263 0.000000
vt 0.112803 0.392505 0.000000
vt 0.112803 0.414263 0.000000
vt 0.111554 0.392505 0.000000
vt 0.111554 0.414263 0.000000
vt 0.110305 0.392505 0.000000
vt 0.110305 0.414263 0.000000
vt 0.109055 0.392505 0.000000
vt 0.109055 0.414263 0.000000
vt 0.107806 0.392505 0.000000
vt 0.107806 0.414263 0.000000
vt 0.106557 0.392505 0.000000
vt 0.106557 0.414263 0.000000
vt 0.105307 0.392505 0.000000
vt 0.105307 0.414263 0.000000
vt 0.104058 0.392505 0.000000
vt 0.104058 0.414263 0.000000
vt 0.102809 0.392505 0.000000
vt 0.102809 0.414263 0.000000
vt 0.101559 0.392505 0.000000
vt 0.101559 0.414263 0.000000
vt 0.100310 0.392505 0.000000
vt 0.100310 0.414263 0.000000
vt 0.099060 0.392505 0.000000
vt 0.099060 0.414263 0.000000
vt 0.097811 0.392505 0.000000
vt 0.097811 0.414263 0.000000
vt 0.096562 0.392505 0.000000
vt 0.096562 0.414263 0.000000
vt 0.095312 0.392505 0.000000
vt 0.095312 0.414263 0.000000
vt 0.094063 0.392505 0.000000
vt 0.094063 0.414263 0.000000
vt 0.092814 0.392505 0.000000
vt 0.092814 0.414263 0.000000
vt 0.091564 0.392505 0.000000
vt 0.091564 0.414263 0.000000
vt 0.090315 0.392505 0.000000
vt 0.090315 0.414263 0.000000
vt 0.089066 0.392505 0.000000
vt 0.089066 0.414263 0.000000
vt 0.087816 0.392505 0.000000
vt 0.087816 0.414263 0.000000
vt 0.086567 0.392505 0.000000
vt 0.086567 0.414263 0.000000
vt 0.085317 0.392505 0.000000
vt 0.085317 0.414263 0.000000
vt 0.084068 0.392505 0.000000
vt 0.084068 0.414263 0.000000
vt 0.082819 0.392505 0.000000
vt 0.082819 0.414263 0.000000
vt 0.081569 0.392505 0.000000
vt 0.081569 0.414263 0.000000
vt 0.080320 0.392505 0.000000
vt 0.080320 0.414263 0.000000
vt 0.079071 0.392505 0.000000
vt 0.079071 0.414263 0.000000
vt 0.077821 0.392505 0.000000
vt 0.077821 0.414263 0.000000
vt 0.076572 0.392505 0.000000
vt 0.076572 0.414263 0.000000
vt 0.075323 0.392505 0.000000
vt 0.075323 0.414263 0.000000
vt 0.074073 0.392505 0.000000
vt 0.074073 0.414263 0.000000
vt 0.072824 0.392505 0.000000
vt 0.072824 0.414263 0.000000
vt 0.071575 0.392505 0.000000
vt 0.071575 0.414263 0.000000
vt 0.070325 0.392505 0.000000
vt 0.070325 0.414263 0.000000
vt 0.069076 0.392505 0.000000
vt 0.069076 0.414263 0.000000
vt 0.067826 0.392505 0.000000
vt 0.067826 0.414263 0.000000
vt 0.066577 0.392505 0.000000
vt 0.066577 0.414263 0.000000
vt 0.065328 0.392505 0.000000
vt 0.065328 0.414263 0.000000
vt 0.064078 0.392505 0.000000
vt 0.064078 0.414263 0.000000
vt 0.062829 0.392505 0.000000
vt 0.062829 0.414263 0.000000
vt 0.061580 0.392505 0.000000
vt 0.061580 0.414263 0.000000
vt 0.060330 0.392505 0.000000
vt 0.060330 0.414263 0.000000
vt 0.059081 0.392505 0.000000
vt 0.059081 0.414263 0.000000
vt 0.057832 0.392505 0.000000
vt 0.057832 0.414263 0.000000
vt 0.056582 0.392505 0.000000
vt 0.056582 0.414263 0.000000
vt 0.055333 0.392505 0.000000
vt 0.055333 0.414263 0.000000
vt 0.054083 0.392505 0.000000
vt 0.054083 0.414263 0.000000
vt 0.052834 0.392505 0.000000
vt 0.052834 0.414263 0.000000
vt 0.051585 0.392505 0.000000
vt 0.051585 0.414263 0.000000
vt 0.050335 0.392505 0.000000
vt 0.050335 0.414263 0.000000
vt 0.049086 0.392505 0.000000
vt 0.049086 0.414263 0.000000
vt 0.047837 0.392505 0.000000
vt 0.047837 0.414263 0.000000
vt 0.046587 0.392505 0.000000
vt 0.046587 0.414263 0.000000
vt 0.045338 0.392505 0.000000
vt 0.045338 0.414263 0.000000
vt 0.044089 0.392505 0.000000
vt 0.044089 0.414263 0.000000
vt 0.042839 0.392505 0.000000
vt 0.042839 0.414263 0.000000
vt 0.041590 0.392505 0.000000
vt 0.041590 0.414263 0.000000
vt 0.040340 0.392505 0.000000
vt 0.040340 0.414263 0.000000
vt 0.039091 0.392505 0.000000
vt 0.039091 0.414263 0.000000
vt 0.037842 0.392505 0.000000
vt 0.037842 0.414263 0.000000
vt 0.036592 0.392505 0.000000
vt 0.036592 0.414263 0.000000
vt 0.035343 0.392505 0.000000
vt 0.035343 0.414263 0.000000
vt 0.034094 0.392505 0.000000
vt 0.034094 0.414263 0.000000
vt 0.032844 0.392505 0.000000
vt 0.032844 0.414263 0.000000
vt 0.031595 0.392505 0.000000
vt 0.031595 0.414263 0.000000
vt 0.030346 0.392505 0.000000
vt 0.030346 0.414263 0.000000
vt 0.029096 0.392505 0.000000
vt 0.029096 0.414263 0.000000
vt 0.027847 0.392505 0.000000
vt 0.027847 0.414263 0.000000
vt 0.026597 0.392505 0.000000
vt 0.026597 0.414263 0.000000
vt 0.025348 0.392505 0.000000
vt 0.025348 0.414263 0.000000
vt 0.024099 0.392505 0.000000
vt 0.024099 0.414263 0.000000
vt 0.022849 0.392505 0.000000
vt 0.022849 0.414263 0.000000
vt 0.021600 0.392505 0.000000
vt 0.021600 0.414263 0.000000
vt 0.020351 0.392505 0.000000
vt 0.020351 0.414263 0.000000
vt 0.019101 0.392505 0.000000
vt 0.019101 0.414263 0.000000
vt 0.017852 0.392505 0.000000
vt 0.017852 0.414263 0.000000
vt 0.016603 0.392505 0.000000
vt 0.016603 0.414263 0.000000
vt 0.030435 0.970523 0.000000
vt 0.030435 0.927001 0.000000
vt 0.028964 0.927001 0.000000
vt 0.028964 0.970523 0.000000
vt 0.174575 0.970523 0.000000
vt 0.174575 0.927001 0.000000
vt 0.173104 0.927001 0.000000
vt 0.173104 0.970523 0.000000
vt 0.171633 0.927001 0.000000
vt 0.171633 0.970523 0.000000
vt 0.170162 0.927001 0.000000
vt 0.170162 0.970523 0.000000
vt 0.168691 0.927001 0.000000
vt 0.168691 0.970523 0.000000
vt 0.167221 0.927001 0.000000
vt 0.167221 0.970523 0.000000
vt 0.165750 0.927001 0.000000
vt 0.165750 0.970523 0.000000
vt 0.164279 0.927001 0.000000
vt 0.164279 0.970523 0.000000
vt 0.162808 0.927001 0.000000
vt 0.162808 0.970523 0.000000
vt 0.161337 0.927001 0.000000
vt 0.161337 0.970523 0.000000
vt 0.159867 0.927001 0.000000
vt 0.159867 0.970523 0.000000
vt 0.158396 0.927001 0.000000
vt 0.158396 0.970523 0.000000
vt 0.156925 0.927001 0.000000
vt 0.156925 0.970523 0.000000
vt 0.155454 0.927001 0.000000
vt 0.155454 0.970523 0.000000
vt 0.153983 0.927001 0.000000
vt 0.153983 0.970523 0.000000
vt 0.152512 0.927001 0.000000
vt 0.152512 0.970523 0.000000
vt 0.151042 0.927001 0.000000
vt 0.151042 0.970523 0.000000
vt 0.149571 0.927001 0.000000
vt 0.149571 0.970523 0.000000
vt 0.148100 0.927001 0.000000
vt 0.148100 0.970523 0.000000
vt 0.146629 0.927001 0.000000
vt 0.146629 0.970523 0.000000
vt 0.145158 0.927001 0.000000
vt 0.145158 0.970523 0.000000
vt 0.143688 0.927001 0.000000
vt 0.143688 0.970523 0.000000
vt 0.142217 0.927001 0.000000
vt 0.142217 0.970523 0.000000
vt 0.140746 0.927001 0.000000
vt 0.140746 0.970523 0.000000
vt 0.139275 0.927001 0.000000
vt 0.139275 0.970523 0.000000
vt 0.137804 0.927001 0.000000
vt 0.137804 0.970523 0.000000
vt 0.136333 0.927001 0.000000
vt 0.136333 0.970523 0.000000
vt 0.134863 0.927001 0.000000
vt 0.134863 0.970523 0.000000
vt 0.133392 0.927001 0.000000
vt 0.133392 0.970523 0.000000
vt 0.131921 0.927001 0.000000
vt 0.131921 0.970523 0.000000
vt 0.130450 0.927001 0.000000
vt 0.130450 0.970523 0.000000
vt 0.128979 0.927001 0.000000
vt 0.128979 0.970523 0.000000
vt 0.127509 0.927001 0.000000
vt 0.127509 0.970523 0.000000
vt 0.126038 0.927001 0.000000
vt 0.126038 0.970523 0.000000
vt 0.124567 0.927001 0.000000
vt 0.124567 0.970523 0.000000
vt 0.123096 0.927001 0.000000
vt 0.123096 0.970523 0.000000
vt 0.121625 0.927001 0.000000
vt 0.121625 0.970523 0.000000
vt 0.120154 0.927001 0.000000
vt 0.120154 0.970523 0.000000
vt 0.118684 0.927001 0.000000
vt 0.118684 0.970523 0.000000
vt 0.117213 0.927001 0.000000
vt 0.117213 0.970523 0.000000
vt 0.115742 0.927001 0.000000
vt 0.115742 0.970523 0.000000
vt 0.114271 0.927001 0.000000
vt 0.114271 0.970523 0.000000
vt 0.112800 0.927001 0.000000
vt 0.112800 0.970523 0.000000
vt 0.111330 0.927001 0.000000
vt 0.111330 0.970523 0.000000
vt 0.109859 0.927001 0.000000
vt 0.109859 0.970523 0.000000
vt 0.108388 0.927001 0.000000
vt 0.108388 0.970523 0.000000
vt 0.106917 0.927001 0.000000
vt 0.106917 0.970523 0.000000
vt 0.105446 0.927001 0.000000
vt 0.105446 0.970523 0.000000
vt 0.103975 0.927001 0.000000
vt 0.103975 0.970523 0.000000
vt 0.102505 0.927001 0.000000
vt 0.102505 0.970523 0.000000
vt 0.101034 0.927001 0.000000
vt 0.101034 0.970523 0.000000
vt 0.099563 0.927001 0.000000
vt 0.099563 0.970523 0.000000
vt 0.098092 0.927001 0.000000
vt 0.098092 0.970523 0.000000
vt 0.096621 0.927001 0.000000
vt 0.096621 0.970523 0.000000
vt 0.095151 0.927001 0.000000
vt 0.095151 0.970523 0.000000
vt 0.093680 0.927001 0.000000
vt 0.093680 0.970523 0.000000
vt 0.092209 0.927001 0.000000
vt 0.092209 0.970523 0.000000
vt 0.090738 0.927001 0.000000
vt 0.090738 0.970523 0.000000
vt 0.089267 0.927001 0.000000
vt 0.089267 0.970523 0.000000
vt 0.087796 0.927001 0.000000
vt 0.087796 0.970523 0.000000
vt 0.086326 0.927001 0.000000
vt 0.086326 0.970523 0.000000
vt 0.084855 0.927001 0.000000
vt 0.084855 0.970523 0.000000
vt 0.083384 0.927001 0.000000
vt 0.083384 0.970523 0.000000
vt 0.081913 0.927001 0.000000
vt 0.081913 0.970523 0.000000
vt 0.080442 0.927001 0.000000
vt 0.080442 0.970523 0.000000
vt 0.078972 0.927001 0.000000
vt 0.078972 0.970523 0.000000
vt 0.077501 0.927001 0.000000
vt 0.077501 0.970523 0.000000
vt 0.076030 0.927001 0.000000
vt 0.076030 0.970523 0.000000
vt 0.074559 0.927001 0.000000
vt 0.074559 0.970523 0.000000
vt 0.073088 0.927001 0.000000
vt 0.073088 0.970523 0.000000
vt 0.071617 0.927001 0.000000
vt 0.071617 0.970523 0.000000
vt 0.070147 0.927001 0.000000
vt 0.070147 0.970523 0.000000
vt 0.068676 0.927001 0.000000
vt 0.068676 0.970523 0.000000
vt 0.067205 0.927001 0.000000
vt 0.067205 0.970523 0.000000
vt 0.065734 0.927001 0.000000
vt 0.065734 0.970523 0.000000
vt 0.064263 0.927001 0.000000
vt 0.064263 0.970523 0.000000
vt 0.062793 0.927001 0.000000
vt 0.062793 0.970523 0.000000
vt 0.061322 0.927001 0.000000
vt 0.061322 0.970523 0.000000
vt 0.059851 0.927001 0.000000
vt 0.059851 0.970523 0.000000
vt 0.058380 0.927001 0.000000
vt 0.058380 0.970523 0.000000
vt 0.056909 0.927001 0.000000
vt 0.056909 0.970523 0.000000
vt 0.055438 0.927001 0.000000
vt 0.055438 0.970523 0.000000
vt 0.053968 0.927001 0.000000
vt 0.053968 0.970523 0.000000
vt 0.052497 0.927001 0.000000
vt 0.052497 0.970523 0.000000
vt 0.051026 0.927001 0.000000
vt 0.051026 0.970523 0.000000
vt 0.049555 0.927001 0.000000
vt 0.049555 0.970523 0.000000
vt 0.048084 0.927001 0.000000
vt 0.048084 0.970523 0.000000
vt 0.046613 0.927001 0.000000
vt 0.046613 0.970523 0.000000
vt 0.045143 0.927001 0.000000
vt 0.045143 0.970523 0.000000
vt 0.043672 0.927001 0.000000
vt 0.043672 0.970523 0.000000
vt 0.042201 0.927001 0.000000
vt 0.042201 0.970523 0.000000
vt 0.040730 0.927001 0.000000
vt 0.040730 0.970523 0.000000
vt 0.039259 0.927001 0.000000
vt 0.039259 0.970523 0.000000
vt 0.037789 0.927001 0.000000
vt 0.037789 0.970523 0.000000
vt 0.036318 0.927001 0.000000
vt 0.036318 0.970523 0.000000
vt 0.034847 0.927001 0.000000
vt 0.034847 0.970523 0.000000
vt 0.033376 0.927001 0.000000
vt 0.033376 0.970523 0.000000
vt 0.031905 0.927001 0.000000
vt 0.031905 0.970523 0.000000
vt 0.106956 0.665172 0.000000
vt 0.106956 0.635046 0.000000
vt 0.105755 0.635046 0.000000
vt 0.105755 0.665172 0.000000
vt 0.224613 0.665172 0.000000
vt 0.224613 0.635046 0.000000
vt 0.223412 0.635046 0.000000
vt 0.223412 0.665172 0.000000
vt 0.222212 0.635046 0.000000
vt 0.222212 0.665172 0.000000
vt 0.221011 0.635046 0.000000
vt 0.221011 0.665172 0.000000
vt 0.219811 0.635046 0.000000
vt 0.219811 0.665172 0.000000
vt 0.218610 0.635046 0.000000
vt 0.218610 0.665172 0.000000
vt 0.217409 0.635046 0.000000
vt 0.217409 0.665172 0.000000
vt 0.216209 0.635046 0.000000
vt 0.216209 0.665172 0.000000
vt 0.215008 0.635046 0.000000
vt 0.215008 0.665172 0.000000
vt 0.213808 0.635046 0.000000
vt 0.213808 0.665172 0.000000
vt 0.212607 0.635046 0.000000
vt 0.212607 0.665172 0.000000
vt 0.211407 0.635046 0.000000
vt 0.211407 0.665172 0.000000
vt 0.210206 0.635046 0.000000
vt 0.210206 0.665172 0.000000
vt 0.209005 0.635046 0.000000
vt 0.209005 0.665172 0.000000
vt 0.207805 0.635046 0.000000
vt 0.207805 0.665172 0.000000
vt 0.206604 0.635046 0.000000
vt 0.206604 0.665172 0.000000
vt 0.205404 0.635046 0.000000
vt 0.205404 0.665172 0.000000
vt 0.204203 0.635046 0.000000
vt 0.204203 0.665172 0.000000
vt 0.203002 0.635046 0.000000
vt 0.203002 0.665172 0.000000
vt 0.201802 0.635046 0.000000
vt 0.201802 0.665172 0.000000
vt 0.200601 0.635046 0.000000
vt 0.200601 0.665172 0.000000
vt 0.199401 0.635046 0.000000
vt 0.199401 0.665172 0.000000
vt 0.198200 0.635046 0.000000
vt 0.198200 0.665172 0.000000
vt 0.197000 0.635046 0.000000
vt 0.197000 0.665172 0.000000
vt 0.195799 0.635046 0.000000
vt 0.195799 0.665172 0.000000
vt 0.194598 0.635046 0.000000
vt 0.194598 0.665172 0.000000
vt 0.193398 0.635046 0.000000
vt 0.193398 0.665172 0.000000
vt 0.192197 0.635046 0.000000
vt 0.192197 0.665172 0.000000
vt 0.190997 0.635046 0.000000
vt 0.190997 0.665172 0.000000
vt 0.189796 0.635046 0.000000
vt 0.189796 0.665172 0.000000
vt 0.188595 0.635046 0.000000
vt 0.188595 0.665172 0.000000
vt 0.187395 0.635046 0.000000
vt 0.187395 0.665172 0.000000
vt 0.186194 0.635046 0.000000
vt 0.186194 0.665172 0.000000
vt 0.184994 0.635046 0.000000
vt 0.184994 0.665172 0.000000
vt 0.183793 0.635046 0.000000
vt 0.183793 0.665172 0.000000
vt 0.182593 0.635046 0.000000
vt 0.182593 0.665172 0.000000
vt 0.181392 0.635046 0.000000
vt 0.181392 0.665172 0.000000
vt 0.180191 0.635046 0.000000
vt 0.180191 0.665172 0.000000
vt 0.178991 0.635046 0.000000
vt 0.178991 0.665172 0.000000
vt 0.177790 0.635046 0.000000
vt 0.177790 0.665172 0.000000
vt 0.176590 0.635046 0.000000
vt 0.176590 0.665172 0.000000
vt 0.175389 0.635046 0.000000
vt 0.175389 0.665172 0.000000
vt 0.174188 0.635046 0.000000
vt 0.174188 0.665172 0.000000
vt 0.172988 0.635046 0.000000
vt 0.172988 0.665172 0.000000
vt 0.171787 0.635046 0.000000
vt 0.171787 0.665172 0.000000
vt 0.170587 0.635046 0.000000
vt 0.170587 0.665172 0.000000
vt 0.169386 0.635046 0.000000
vt 0.169386 0.665172 0.000000
vt 0.168186 0.635046 0.000000
vt 0.168186 0.665172 0.000000
vt 0.166985 0.635046 0.000000
vt 0.166985 0.665172 0.000000
vt 0.165784 0.635046 0.000000
vt 0.165784 0.665172 0.000000
vt 0.164584 0.635046 0.000000
vt 0.164584 0.665172 0.000000
vt 0.163383 0.635046 0.000000
vt 0.163383 0.665172 0.000000
vt 0.162183 0.635046 0.000000
vt 0.162183 0.665172 0.000000
vt 0.160982 0.635046 0.000000
vt 0.160982 0.665172 0.000000
vt 0.159781 0.635046 0.000000
vt 0.159781 0.665172 0.000000
vt 0.158581 0.635046 0.000000
vt 0.158581 0.665172 0.000000
vt 0.157380 0.635046 0.000000
vt 0.157380 0.665172 0.000000
vt 0.156180 0.635046 0.000000
vt 0.156180 0.665172 0.000000
vt 0.154979 0.635046 0.000000
vt 0.154979 0.665172 0.000000
vt 0.153779 0.635046 0.000000
vt 0.153779 0.665172 0.000000
vt 0.152578 0.635046 0.000000
vt 0.152578 0.665172 0.000000
vt 0.151377 0.635046 0.000000
vt 0.151377 0.665172 0.000000
vt 0.150177 0.635046 0.000000
vt 0.150177 0.665172 0.000000
vt 0.148976 0.635046 0.000000
vt 0.148976 0.665172 0.000000
vt 0.147776 0.635046 0.000000
vt 0.147776 0.665172 0.000000
vt 0.146575 0.635046 0.000000
vt 0.146575 0.665172 0.000000
vt 0.145374 0.635046 0.000000
vt 0.145374 0.665172 0.000000
vt 0.144174 0.635046 0.000000
vt 0.144174 0.665172 0.000000
vt 0.142973 0.635046 0.000000
vt 0.142973 0.665172 0.000000
vt 0.141773 0.635046 0.000000
vt 0.141773 0.665172 0.000000
vt 0.140572 0.635046 0.000000
vt 0.140572 0.665172 0.000000
vt 0.139372 0.635046 0.000000
vt 0.139372 0.665172 0.000000
vt 0.138171 0.635046 0.000000
vt 0.138171 0.665172 0.000000
vt 0.136970 0.635046 0.000000
vt 0.136970 0.665172 0.000000
vt 0.135770 0.635046 0.000000
vt 0.135770 0.665172 0.000000
vt 0.134569 0.635046 0.000000
vt 0.134569 0.665172 0.000000
vt 0.133369 0.635046 0.000000
vt 0.133369 0.665172 0.000000
vt 0.132168 0.635046 0.000000
vt 0.132168 0.665172 0.000000
vt 0.130967 0.635046 0.000000
vt 0.130967 0.665172 0.000000
vt 0.129767 0.635046 0.000000
vt 0.129767 0.665172 0.000000
vt 0.128566 0.635046 0.000000
vt 0.128566 0.665172 0.000000
vt 0.127366 0.635046 0.000000
vt 0.127366 0.665172 0.000000
vt 0.126165 0.635046 0.000000
vt 0.126165 0.665172 0.000000
vt 0.124965 0.635046 0.000000
vt 0.124965 0.665172 0.000000
vt 0.123764 0.635046 0.000000
vt 0.123764 0.665172 0.000000
vt 0.122563 0.635046 0.000000
vt 0.122563 0.665172 0.000000
vt 0.121363 0.635046 0.000000
vt 0.121363 0.665172 0.000000
vt 0.120162 0.635046 0.000000
vt 0.120162 0.665172 0.000000
vt 0.118962 0.635046 0.000000
vt 0.118962 0.665172 0.000000
vt 0.117761 0.635046 0.000000
vt 0.117761 0.665172 0.000000
vt 0.116560 0.635046 0.000000
vt 0.116560 0.665172 0.000000
vt 0.115360 0.635046 0.000000
vt 0.115360 0.665172 0.000000
vt 0.114159 0.635046 0.000000
vt 0.114159 0.665172 0.000000
vt 0.112959 0.635046 0.000000
vt 0.112959 0.665172 0.000000
vt 0.111758 0.635046 0.000000
vt 0.111758 0.665172 0.000000
vt 0.110558 0.635046 0.000000
vt 0.110558 0.665172 0.000000
vt 0.109357 0.635046 0.000000
vt 0.109357 0.665172 0.000000
vt 0.108156 0.635046 0.000000
vt 0.108156 0.665172 0.000000
vt 0.315855 0.709898 0.000000
vt 0.315855 0.698981 0.000000
vt 0.315107 0.698981 0.000000
vt 0.315107 0.709898 0.000000
vt 0.389106 0.709898 0.000000
vt 0.389106 0.698981 0.000000
vt 0.388358 0.698981 0.000000
vt 0.388358 0.709898 0.000000
vt 0.387611 0.698981 0.000000
vt 0.387611 0.709898 0.000000
vt 0.386863 0.698981 0.000000
vt 0.386863 0.709898 0.000000
vt 0.386116 0.698981 0.000000
vt 0.386116 0.709898 0.000000
vt 0.385368 0.698981 0.000000
vt 0.385368 0.709898 0.000000
vt 0.384621 0.698981 0.000000
vt 0.384621 0.709898 0.000000
vt 0.383873 0.698981 0.000000
vt 0.383873 0.709898 0.000000
vt 0.383126 0.698981 0.000000
vt 0.383126 0.709898 0.000000
vt 0.382378 0.698981 0.000000
vt 0.382378 0.709898 0.000000
vt 0.381631 0.698981 0.000000
vt 0.381631 0.709898 0.000000
vt 0.380884 0.698981 0.000000
vt 0.380884 0.709898 0.000000
vt 0.380136 0.698981 0.000000
vt 0.380136 0.709898 0.000000
vt 0.379389 0.698981 0.000000
vt 0.379389 0.709898 0.000000
vt 0.378641 0.698981 0.000000
vt 0.378641 0.709898 0.000000
vt 0.377894 0.698981 0.000000
vt 0.377894 0.709898 0.000000
vt 0.377146 0.698981 0.000000
vt 0.377146 0.709898 0.000000
vt 0.376399 0.698981 0.000000
vt 0.376399 0.709898 0.000000
vt 0.375651 0.698981 0.000000
vt 0.375651 0.709898 0.000000
vt 0.374904 0.698981 0.000000
vt 0.374904 0.709898 0.000000
vt 0.374156 0.698981 0.000000
vt 0.374156 0.709898 0.000000
vt 0.373409 0.698981 0.000000
vt 0.373409 0.709898 0.000000
vt 0.372662 0.698981 0.000000
vt 0.372662 0.709898 0.000000
vt 0.371914 0.698981 0.000000
vt 0.371914 0.709898 0.000000
vt 0.371167 0.698981 0.000000
vt 0.371167 0.709898 0.000000
vt 0.370419 0.698981 0.000000
vt 0.370419 0.709898 0.000000
vt 0.369672 0.698981 0.000000
vt 0.369672 0.709898 0.000000
vt 0.368924 0.698981 0.000000
vt 0.368924 0.709898 0.000000
vt 0.368177 0.698981 0.000000
vt 0.368177 0.709898 0.000000
vt 0.367429 0.698981 0.000000
vt 0.367429 0.709898 0.000000
vt 0.366682 0.698981 0.000000
vt 0.366682 0.709898 0.000000
vt 0.365934 0.698981 0.000000
vt 0.365934 0.709898 0.000000
vt 0.365187 0.698981 0.000000
vt 0.365187 0.709898 0.000000
vt 0.364440 0.698981 0.000000
vt 0.364440 0.709898 0.000000
vt 0.363692 0.698981 0.000000
vt 0.363692 0.709898 0.000000
vt 0.362945 0.698981 0.000000
vt 0.362945 0.709898 0.000000
vt 0.362197 0.698981 0.000000
vt 0.362197 0.709898 0.000000
vt 0.361450 0.698981 0.000000
vt 0.361450 0.709898 0.000000
vt 0.360702 0.698981 0.000000
vt 0.360702 0.709898 0.000000
vt 0.359955 0.698981 0.000000
vt 0.359955 0.709898 0.000000
vt 0.359207 0.698981 0.000000
vt 0.359207 0.709898 0.000000
vt 0.358460 0.698981 0.000000
vt 0.358460 0.709898 0.000000
vt 0.357712 0.698981 0.000000
vt 0.357712 0.709898 0.000000
vt 0.356965 0.698981 0.000000
vt 0.356965 0.709898 0.000000
vt 0.356217 0.698981 0.000000
vt 0.356217 0.709898 0.000000
vt 0.355470 0.698981 0.000000
vt 0.355470 0.709898 0.000000
vt 0.354723 0.698981 0.000000
vt 0.354723 0.709898 0.000000
vt 0.353975 0.698981 0.000000
vt 0.353975 0.709898 0.000000
vt 0.353228 0.698981 0.000000
vt 0.353228 0.709898 0.000000
vt 0.352480 0.698981 0.000000
vt 0.352480 0.709898 0.000000
vt 0.351733 0.698981 0.000000
vt 0.351733 0.709898 0.000000
vt 0.350985 0.698981 0.000000
vt 0.350985 0.709898 0.000000
vt 0.350238 0.698981 0.000000
vt 0.350238 0.709898 0.000000
vt 0.349490 0.698981 0.000000
vt 0.349490 0.709898 0.000000
vt 0.348743 0.698981 0.000000
vt 0.348743 0.709898 0.000000
vt 0.347995 0.698981 0.000000
vt 0.347995 0.709898 0.000000
vt 0.347248 0.698981 0.000000
vt 0.347248 0.709898 0.000000
vt 0.346501 0.698981 0.000000
vt 0.346501 0.709898 0.000000
vt 0.345753 0.698981 0.000000
vt 0.345753 0.709898 0.000000
vt 0.345006 0.698981 0.000000
vt 0.345006 0.709898 0.000000
vt 0.344258 0.698981 0.000000
vt 0.344258 0.709898 0.000000
vt 0.343511 0.698981 0.000000
vt 0.343511 0.709898 0.000000
vt 0.342763 0.698981 0.000000
vt 0.342763 0.709898 0.000000
vt 0.342016 0.698981 0.000000
vt 0.342016 0.709898 0.000000
vt 0.341268 0.698981 0.000000
vt 0.341268 0.709898 0.000000
vt 0.340521 0.698981 0.000000
vt 0.340521 0.709898 0.000000
vt 0.339773 0.698981 0.000000
vt 0.339773 0.709898 0.000000
vt 0.339026 0.698981 0.000000
vt 0.339026 0.709898 0.000000
vt 0.338279 0.698981 0.000000
vt 0.338279 0.709898 0.000000
vt 0.337531 0.698981 0.000000
vt 0.337531 0.709898 0.000000
vt 0.336784 0.698981 0.000000
vt 0.336784 0.709898 0.000000
vt 0.336036 0.698981 0.000000
vt 0.336036 0.709898 0.000000
vt 0.335289 0.698981 0.000000
vt 0.335289 0.709898 0.000000
vt 0.334541 0.698981 0.000000
vt 0.334541 0.709898 0.000000
vt 0.333794 0.698981 0.000000
vt 0.333794 0.709898 0.000000
vt 0.333046 0.698981 0.000000
vt 0.333046 0.709898 0.000000
vt 0.332299 0.698981 0.000000
vt 0.332299 0.709898 0.000000
vt 0.331551 0.698981 0.000000
vt 0.331551 0.709898 0.000000
vt 0.330804 0.698981 0.000000
vt 0.330804 0.709898 0.000000
vt 0.330056 0.698981 0.000000
vt 0.330056 0.709898 0.000000
vt 0.329309 0.698981 0.000000
vt 0.329309 0.709898 0.000000
vt 0.328562 0.698981 0.000000
vt 0.328562 0.709898 0.000000
vt 0.327814 0.698981 0.000000
vt 0.327814 0.709898 0.000000
vt 0.327067 0.698981 0.000000
vt 0.327067 0.709898 0.000000
vt 0.326319 0.698981 0.000000
vt 0.326319 0.709898 0.000000
vt 0.325572 0.698981 0.000000
vt 0.325572 0.709898 0.000000
vt 0.324824 0.698981 0.000000
vt 0.324824 0.709898 0.000000
vt 0.324077 0.698981 0.000000
vt 0.324077 0.709898 0.000000
vt 0.323329 0.698981 0.000000
vt 0.323329 0.709898 0.000000
vt 0.322582 0.698981 0.000000
vt 0.322582 0.709898 0.000000
vt 0.321834 0.698981 0.000000
vt 0.321834 0.709898 0.000000
vt 0.321087 0.698981 0.000000
vt 0.321087 0.709898 0.000000
vt 0.320340 0.698981 0.000000
vt 0.320340 0.709898 0.000000
vt 0.319592 0.698981 0.000000
vt 0.319592 0.709898 0.000000
vt 0.318845 0.698981 0.000000
vt 0.318845 0.709898 0.000000
vt 0.318097 0.698981 0.000000
vt 0.318097 0.709898 0.000000
vt 0.317350 0.698981 0.000000
vt 0.317350 0.709898 0.000000
vt 0.316602 0.698981 0.000000
vt 0.316602 0.709898 0.000000
vt 0.225908 0.531812 0.000000
vt 0.225908 0.674963 0.000000
vt 0.227783 0.674963 0.000000
vt 0.226441 0.531812 0.000000
vt 0.229658 0.674947 0.000000
vt 0.226973 0.531808 0.000000
vt 0.231533 0.674917 0.000000
vt 0.227505 0.531799 0.000000
vt 0.233407 0.674871 0.000000
vt 0.228038 0.531786 0.000000
vt 0.235281 0.674809 0.000000
vt 0.228570 0.531768 0.000000
vt 0.237155 0.674733 0.000000
vt 0.229102 0.531747 0.000000
vt 0.239027 0.674640 0.000000
vt 0.229634 0.531720 0.000000
vt 0.240899 0.674533 0.000000
vt 0.230166 0.531690 0.000000
vt 0.242770 0.674410 0.000000
vt 0.230697 0.531655 0.000000
vt 0.244640 0.674272 0.000000
vt 0.231228 0.531616 0.000000
vt 0.246508 0.674119 0.000000
vt 0.231759 0.531572 0.000000
vt 0.248375 0.673951 0.000000
vt 0.232289 0.531524 0.000000
vt 0.250241 0.673767 0.000000
vt 0.232818 0.531472 0.000000
vt 0.252104 0.673568 0.000000
vt 0.233348 0.531416 0.000000
vt 0.253966 0.673353 0.000000
vt 0.233877 0.531355 0.000000
vt 0.255826 0.673124 0.000000
vt 0.234405 0.531290 0.000000
vt 0.257683 0.672879 0.000000
vt 0.234932 0.531220 0.000000
vt 0.259539 0.672619 0.000000
vt 0.235459 0.531146 0.000000
vt 0.261392 0.672344 0.000000
vt 0.235985 0.531068 0.000000
vt 0.263242 0.672053 0.000000
vt 0.236511 0.530986 0.000000
vt 0.265090 0.671748 0.000000
vt 0.237036 0.530899 0.000000
vt 0.266934 0.671427 0.000000
vt 0.237560 0.530808 0.000000
vt 0.268776 0.671092 0.000000
vt 0.238083 0.530712 0.000000
vt 0.270615 0.670741 0.000000
vt 0.238605 0.530613 0.000000
vt 0.272450 0.670375 0.000000
vt 0.239126 0.530509 0.000000
vt 0.274282 0.669994 0.000000
vt 0.239646 0.530401 0.000000
vt 0.276110 0.669598 0.000000
vt 0.240165 0.530288 0.000000
vt 0.277935 0.669187 0.000000
vt 0.240684 0.530172 0.000000
vt 0.279755 0.668762 0.000000
vt 0.241201 0.530051 0.000000
vt 0.281572 0.668321 0.000000
vt 0.241717 0.529926 0.000000
vt 0.283385 0.667866 0.000000
vt 0.242231 0.529796 0.000000
vt 0.285193 0.667395 0.000000
vt 0.242745 0.529663 0.000000
vt 0.286997 0.666910 0.000000
vt 0.243257 0.529525 0.000000
vt 0.288796 0.666410 0.000000
vt 0.243768 0.529383 0.000000
vt 0.290591 0.665896 0.000000
vt 0.244278 0.529237 0.000000
vt 0.292381 0.665367 0.000000
vt 0.244786 0.529087 0.000000
vt 0.294166 0.664823 0.000000
vt 0.245293 0.528932 0.000000
vt 0.295945 0.664264 0.000000
vt 0.245799 0.528774 0.000000
vt 0.297720 0.663691 0.000000
vt 0.246303 0.528611 0.000000
vt 0.299489 0.663103 0.000000
vt 0.246805 0.528444 0.000000
vt 0.301253 0.662501 0.000000
vt 0.247306 0.528273 0.000000
vt 0.303011 0.661885 0.000000
vt 0.247805 0.528098 0.000000
vt 0.304763 0.661254 0.000000
vt 0.248303 0.527919 0.000000
vt 0.306509 0.660609 0.000000
vt 0.248799 0.527735 0.000000
vt 0.308250 0.659949 0.000000
vt 0.249293 0.527548 0.000000
vt 0.309984 0.659275 0.000000
vt 0.249786 0.527357 0.000000
vt 0.311712 0.658587 0.000000
vt 0.250276 0.527161 0.000000
vt 0.313433 0.657885 0.000000
vt 0.250765 0.526962 0.000000
vt 0.315148 0.657169 0.000000
vt 0.251252 0.526758 0.000000
vt 0.316849 0.656425 0.000000
vt 0.251735 0.526547 0.000000
vt 0.318543 0.655667 0.000000
vt 0.252216 0.526332 0.000000
vt 0.320229 0.654895 0.000000
vt 0.252695 0.526113 0.000000
vt 0.321909 0.654110 0.000000
vt 0.253172 0.525890 0.000000
vt 0.323580 0.653310 0.000000
vt 0.253647 0.525663 0.000000
vt 0.325245 0.652498 0.000000
vt 0.254120 0.525432 0.000000
vt 0.326901 0.651671 0.000000
vt 0.254590 0.525197 0.000000
vt 0.328550 0.650831 0.000000
vt 0.255058 0.524959 0.000000
vt 0.330190 0.649978 0.000000
vt 0.255524 0.524716 0.000000
vt 0.331823 0.649111 0.000000
vt 0.255988 0.524470 0.000000
vt 0.333447 0.648231 0.000000
vt 0.256449 0.524220 0.000000
vt 0.335063 0.647338 0.000000
vt 0.256908 0.523967 0.000000
vt 0.336670 0.646432 0.000000
vt 0.257364 0.523709 0.000000
vt 0.338269 0.645513 0.000000
vt 0.257819 0.523448 0.000000
vt 0.339859 0.644580 0.000000
vt 0.258270 0.523183 0.000000
vt 0.341440 0.643635 0.000000
vt 0.258719 0.522915 0.000000
vt 0.343012 0.642677 0.000000
vt 0.259166 0.522643 0.000000
vt 0.344575 0.641706 0.000000
vt 0.259609 0.522367 0.000000
vt 0.346129 0.640722 0.000000
vt 0.260051 0.522088 0.000000
vt 0.347673 0.639725 0.000000
vt 0.260489 0.521805 0.000000
vt 0.349208 0.638717 0.000000
vt 0.260925 0.521518 0.000000
vt 0.350733 0.637695 0.000000
vt 0.261358 0.521228 0.000000
vt 0.352249 0.636661 0.000000
vt 0.261789 0.520934 0.000000
vt 0.353755 0.635615 0.000000
vt 0.262217 0.520637 0.000000
vt 0.355251 0.634557 0.000000
vt 0.262641 0.520337 0.000000
vt 0.356737 0.633486 0.000000
vt 0.263063 0.520033 0.000000
vt 0.358213 0.632404 0.000000
vt 0.263483 0.519725 0.000000
vt 0.359678 0.631309 0.000000
vt 0.263899 0.519414 0.000000
vt 0.361133 0.630203 0.000000
vt 0.264312 0.519100 0.000000
vt 0.362578 0.629084 0.000000
vt 0.264722 0.518782 0.000000
vt 0.364012 0.627954 0.000000
vt 0.265130 0.518462 0.000000
vt 0.365435 0.626813 0.000000
vt 0.265534 0.518137 0.000000
vt 0.366848 0.625659 0.000000
vt 0.265935 0.517810 0.000000
vt 0.368250 0.624495 0.000000
vt 0.266333 0.517479 0.000000
vt 0.369640 0.623318 0.000000
vt 0.266728 0.517145 0.000000
vt 0.371020 0.622131 0.000000
vt 0.267120 0.516808 0.000000
vt 0.372388 0.620932 0.000000
vt 0.267508 0.516467 0.000000
vt 0.373745 0.619723 0.000000
vt 0.267894 0.516124 0.000000
vt 0.375090 0.618502 0.000000
vt 0.268276 0.515777 0.000000
vt 0.376424 0.617270 0.000000
vt 0.268655 0.515427 0.000000
vt 0.377746 0.616028 0.000000
vt 0.269030 0.515074 0.000000
vt 0.379057 0.614775 0.000000
vt 0.269402 0.514719 0.000000
vt 0.380355 0.613511 0.000000
vt 0.269771 0.514360 0.000000
vt 0.381642 0.612237 0.000000
vt 0.270137 0.513998 0.000000
vt 0.382917 0.610952 0.000000
vt 0.270499 0.513633 0.000000
vt 0.384179 0.609657 0.000000
vt 0.270857 0.513265 0.000000
vt 0.385429 0.608351 0.000000
vt 0.271212 0.512894 0.000000
vt 0.386667 0.607036 0.000000
vt 0.271564 0.512521 0.000000
vt 0.387893 0.605711 0.000000
vt 0.271912 0.512144 0.000000
vt 0.389106 0.604375 0.000000
vt 0.272256 0.511765 0.000000
vt 0.605688 0.511765 0.000000
vt 0.605688 0.713833 0.000000
vt 0.608901 0.713833 0.000000
vt 0.608901 0.511765 0.000000
vt 0.612114 0.713833 0.000000
vt 0.612114 0.511765 0.000000
vt 0.615327 0.713833 0.000000
vt 0.615327 0.511765 0.000000
vt 0.618541 0.713833 0.000000
vt 0.618541 0.511765 0.000000
vt 0.621754 0.713833 0.000000
vt 0.621754 0.511765 0.000000
vt 0.624967 0.713833 0.000000
vt 0.624967 0.511765 0.000000
vt 0.628180 0.713833 0.000000
vt 0.628180 0.511765 0.000000
vt 0.631393 0.713833 0.000000
vt 0.631393 0.511765 0.000000
vt 0.634607 0.713833 0.000000
vt 0.634607 0.511765 0.000000
vt 0.637820 0.713833 0.000000
vt 0.637820 0.511765 0.000000
vt 0.641033 0.713833 0.000000
vt 0.641033 0.511765 0.000000
vt 0.644246 0.713833 0.000000
vt 0.644246 0.511765 0.000000
vt 0.647460 0.713833 0.000000
vt 0.647460 0.511765 0.000000
vt 0.650673 0.713833 0.000000
vt 0.650673 0.511765 0.000000
vt 0.653886 0.713833 0.000000
vt 0.653886 0.511765 0.000000
vt 0.657099 0.713833 0.000000
vt 0.657099 0.511765 0.000000
vt 0.660313 0.713833 0.000000
vt 0.660313 0.511765 0.000000
vt 0.663526 0.713833 0.000000
vt 0.663526 0.511765 0.000000
vt 0.666739 0.713833 0.000000
vt 0.666739 0.511765 0.000000
vt 0.669952 0.713833 0.000000
vt 0.669952 0.511765 0.000000
vt 0.673166 0.713833 0.000000
vt 0.673166 0.511765 0.000000
vt 0.676379 0.713833 0.000000
vt 0.676379 0.511765 0.000000
vt 0.679592 0.713833 0.000000
vt 0.679592 0.511765 0.000000
vt 0.682805 0.713833 0.000000
vt 0.682805 0.511765 0.000000
vt 0.686019 0.713833 0.000000
vt 0.686019 0.511765 0.000000
vt 0.689232 0.713833 0.000000
vt 0.689232 0.511765 0.000000
vt 0.692445 0.713833 0.000000
vt 0.692445 0.511765 0.000000
vt 0.695658 0.713833 0.000000
vt 0.695658 0.511765 0.000000
vt 0.698871 0.713833 0.000000
vt 0.698871 0.511765 0.000000
vt 0.702085 0.713833 0.000000
vt 0.702085 0.511765 0.000000
vt 0.705298 0.713833 0.000000
vt 0.705298 0.511765 0.000000
vt 0.708511 0.713833 0.000000
vt 0.708511 0.511765 0.000000
vt 0.390401 0.511765 0.000000
vt 0.390401 0.713833 0.000000
vt 0.393614 0.713833 0.000000
vt 0.393614 0.511765 0.000000
vt 0.396827 0.713833 0.000000
vt 0.396827 0.511765 0.000000
vt 0.400040 0.713833 0.000000
vt 0.400040 0.511765 0.000000
vt 0.403254 0.713833 0.000000
vt 0.403254 0.511765 0.000000
vt 0.406467 0.713833 0.000000
vt 0.406467 0.511765 0.000000
vt 0.409680 0.713833 0.000000
vt 0.409680 0.511765 0.000000
vt 0.412893 0.713833 0.000000
vt 0.412893 0.511765 0.000000
vt 0.416107 0.713833 0.000000
vt 0.416107 0.511765 0.000000
vt 0.419320 0.713833 0.000000
vt 0.419320 0.511765 0.000000
vt 0.422533 0.713833 0.000000
vt 0.422533 0.511765 0.000000
vt 0.425746 0.713833 0.000000
vt 0.425746 0.511765 0.000000
vt 0.428960 0.713833 0.000000
vt 0.428960 0.511765 0.000000
vt 0.432173 0.713833 0.000000
vt 0.432173 0.511765 0.000000
vt 0.435386 0.713833 0.000000
vt 0.435386 0.511765 0.000000
vt 0.438599 0.713833 0.000000
vt 0.438599 0.511765 0.000000
vt 0.441813 0.713833 0.000000
vt 0.441813 0.511765 0.000000
vt 0.445026 0.713833 0.000000
vt 0.445026 0.511765 0.000000
vt 0.448239 0.713833 0.000000
vt 0.448239 0.511765 0.000000
vt 0.451452 0.713833 0.000000
vt 0.451452 0.511765 0.000000
vt 0.454665 0.713833 0.000000
vt 0.454665 0.511765 0.000000
vt 0.457879 0.713833 0.000000
vt 0.457879 0.511765 0.000000
vt 0.461092 0.713833 0.000000
vt 0.461092 0.511765 0.000000
vt 0.464305 0.713833 0.000000
vt 0.464305 0.511765 0.000000
vt 0.467518 0.713833 0.000000
vt 0.467518 0.511765 0.000000
vt 0.470732 0.713833 0.000000
vt 0.470732 0.511765 0.000000
vt 0.473945 0.713833 0.000000
vt 0.473945 0.511765 0.000000
vt 0.477158 0.713833 0.000000
vt 0.477158 0.511765 0.000000
vt 0.480371 0.713833 0.000000
vt 0.480371 0.511765 0.000000
vt 0.483585 0.713833 0.000000
vt 0.483585 0.511765 0.000000
vt 0.486798 0.713833 0.000000
vt 0.486798 0.511765 0.000000
vt 0.490011 0.713833 0.000000
vt 0.490011 0.511765 0.000000
vt 0.493224 0.713833 0.000000
vt 0.493224 0.511765 0.000000
vt 0.496438 0.713833 0.000000
vt 0.496438 0.511765 0.000000
vt 0.499651 0.713833 0.000000
vt 0.499651 0.511765 0.000000
vt 0.502864 0.713833 0.000000
vt 0.502864 0.511765 0.000000
vt 0.506077 0.713833 0.000000
vt 0.506077 0.511765 0.000000
vt 0.509291 0.713833 0.000000
vt 0.509291 0.511765 0.000000
vt 0.512504 0.713833 0.000000
vt 0.512504 0.511765 0.000000
vt 0.515717 0.713833 0.000000
vt 0.515717 0.511765 0.000000
vt 0.518930 0.713833 0.000000
vt 0.518930 0.511765 0.000000
vt 0.522143 0.713833 0.000000
vt 0.522143 0.511765 0.000000
vt 0.525357 0.713833 0.000000
vt 0.525357 0.511765 0.000000
vt 0.528570 0.713833 0.000000
vt 0.528570 0.511765 0.000000
vt 0.531783 0.713833 0.000000
vt 0.531783 0.511765 0.000000
vt 0.534996 0.713833 0.000000
vt 0.534996 0.511765 0.000000
vt 0.538210 0.713833 0.000000
vt 0.538210 0.511765 0.000000
vt 0.541423 0.713833 0.000000
vt 0.541423 0.511765 0.000000
vt 0.544636 0.713833 0.000000
vt 0.544636 0.511765 0.000000
vt 0.547849 0.713833 0.000000
vt 0.547849 0.511765 0.000000
vt 0.551063 0.713833 0.000000
vt 0.551063 0.511765 0.000000
vt 0.554276 0.713833 0.000000
vt 0.554276 0.511765 0.000000
vt 0.557489 0.713833 0.000000
vt 0.557489 0.511765 0.000000
vt 0.560702 0.713833 0.000000
vt 0.560702 0.511765 0.000000
vt 0.563916 0.713833 0.000000
vt 0.563916 0.511765 0.000000
vt 0.567129 0.713833 0.000000
vt 0.567129 0.511765 0.000000
vt 0.570342 0.713833 0.000000
vt 0.570342 0.511765 0.000000
vt 0.573555 0.713833 0.000000
vt 0.573555 0.511765 0.000000
vt 0.576769 0.713833 0.000000
vt 0.576769 0.511765 0.000000
vt 0.579982 0.713833 0.000000
vt 0.579982 0.511765 0.000000
vt 0.583195 0.713833 0.000000
vt 0.583195 0.511765 0.000000
vt 0.586408 0.713833 0.000000
vt 0.586408 0.511765 0.000000
vt 0.589621 0.713833 0.000000
vt 0.589621 0.511765 0.000000
vt 0.592835 0.713833 0.000000
vt 0.592835 0.511765 0.000000
vt 0.596048 0.713833 0.000000
vt 0.596048 0.511765 0.000000
vt 0.599261 0.713833 0.000000
vt 0.599261 0.511765 0.000000
vt 0.602474 0.713833 0.000000
vt 0.602474 0.511765 0.000000
vt 0.300226 0.971818 0.000000
vt 0.298719 0.971818 0.000000
vt 0.298719 0.992309 0.000000
vt 0.300226 0.992309 0.000000
vt 0.297212 0.971818 0.000000
vt 0.297212 0.992309 0.000000
vt 0.295705 0.971818 0.000000
vt 0.295705 0.992309 0.000000
vt 0.294198 0.971818 0.000000
vt 0.294198 0.992309 0.000000
vt 0.292691 0.971818 0.000000
vt 0.292691 0.992309 0.000000
vt 0.291184 0.971818 0.000000
vt 0.291184 0.992309 0.000000
vt 0.289677 0.971818 0.000000
vt 0.289677 0.992309 0.000000
vt 0.288170 0.971818 0.000000
vt 0.288170 0.992309 0.000000
vt 0.286662 0.971818 0.000000
vt 0.286662 0.992309 0.000000
vt 0.285155 0.971818 0.000000
vt 0.285155 0.992309 0.000000
vt 0.283648 0.971818 0.000000
vt 0.283648 0.992309 0.000000
vt 0.282141 0.971818 0.000000
vt 0.282141 0.992309 0.000000
vt 0.280634 0.971818 0.000000
vt 0.280634 0.992309 0.000000
vt 0.279127 0.971818 0.000000
vt 0.279127 0.992309 0.000000
vt 0.277620 0.971818 0.000000
vt 0.277620 0.992309 0.000000
vt 0.276113 0.971818 0.000000
vt 0.276113 0.992309 0.000000
vt 0.274606 0.971818 0.000000
vt 0.274606 0.992309 0.000000
vt 0.273098 0.971818 0.000000
vt 0.273098 0.992309 0.000000
vt 0.271591 0.971818 0.000000
vt 0.271591 0.992309 0.000000
vt 0.270084 0.971818 0.000000
vt 0.270084 0.992309 0.000000
vt 0.268577 0.971818 0.000000
vt 0.268577 0.992309 0.000000
vt 0.267070 0.971818 0.000000
vt 0.267070 0.992309 0.000000
vt 0.265563 0.971818 0.000000
vt 0.265563 0.992309 0.000000
vt 0.264056 0.971818 0.000000
vt 0.264056 0.992309 0.000000
vt 0.262549 0.971818 0.000000
vt 0.262549 0.992309 0.000000
vt 0.261042 0.971818 0.000000
vt 0.261042 0.992309 0.000000
vt 0.259534 0.971818 0.000000
vt 0.259534 0.992309 0.000000
vt 0.258027 0.971818 0.000000
vt 0.258027 0.992309 0.000000
vt 0.256520 0.971818 0.000000
vt 0.256520 0.992309 0.000000
vt 0.255013 0.971818 0.000000
vt 0.255013 0.992309 0.000000
vt 0.253506 0.971818 0.000000
vt 0.253506 0.992309 0.000000
vt 0.251999 0.971818 0.000000
vt 0.251999 0.992309 0.000000
vt 0.250492 0.971818 0.000000
vt 0.250492 0.992309 0.000000
vt 0.248985 0.971818 0.000000
vt 0.248985 0.992309 0.000000
vt 0.247478 0.971818 0.000000
vt 0.247478 0.992309 0.000000
vt 0.245970 0.971818 0.000000
vt 0.245970 0.992309 0.000000
vt 0.244463 0.971818 0.000000
vt 0.244463 0.992309 0.000000
vt 0.242956 0.971818 0.000000
vt 0.242956 0.992309 0.000000
vt 0.241449 0.971818 0.000000
vt 0.241449 0.992309 0.000000
vt 0.239942 0.971818 0.000000
vt 0.239942 0.992309 0.000000
vt 0.238435 0.971818 0.000000
vt 0.238435 0.992309 0.000000
vt 0.236928 0.971818 0.000000
vt 0.236928 0.992309 0.000000
vt 0.235421 0.971818 0.000000
vt 0.235421 0.992309 0.000000
vt 0.233914 0.971818 0.000000
vt 0.233914 0.992309 0.000000
vt 0.232406 0.971818 0.000000
vt 0.232406 0.992309 0.000000
vt 0.230899 0.971818 0.000000
vt 0.230899 0.992309 0.000000
vt 0.229392 0.971818 0.000000
vt 0.229392 0.992309 0.000000
vt 0.227885 0.971818 0.000000
vt 0.227885 0.992309 0.000000
vt 0.226378 0.971818 0.000000
vt 0.226378 0.992309 0.000000
vt 0.224871 0.971818 0.000000
vt 0.224871 0.992309 0.000000
vt 0.223364 0.971818 0.000000
vt 0.223364 0.992309 0.000000
vt 0.221857 0.971818 0.000000
vt 0.221857 0.992309 0.000000
vt 0.220349 0.971818 0.000000
vt 0.220349 0.992309 0.000000
vt 0.218842 0.971818 0.000000
vt 0.218842 0.992309 0.000000
vt 0.217335 0.971818 0.000000
vt 0.217335 0.992309 0.000000
vt 0.215828 0.971818 0.000000
vt 0.215828 0.992309 0.000000
vt 0.214321 0.971818 0.000000
vt 0.214321 0.992309 0.000000
vt 0.212814 0.971818 0.000000
vt 0.212814 0.992309 0.000000
vt 0.211307 0.971818 0.000000
vt 0.211307 0.992309 0.000000
vt 0.209800 0.971818 0.000000
vt 0.209800 0.992309 0.000000
vt 0.208293 0.971818 0.000000
vt 0.208293 0.992309 0.000000
vt 0.206786 0.971818 0.000000
vt 0.206786 0.992309 0.000000
vt 0.205278 0.971818 0.000000
vt 0.205278 0.992309 0.000000
vt 0.203771 0.971818 0.000000
vt 0.203771 0.992309 0.000000
vt 0.202264 0.971818 0.000000
vt 0.202264 0.992309 0.000000
vt 0.200757 0.971818 0.000000
vt 0.200757 0.992309 0.000000
vt 0.199250 0.971818 0.000000
vt 0.199250 0.992309 0.000000
vt 0.197743 0.971818 0.000000
vt 0.197743 0.992309 0.000000
vt 0.196236 0.971818 0.000000
vt 0.196236 0.992309 0.000000
vt 0.194729 0.971818 0.000000
vt 0.194729 0.992309 0.000000
vt 0.193221 0.971818 0.000000
vt 0.193221 0.992309 0.000000
vt 0.191714 0.971818 0.000000
vt 0.191714 0.992309 0.000000
vt 0.190207 0.971818 0.000000
vt 0.190207 0.992309 0.000000
vt 0.188700 0.971818 0.000000
vt 0.188700 0.992309 0.000000
vt 0.187193 0.971818 0.000000
vt 0.187193 0.992309 0.000000
vt 0.185686 0.971818 0.000000
vt 0.185686 0.992309 0.000000
vt 0.184179 0.971818 0.000000
vt 0.184179 0.992309 0.000000
vt 0.182672 0.971818 0.000000
vt 0.182672 0.992309 0.000000
vt 0.181165 0.971818 0.000000
vt 0.181165 0.992309 0.000000
vt 0.179657 0.971818 0.000000
vt 0.179657 0.992309 0.000000
vt 0.178150 0.971818 0.000000
vt 0.178150 0.992309 0.000000
vt 0.176643 0.971818 0.000000
vt 0.176643 0.992309 0.000000
vt 0.175136 0.971818 0.000000
vt 0.175136 0.992309 0.000000
vt 0.173629 0.971818 0.000000
vt 0.173629 0.992309 0.000000
vt 0.172122 0.971818 0.000000
vt 0.172122 0.992309 0.000000
vt 0.170615 0.971818 0.000000
vt 0.170615 0.992309 0.000000
vt 0.169108 0.971818 0.000000
vt 0.169108 0.992309 0.000000
vt 0.167601 0.971818 0.000000
vt 0.167601 0.992309 0.000000
vt 0.166093 0.971818 0.000000
vt 0.166093 0.992309 0.000000
vt 0.164586 0.971818 0.000000
vt 0.164586 0.992309 0.000000
vt 0.163079 0.971818 0.000000
vt 0.163079 0.992309 0.000000
vt 0.161572 0.971818 0.000000
vt 0.161572 0.992309 0.000000
vt 0.160065 0.971818 0.000000
vt 0.160065 0.992309 0.000000
vt 0.158558 0.971818 0.000000
vt 0.158558 0.992309 0.000000
vt 0.157051 0.971818 0.000000
vt 0.157051 0.992309 0.000000
vt 0.155544 0.971818 0.000000
vt 0.155544 0.992309 0.000000
vt 0.154037 0.971818 0.000000
vt 0.154037 0.992309 0.000000
vt 0.152529 0.971818 0.000000
vt 0.152529 0.992309 0.000000
vt 0.151022 0.971818 0.000000
vt 0.151022 0.992309 0.000000
vt 0.329011 0.992475 0.000000
vt 0.329011 0.989743 0.000000
vt 0.328244 0.989743 0.000000
vt 0.328244 0.992475 0.000000
vt 0.321991 0.986960 0.000000
vt 0.321991 0.984228 0.000000
vt 0.321224 0.984228 0.000000
vt 0.321224 0.986960 0.000000
vt 0.404239 0.992475 0.000000
vt 0.404239 0.989743 0.000000
vt 0.403472 0.989743 0.000000
vt 0.403472 0.992475 0.000000
vt 0.322759 0.986960 0.000000
vt 0.322759 0.984228 0.000000
vt 0.402704 0.989743 0.000000
vt 0.402704 0.992475 0.000000
vt 0.323527 0.986960 0.000000
vt 0.323527 0.984228 0.000000
vt 0.401937 0.989743 0.000000
vt 0.401937 0.992475 0.000000
vt 0.324294 0.986960 0.000000
vt 0.324294 0.984228 0.000000
vt 0.401169 0.989743 0.000000
vt 0.401169 0.992475 0.000000
vt 0.325062 0.986960 0.000000
vt 0.325062 0.984228 0.000000
vt 0.400401 0.989743 0.000000
vt 0.400401 0.992475 0.000000
vt 0.325830 0.986960 0.000000
vt 0.325830 0.984228 0.000000
vt 0.399634 0.989743 0.000000
vt 0.399634 0.992475 0.000000
vt 0.326597 0.986960 0.000000
vt 0.326597 0.984228 0.000000
vt 0.398866 0.989743 0.000000
vt 0.398866 0.992475 0.000000
vt 0.327365 0.986960 0.000000
vt 0.327365 0.984228 0.000000
vt 0.398098 0.989743 0.000000
vt 0.398098 0.992475 0.000000
vt 0.328133 0.986960 0.000000
vt 0.328133 0.984228 0.000000
vt 0.397331 0.989743 0.000000
vt 0.397331 0.992475 0.000000
vt 0.328900 0.986960 0.000000
vt 0.328900 0.984228 0.000000
vt 0.396563 0.989743 0.000000
vt 0.396563 0.992475 0.000000
vt 0.329668 0.986960 0.000000
vt 0.329668 0.984228 0.000000
vt 0.395796 0.989743 0.000000
vt 0.395796 0.992475 0.000000
vt 0.330436 0.986960 0.000000
vt 0.330436 0.984228 0.000000
vt 0.395028 0.989743 0.000000
vt 0.395028 0.992475 0.000000
vt 0.331203 0.986960 0.000000
vt 0.331203 0.984228 0.000000
vt 0.394260 0.989743 0.000000
vt 0.394260 0.992475 0.000000
vt 0.331971 0.986960 0.000000
vt 0.331971 0.984228 0.000000
vt 0.393493 0.989743 0.000000
vt 0.393493 0.992475 0.000000
vt 0.332739 0.986960 0.000000
vt 0.332739 0.984228 0.000000
vt 0.392725 0.989743 0.000000
vt 0.392725 0.992475 0.000000
vt 0.333506 0.986960 0.000000
vt 0.333506 0.984228 0.000000
vt 0.391957 0.989743 0.000000
vt 0.391957 0.992475 0.000000
vt 0.334274 0.986960 0.000000
vt 0.334274 0.984228 0.000000
vt 0.391190 0.989743 0.000000
vt 0.391190 0.992475 0.000000
vt 0.335042 0.986960 0.000000
vt 0.335042 0.984228 0.000000
vt 0.390422 0.989743 0.000000
vt 0.390422 0.992475 0.000000
vt 0.335809 0.986960 0.000000
vt 0.335809 0.984228 0.000000
vt 0.389654 0.989743 0.000000
vt 0.389654 0.992475 0.000000
vt 0.336577 0.986960 0.000000
vt 0.336577 0.984228 0.000000
vt 0.388887 0.989743 0.000000
vt 0.388887 0.992475 0.000000
vt 0.337345 0.986960 0.000000
vt 0.337345 0.984228 0.000000
vt 0.388119 0.989743 0.000000
vt 0.388119 0.992475 0.000000
vt 0.338112 0.986960 0.000000
vt 0.338112 0.984228 0.000000
vt 0.387352 0.989743 0.000000
vt 0.387352 0.992475 0.000000
vt 0.338880 0.986960 0.000000
vt 0.338880 0.984228 0.000000
vt 0.386584 0.989743 0.000000
vt 0.386584 0.992475 0.000000
vt 0.339648 0.986960 0.000000
vt 0.339648 0.984228 0.000000
vt 0.385816 0.989743 0.000000
vt 0.385816 0.992475 0.000000
vt 0.340415 0.986960 0.000000
vt 0.340415 0.984228 0.000000
vt 0.385049 0.989743 0.000000
vt 0.385049 0.992475 0.000000
vt 0.341183 0.986960 0.000000
vt 0.341183 0.984228 0.000000
vt 0.384281 0.989743 0.000000
vt 0.384281 0.992475 0.000000
vt 0.341951 0.986960 0.000000
vt 0.341951 0.984228 0.000000
vt 0.383513 0.989743 0.000000
vt 0.383513 0.992475 0.000000
vt 0.342718 0.986960 0.000000
vt 0.342718 0.984228 0.000000
vt 0.382746 0.989743 0.000000
vt 0.382746 0.992475 0.000000
vt 0.343486 0.986960 0.000000
vt 0.343486 0.984228 0.000000
vt 0.381978 0.989743 0.000000
vt 0.381978 0.992475 0.000000
vt 0.344254 0.986960 0.000000
vt 0.344254 0.984228 0.000000
vt 0.381211 0.989743 0.000000
vt 0.381211 0.992475 0.000000
vt 0.345021 0.986960 0.000000
vt 0.345021 0.984228 0.000000
vt 0.380443 0.989743 0.000000
vt 0.380443 0.992475 0.000000
vt 0.345789 0.986960 0.000000
vt 0.345789 0.984228 0.000000
vt 0.379675 0.989743 0.000000
vt 0.379675 0.992475 0.000000
vt 0.346557 0.986960 0.000000
vt 0.346557 0.984228 0.000000
vt 0.378908 0.989743 0.000000
vt 0.378908 0.992475 0.000000
vt 0.347324 0.986960 0.000000
vt 0.347324 0.984228 0.000000
vt 0.378140 0.989743 0.000000
vt 0.378140 0.992475 0.000000
vt 0.348092 0.986960 0.000000
vt 0.348092 0.984228 0.000000
vt 0.377372 0.989743 0.000000
vt 0.377372 0.992475 0.000000
vt 0.348860 0.986960 0.000000
vt 0.348860 0.984228 0.000000
vt 0.376605 0.989743 0.000000
vt 0.376605 0.992475 0.000000
vt 0.349627 0.986960 0.000000
vt 0.349627 0.984228 0.000000
vt 0.375837 0.989743 0.000000
vt 0.375837 0.992475 0.000000
vt 0.350395 0.986960 0.000000
vt 0.350395 0.984228 0.000000
vt 0.375069 0.989743 0.000000
vt 0.375069 0.992475 0.000000
vt 0.351163 0.986960 0.000000
vt 0.351163 0.984228 0.000000
vt 0.374302 0.989743 0.000000
vt 0.374302 0.992475 0.000000
vt 0.351930 0.986960 0.000000
vt 0.351930 0.984228 0.000000
vt 0.373534 0.989743 0.000000
vt 0.373534 0.992475 0.000000
vt 0.352698 0.986960 0.000000
vt 0.352698 0.984228 0.000000
vt 0.372767 0.989743 0.000000
vt 0.372767 0.992475 0.000000
vt 0.353466 0.986960 0.000000
vt 0.353466 0.984228 0.000000
vt 0.371999 0.989743 0.000000
vt 0.371999 0.992475 0.000000
vt 0.354233 0.986960 0.000000
vt 0.354233 0.984228 0.000000
vt 0.371231 0.989743 0.000000
vt 0.371231 0.992475 0.000000
vt 0.355001 0.986960 0.000000
vt 0.355001 0.984228 0.000000
vt 0.370464 0.989743 0.000000
vt 0.370464 0.992475 0.000000
vt 0.355769 0.986960 0.000000
vt 0.355769 0.984228 0.000000
vt 0.369696 0.989743 0.000000
vt 0.369696 0.992475 0.000000
vt 0.356536 0.986960 0.000000
vt 0.356536 0.984228 0.000000
vt 0.368928 0.989743 0.000000
vt 0.368928 0.992475 0.000000
vt 0.357304 0.986960 0.000000
vt 0.357304 0.984228 0.000000
vt 0.368161 0.989743 0.000000
vt 0.368161 0.992475 0.000000
vt 0.358072 0.986960 0.000000
vt 0.358072 0.984228 0.000000
vt 0.367393 0.989743 0.000000
vt 0.367393 0.992475 0.000000
vt 0.358839 0.986960 0.000000
vt 0.358839 0.984228 0.000000
vt 0.366625 0.989743 0.000000
vt 0.366625 0.992475 0.000000
vt 0.359607 0.986960 0.000000
vt 0.359607 0.984228 0.000000
vt 0.365858 0.989743 0.000000
vt 0.365858 0.992475 0.000000
vt 0.360375 0.986960 0.000000
vt 0.360375 0.984228 0.000000
vt 0.365090 0.989743 0.000000
vt 0.365090 0.992475 0.000000
vt 0.361142 0.986960 0.000000
vt 0.361142 0.984228 0.000000
vt 0.364323 0.989743 0.000000
vt 0.364323 0.992475 0.000000
vt 0.361910 0.986960 0.000000
vt 0.361910 0.984228 0.000000
vt 0.363555 0.989743 0.000000
vt 0.363555 0.992475 0.000000
vt 0.362678 0.986960 0.000000
vt 0.362678 0.984228 0.000000
vt 0.362787 0.989743 0.000000
vt 0.362787 0.992475 0.000000
vt 0.363445 0.986960 0.000000
vt 0.363445 0.984228 0.000000
vt 0.362020 0.989743 0.000000
vt 0.362020 0.992475 0.000000
vt 0.364213 0.986960 0.000000
vt 0.364213 0.984228 0.000000
vt 0.361252 0.989743 0.000000
vt 0.361252 0.992475 0.000000
vt 0.364981 0.986960 0.000000
vt 0.364981 0.984228 0.000000
vt 0.360484 0.989743 0.000000
vt 0.360484 0.992475 0.000000
vt 0.365748 0.986960 0.000000
vt 0.365748 0.984228 0.000000
vt 0.359717 0.989743 0.000000
vt 0.359717 0.992475 0.000000
vt 0.366516 0.986960 0.000000
vt 0.366516 0.984228 0.000000
vt 0.358949 0.989743 0.000000
vt 0.358949 0.992475 0.000000
vt 0.367284 0.986960 0.000000
vt 0.367284 0.984228 0.000000
vt 0.358182 0.989743 0.000000
vt 0.358182 0.992475 0.000000
vt 0.368051 0.986960 0.000000
vt 0.368051 0.984228 0.000000
vt 0.357414 0.989743 0.000000
vt 0.357414 0.992475 0.000000
vt 0.368819 0.986960 0.000000
vt 0.368819 0.984228 0.000000
vt 0.356646 0.989743 0.000000
vt 0.356646 0.992475 0.000000
vt 0.369587 0.986960 0.000000
vt 0.369587 0.984228 0.000000
vt 0.355879 0.989743 0.000000
vt 0.355879 0.992475 0.000000
vt 0.370354 0.986960 0.000000
vt 0.370354 0.984228 0.000000
vt 0.355111 0.989743 0.000000
vt 0.355111 0.992475 0.000000
vt 0.371122 0.986960 0.000000
vt 0.371122 0.984228 0.000000
vt 0.354343 0.989743 0.000000
vt 0.354343 0.992475 0.000000
vt 0.371890 0.986960 0.000000
vt 0.371890 0.984228 0.000000
vt 0.353576 0.989743 0.000000
vt 0.353576 0.992475 0.000000
vt 0.372657 0.986960 0.000000
vt 0.372657 0.984228 0.000000
vt 0.352808 0.989743 0.000000
vt 0.352808 0.992475 0.000000
vt 0.373425 0.986960 0.000000
vt 0.373425 0.984228 0.000000
vt 0.352040 0.989743 0.000000
vt 0.352040 0.992475 0.000000
vt 0.374193 0.986960 0.000000
vt 0.374193 0.984228 0.000000
vt 0.351273 0.989743 0.000000
vt 0.351273 0.992475 0.000000
vt 0.374960 0.986960 0.000000
vt 0.374960 0.984228 0.000000
vt 0.350505 0.989743 0.000000
vt 0.350505 0.992475 0.000000
vt 0.375728 0.986960 0.000000
vt 0.375728 0.984228 0.000000
vt 0.349738 0.989743 0.000000
vt 0.349738 0.992475 0.000000
vt 0.376496 0.986960 0.000000
vt 0.376496 0.984228 0.000000
vt 0.348970 0.989743 0.000000
vt 0.348970 0.992475 0.000000
vt 0.377263 0.986960 0.000000
vt 0.377263 0.984228 0.000000
vt 0.348202 0.989743 0.000000
vt 0.348202 0.992475 0.000000
vt 0.378031 0.986960 0.000000
vt 0.378031 0.984228 0.000000
vt 0.347435 0.989743 0.000000
vt 0.347435 0.992475 0.000000
vt 0.378799 0.986960 0.000000
vt 0.378799 0.984228 0.000000
vt 0.346667 0.989743 0.000000
vt 0.346667 0.992475 0.000000
vt 0.379566 0.986960 0.000000
vt 0.379566 0.984228 0.000000
vt 0.345899 0.989743 0.000000
vt 0.345899 0.992475 0.000000
vt 0.380334 0.986960 0.000000
vt 0.380334 0.984228 0.000000
vt 0.345132 0.989743 0.000000
vt 0.345132 0.992475 0.000000
vt 0.381102 0.986960 0.000000
vt 0.381102 0.984228 0.000000
vt 0.344364 0.989743 0.000000
vt 0.344364 0.992475 0.000000
vt 0.381869 0.986960 0.000000
vt 0.381869 0.984228 0.000000
vt 0.343596 0.989743 0.000000
vt 0.343596 0.992475 0.000000
vt 0.382637 0.986960 0.000000
vt 0.382637 0.984228 0.000000
vt 0.342829 0.989743 0.000000
vt 0.342829 0.992475 0.000000
vt 0.383405 0.986960 0.000000
vt 0.383405 0.984228 0.000000
vt 0.342061 0.989743 0.000000
vt 0.342061 0.992475 0.000000
vt 0.384172 0.986960 0.000000
vt 0.384172 0.984228 0.000000
vt 0.341294 0.989743 0.000000
vt 0.341294 0.992475 0.000000
vt 0.384940 0.986960 0.000000
vt 0.384940 0.984228 0.000000
vt 0.340526 0.989743 0.000000
vt 0.340526 0.992475 0.000000
vt 0.385708 0.986960 0.000000
vt 0.385708 0.984228 0.000000
vt 0.339758 0.989743 0.000000
vt 0.339758 0.992475 0.000000
vt 0.386475 0.986960 0.000000
vt 0.386475 0.984228 0.000000
vt 0.338991 0.989743 0.000000
vt 0.338991 0.992475 0.000000
vt 0.387243 0.986960 0.000000
vt 0.387243 0.984228 0.000000
vt 0.338223 0.989743 0.000000
vt 0.338223 0.992475 0.000000
vt 0.388011 0.986960 0.000000
vt 0.388011 0.984228 0.000000
vt 0.337455 0.989743 0.000000
vt 0.337455 0.992475 0.000000
vt 0.388778 0.986960 0.000000
vt 0.388778 0.984228 0.000000
vt 0.336688 0.989743 0.000000
vt 0.336688 0.992475 0.000000
vt 0.389546 0.986960 0.000000
vt 0.389546 0.984228 0.000000
vt 0.335920 0.989743 0.000000
vt 0.335920 0.992475 0.000000
vt 0.390314 0.986960 0.000000
vt 0.390314 0.984228 0.000000
vt 0.335153 0.989743 0.000000
vt 0.335153 0.992475 0.000000
vt 0.391081 0.986960 0.000000
vt 0.391081 0.984228 0.000000
vt 0.334385 0.989743 0.000000
vt 0.334385 0.992475 0.000000
vt 0.391849 0.986960 0.000000
vt 0.391849 0.984228 0.000000
vt 0.333617 0.989743 0.000000
vt 0.333617 0.992475 0.000000
vt 0.392617 0.986960 0.000000
vt 0.392617 0.984228 0.000000
vt 0.332850 0.989743 0.000000
vt 0.332850 0.992475 0.000000
vt 0.393384 0.986960 0.000000
vt 0.393384 0.984228 0.000000
vt 0.332082 0.989743 0.000000
vt 0.332082 0.992475 0.000000
vt 0.394152 0.986960 0.000000
vt 0.394152 0.984228 0.000000
vt 0.331314 0.989743 0.000000
vt 0.331314 0.992475 0.000000
vt 0.394920 0.986960 0.000000
vt 0.394920 0.984228 0.000000
vt 0.330547 0.989743 0.000000
vt 0.330547 0.992475 0.000000
vt 0.395687 0.986960 0.000000
vt 0.395687 0.984228 0.000000
vt 0.329779 0.989743 0.000000
vt 0.329779 0.992475 0.000000
vt 0.396455 0.986960 0.000000
vt 0.396455 0.984228 0.000000
vt 0.397223 0.986960 0.000000
vt 0.397223 0.984228 0.000000
vt 0.139086 0.211786 0.000000
vt 0.964184 0.211786 0.000000
vt 0.964184 0.206636 0.000000
vt 0.139086 0.206636 0.000000
vt 0.139086 0.216936 0.000000
vt 0.964184 0.216936 0.000000
vt 0.139086 0.222086 0.000000
vt 0.964184 0.222086 0.000000
vt 0.139086 0.227235 0.000000
vt 0.964184 0.227235 0.000000
vt 0.139086 0.232385 0.000000
vt 0.964184 0.232385 0.000000
vt 0.139086 0.237535 0.000000
vt 0.964184 0.237535 0.000000
vt 0.139086 0.242684 0.000000
vt 0.964184 0.242684 0.000000
vt 0.139086 0.247834 0.000000
vt 0.964184 0.247834 0.000000
vt 0.139086 0.252984 0.000000
vt 0.964184 0.252984 0.000000
vt 0.139086 0.258134 0.000000
vt 0.964184 0.258134 0.000000
vt 0.139086 0.263283 0.000000
vt 0.964184 0.263283 0.000000
vt 0.139086 0.268433 0.000000
vt 0.964184 0.268433 0.000000
vt 0.139086 0.273583 0.000000
vt 0.964184 0.273583 0.000000
vt 0.139086 0.278733 0.000000
vt 0.964184 0.278733 0.000000
vt 0.139086 0.283882 0.000000
vt 0.964184 0.283882 0.000000
vt 0.139086 0.289032 0.000000
vt 0.964184 0.289032 0.000000
vt 0.139086 0.294182 0.000000
vt 0.964184 0.294182 0.000000
vt 0.139086 0.299331 0.000000
vt 0.964184 0.299331 0.000000
vt 0.139086 0.304481 0.000000
vt 0.964184 0.304481 0.000000
vt 0.139086 0.309631 0.000000
vt 0.964184 0.309631 0.000000
vt 0.139086 0.314781 0.000000
vt 0.964184 0.314781 0.000000
vt 0.139086 0.319930 0.000000
vt 0.964184 0.319930 0.000000
vt 0.139086 0.325080 0.000000
vt 0.964184 0.325080 0.000000
vt 0.139086 0.330230 0.000000
vt 0.964184 0.330230 0.000000
vt 0.139086 0.335379 0.000000
vt 0.964184 0.335379 0.000000
vt 0.139086 0.340529 0.000000
vt 0.964184 0.340529 0.000000
vt 0.139086 0.345679 0.000000
vt 0.964184 0.345679 0.000000
vt 0.139086 0.350829 0.000000
vt 0.964184 0.350829 0.000000
vt 0.139086 0.355978 0.000000
vt 0.964184 0.355978 0.000000
vt 0.139086 0.361128 0.000000
vt 0.964184 0.361128 0.000000
vt 0.139086 0.366278 0.000000
vt 0.964184 0.366278 0.000000
vt 0.139086 0.371427 0.000000
vt 0.964184 0.371427 0.000000
vt 0.139086 0.376577 0.000000
vt 0.964184 0.376577 0.000000
vt 0.139086 0.381727 0.000000
vt 0.964184 0.381727 0.000000
vt 0.139086 0.386877 0.000000
vt 0.964184 0.386877 0.000000
vt 0.139086 0.392026 0.000000
vt 0.964184 0.392026 0.000000
vt 0.139086 0.397176 0.000000
vt 0.964184 0.397176 0.000000
vt 0.139086 0.402326 0.000000
vt 0.964184 0.402326 0.000000
vt 0.139086 0.407475 0.000000
vt 0.964184 0.407475 0.000000
vt 0.139086 0.412625 0.000000
vt 0.964184 0.412625 0.000000
vt 0.139086 0.417775 0.000000
vt 0.964184 0.417775 0.000000
vt 0.139086 0.422925 0.000000
vt 0.964184 0.422925 0.000000
vt 0.139086 0.428074 0.000000
vt 0.964184 0.428074 0.000000
vt 0.139086 0.433224 0.000000
vt 0.964184 0.433224 0.000000
vt 0.139086 0.438374 0.000000
vt 0.964184 0.438374 0.000000
vt 0.139086 0.443524 0.000000
vt 0.964184 0.443524 0.000000
vt 0.139086 0.448673 0.000000
vt 0.964184 0.448673 0.000000
vt 0.139086 0.453823 0.000000
vt 0.964184 0.453823 0.000000
vt 0.139086 0.458973 0.000000
vt 0.964184 0.458973 0.000000
vt 0.139086 0.464122 0.000000
vt 0.964184 0.464122 0.000000
vt 0.139086 0.469272 0.000000
vt 0.964184 0.469272 0.000000
vt 0.139086 0.474422 0.000000
vt 0.964184 0.474422 0.000000
vt 0.139086 0.479572 0.000000
vt 0.964184 0.479572 0.000000
vt 0.139086 0.484721 0.000000
vt 0.964184 0.484721 0.000000
vt 0.139086 0.489871 0.000000
vt 0.964184 0.489871 0.000000
vt 0.139086 0.495021 0.000000
vt 0.964184 0.495021 0.000000
vt 0.139086 0.500170 0.000000
vt 0.964184 0.500170 0.000000
vt 0.139086 0.505320 0.000000
vt 0.964184 0.505320 0.000000
vt 0.139086 0.510470 0.000000
vt 0.964184 0.510470 0.000000
vt 0.139086 0.005797 0.000000
vt 0.964184 0.005797 0.000000
vt 0.964184 0.000648 0.000000
vt 0.139086 0.000648 0.000000
vt 0.139086 0.010947 0.000000
vt 0.964184 0.010947 0.000000
vt 0.139086 0.016097 0.000000
vt 0.964184 0.016097 0.000000
vt 0.139086 0.021246 0.000000
vt 0.964184 0.021246 0.000000
vt 0.139086 0.026396 0.000000
vt 0.964184 0.026396 0.000000
vt 0.139086 0.031546 0.000000
vt 0.964184 0.031546 0.000000
vt 0.139086 0.036696 0.000000
vt 0.964184 0.036696 0.000000
vt 0.139086 0.041845 0.000000
vt 0.964184 0.041845 0.000000
vt 0.139086 0.046995 0.000000
vt 0.964184 0.046995 0.000000
vt 0.139086 0.052145 0.000000
vt 0.964184 0.052145 0.000000
vt 0.139086 0.057294 0.000000
vt 0.964184 0.057294 0.000000
vt 0.139086 0.062444 0.000000
vt 0.964184 0.062444 0.000000
vt 0.139086 0.067594 0.000000
vt 0.964184 0.067594 0.000000
vt 0.139086 0.072744 0.000000
vt 0.964184 0.072744 0.000000
vt 0.139086 0.077893 0.000000
vt 0.964184 0.077893 0.000000
vt 0.139086 0.083043 0.000000
vt 0.964184 0.083043 0.000000
vt 0.139086 0.088193 0.000000
vt 0.964184 0.088193 0.000000
vt 0.139086 0.093343 0.000000
vt 0.964184 0.093343 0.000000
vt 0.139086 0.098492 0.000000
vt 0.964184 0.098492 0.000000
vt 0.139086 0.103642 0.000000
vt 0.964184 0.103642 0.000000
vt 0.139086 0.108792 0.000000
vt 0.964184 0.108792 0.000000
vt 0.139086 0.113941 0.000000
vt 0.964184 0.113941 0.000000
vt 0.139086 0.119091 0.000000
vt 0.964184 0.119091 0.000000
vt 0.139086 0.124241 0.000000
vt 0.964184 0.124241 0.000000
vt 0.139086 0.129391 0.000000
vt 0.964184 0.129391 0.000000
vt 0.139086 0.134540 0.000000
vt 0.964184 0.134540 0.000000
vt 0.139086 0.139690 0.000000
vt 0.964184 0.139690 0.000000
vt 0.139086 0.144840 0.000000
vt 0.964184 0.144840 0.000000
vt 0.139086 0.149989 0.000000
vt 0.964184 0.149989 0.000000
vt 0.139086 0.155139 0.000000
vt 0.964184 0.155139 0.000000
vt 0.139086 0.160289 0.000000
vt 0.964184 0.160289 0.000000
vt 0.139086 0.165439 0.000000
vt 0.964184 0.165439 0.000000
vt 0.139086 0.170588 0.000000
vt 0.964184 0.170588 0.000000
vt 0.139086 0.175738 0.000000
vt 0.964184 0.175738 0.000000
vt 0.139086 0.180888 0.000000
vt 0.964184 0.180888 0.000000
vt 0.139086 0.186038 0.000000
vt 0.964184 0.186038 0.000000
vt 0.139086 0.191187 0.000000
vt 0.964184 0.191187 0.000000
vt 0.139086 0.196337 0.000000
vt 0.964184 0.196337 0.000000
vt 0.139086 0.201487 0.000000
vt 0.964184 0.201487 0.000000
vt 0.892039 0.662289 0.000000
vt 0.892039 0.800705 0.000000
vt 0.894887 0.800705 0.000000
vt 0.894887 0.662289 0.000000
vt 0.889192 0.662289 0.000000
vt 0.889192 0.800705 0.000000
vt 0.886345 0.662289 0.000000
vt 0.886345 0.800705 0.000000
vt 0.883497 0.662289 0.000000
vt 0.883497 0.800705 0.000000
vt 0.880650 0.662289 0.000000
vt 0.880650 0.800705 0.000000
vt 0.877802 0.662289 0.000000
vt 0.877802 0.800705 0.000000
vt 0.874955 0.662289 0.000000
vt 0.874955 0.800705 0.000000
vt 0.872108 0.662289 0.000000
vt 0.872108 0.800705 0.000000
vt 0.869260 0.662289 0.000000
vt 0.869260 0.800705 0.000000
vt 0.866413 0.662289 0.000000
vt 0.866413 0.800705 0.000000
vt 0.863566 0.662289 0.000000
vt 0.863566 0.800705 0.000000
vt 0.860718 0.662289 0.000000
vt 0.860718 0.800705 0.000000
vt 0.857871 0.662289 0.000000
vt 0.857871 0.800705 0.000000
vt 0.855023 0.662289 0.000000
vt 0.855023 0.800705 0.000000
vt 0.852176 0.662289 0.000000
vt 0.852176 0.800705 0.000000
vt 0.849329 0.662289 0.000000
vt 0.849329 0.800705 0.000000
vt 0.846481 0.662289 0.000000
vt 0.846481 0.800705 0.000000
vt 0.843634 0.662289 0.000000
vt 0.843634 0.800705 0.000000
vt 0.840786 0.662289 0.000000
vt 0.840786 0.800705 0.000000
vt 0.837939 0.662289 0.000000
vt 0.837939 0.800705 0.000000
vt 0.835092 0.662289 0.000000
vt 0.835092 0.800705 0.000000
vt 0.832244 0.662289 0.000000
vt 0.832244 0.800705 0.000000
vt 0.829397 0.662289 0.000000
vt 0.829397 0.800705 0.000000
vt 0.826549 0.662289 0.000000
vt 0.826549 0.800705 0.000000
vt 0.823702 0.662289 0.000000
vt 0.823702 0.800705 0.000000
vt 0.820855 0.662289 0.000000
vt 0.820855 0.800705 0.000000
vt 0.818007 0.662289 0.000000
vt 0.818007 0.800705 0.000000
vt 0.815160 0.662289 0.000000
vt 0.815160 0.800705 0.000000
vt 0.812312 0.662289 0.000000
vt 0.812312 0.800705 0.000000
vt 0.809465 0.662289 0.000000
vt 0.809465 0.800705 0.000000
vt 0.806618 0.662289 0.000000
vt 0.806618 0.800705 0.000000
vt 0.803770 0.662289 0.000000
vt 0.803770 0.800705 0.000000
vt 0.800923 0.662289 0.000000
vt 0.800923 0.800705 0.000000
vt 0.798076 0.662289 0.000000
vt 0.798076 0.800705 0.000000
vt 0.795228 0.662289 0.000000
vt 0.795228 0.800705 0.000000
vt 0.792381 0.662289 0.000000
vt 0.792381 0.800705 0.000000
vt 0.789533 0.662289 0.000000
vt 0.789533 0.800705 0.000000
vt 0.786686 0.662289 0.000000
vt 0.786686 0.800705 0.000000
vt 0.783839 0.662289 0.000000
vt 0.783839 0.800705 0.000000
vt 0.780991 0.662289 0.000000
vt 0.780991 0.800705 0.000000
vt 0.778144 0.662289 0.000000
vt 0.778144 0.800705 0.000000
vt 0.775296 0.662289 0.000000
vt 0.775296 0.800705 0.000000
vt 0.772449 0.662289 0.000000
vt 0.772449 0.800705 0.000000
vt 0.769602 0.662289 0.000000
vt 0.769602 0.800705 0.000000
vt 0.766754 0.662289 0.000000
vt 0.766754 0.800705 0.000000
vt 0.763907 0.662289 0.000000
vt 0.763907 0.800705 0.000000
vt 0.761059 0.662289 0.000000
vt 0.761059 0.800705 0.000000
vt 0.758212 0.662289 0.000000
vt 0.758212 0.800705 0.000000
vt 0.755365 0.662289 0.000000
vt 0.755365 0.800705 0.000000
vt 0.752517 0.662289 0.000000
vt 0.752517 0.800705 0.000000
vt 0.749670 0.662289 0.000000
vt 0.749670 0.800705 0.000000
vt 0.746822 0.662289 0.000000
vt 0.746822 0.800705 0.000000
vt 0.743975 0.662289 0.000000
vt 0.743975 0.800705 0.000000
vt 0.741128 0.662289 0.000000
vt 0.741128 0.800705 0.000000
vt 0.738280 0.662289 0.000000
vt 0.738280 0.800705 0.000000
vt 0.735433 0.662289 0.000000
vt 0.735433 0.800705 0.000000
vt 0.732585 0.662289 0.000000
vt 0.732585 0.800705 0.000000
vt 0.729738 0.662289 0.000000
vt 0.729738 0.800705 0.000000
vt 0.726891 0.662289 0.000000
vt 0.726891 0.800705 0.000000
vt 0.724043 0.662289 0.000000
vt 0.724043 0.800705 0.000000
vt 0.721196 0.662289 0.000000
vt 0.721196 0.800705 0.000000
vt 0.718349 0.662289 0.000000
vt 0.718349 0.800705 0.000000
vt 0.715501 0.662289 0.000000
vt 0.715501 0.800705 0.000000
vt 0.712654 0.662289 0.000000
vt 0.712654 0.800705 0.000000
vt 0.709806 0.662289 0.000000
vt 0.709806 0.800705 0.000000
vt 0.988851 0.662289 0.000000
vt 0.988851 0.800705 0.000000
vt 0.991698 0.800705 0.000000
vt 0.991698 0.662289 0.000000
vt 0.986003 0.662289 0.000000
vt 0.986003 0.800705 0.000000
vt 0.983156 0.662289 0.000000
vt 0.983156 0.800705 0.000000
vt 0.980309 0.662289 0.000000
vt 0.980309 0.800705 0.000000
vt 0.977461 0.662289 0.000000
vt 0.977461 0.800705 0.000000
vt 0.974614 0.662289 0.000000
vt 0.974614 0.800705 0.000000
vt 0.971766 0.662289 0.000000
vt 0.971766 0.800705 0.000000
vt 0.968919 0.662289 0.000000
vt 0.968919 0.800705 0.000000
vt 0.966072 0.662289 0.000000
vt 0.966072 0.800705 0.000000
vt 0.963224 0.662289 0.000000
vt 0.963224 0.800705 0.000000
vt 0.960377 0.662289 0.000000
vt 0.960377 0.800705 0.000000
vt 0.957529 0.662289 0.000000
vt 0.957529 0.800705 0.000000
vt 0.954682 0.662289 0.000000
vt 0.954682 0.800705 0.000000
vt 0.951835 0.662289 0.000000
vt 0.951835 0.800705 0.000000
vt 0.948987 0.662289 0.000000
vt 0.948987 0.800705 0.000000
vt 0.946140 0.662289 0.000000
vt 0.946140 0.800705 0.000000
vt 0.943292 0.662289 0.000000
vt 0.943292 0.800705 0.000000
vt 0.940445 0.662289 0.000000
vt 0.940445 0.800705 0.000000
vt 0.937598 0.662289 0.000000
vt 0.937598 0.800705 0.000000
vt 0.934750 0.662289 0.000000
vt 0.934750 0.800705 0.000000
vt 0.931903 0.662289 0.000000
vt 0.931903 0.800705 0.000000
vt 0.929056 0.662289 0.000000
vt 0.929056 0.800705 0.000000
vt 0.926208 0.662289 0.000000
vt 0.926208 0.800705 0.000000
vt 0.923361 0.662289 0.000000
vt 0.923361 0.800705 0.000000
vt 0.920513 0.662289 0.000000
vt 0.920513 0.800705 0.000000
vt 0.917666 0.662289 0.000000
vt 0.917666 0.800705 0.000000
vt 0.914819 0.662289 0.000000
vt 0.914819 0.800705 0.000000
vt 0.911971 0.662289 0.000000
vt 0.911971 0.800705 0.000000
vt 0.909124 0.662289 0.000000
vt 0.909124 0.800705 0.000000
vt 0.906276 0.662289 0.000000
vt 0.906276 0.800705 0.000000
vt 0.903429 0.662289 0.000000
vt 0.903429 0.800705 0.000000
vt 0.900582 0.662289 0.000000
vt 0.900582 0.800705 0.000000
vt 0.897734 0.662289 0.000000
vt 0.897734 0.800705 0.000000
vt 0.910513 0.979118 0.000000
vt 0.908998 0.979118 0.000000
vt 0.908998 0.999352 0.000000
vt 0.910513 0.999352 0.000000
vt 0.907484 0.979118 0.000000
vt 0.907484 0.999352 0.000000
vt 0.905970 0.979118 0.000000
vt 0.905970 0.999352 0.000000
vt 0.904456 0.979118 0.000000
vt 0.904456 0.999352 0.000000
vt 0.902941 0.979118 0.000000
vt 0.902941 0.999352 0.000000
vt 0.901427 0.979118 0.000000
vt 0.901427 0.999352 0.000000
vt 0.899913 0.979118 0.000000
vt 0.899913 0.999352 0.000000
vt 0.898399 0.979118 0.000000
vt 0.898399 0.999352 0.000000
vt 0.896884 0.979118 0.000000
vt 0.896884 0.999352 0.000000
vt 0.895370 0.979118 0.000000
vt 0.895370 0.999352 0.000000
vt 0.893856 0.979118 0.000000
vt 0.893856 0.999352 0.000000
vt 0.892342 0.979118 0.000000
vt 0.892342 0.999352 0.000000
vt 0.890827 0.979118 0.000000
vt 0.890827 0.999352 0.000000
vt 0.889313 0.979118 0.000000
vt 0.889313 0.999352 0.000000
vt 0.887799 0.979118 0.000000
vt 0.887799 0.999352 0.000000
vt 0.886285 0.979118 0.000000
vt 0.886285 0.999352 0.000000
vt 0.884770 0.979118 0.000000
vt 0.884770 0.999352 0.000000
vt 0.883256 0.979118 0.000000
vt 0.883256 0.999352 0.000000
vt 0.881742 0.979118 0.000000
vt 0.881742 0.999352 0.000000
vt 0.880228 0.979118 0.000000
vt 0.880228 0.999352 0.000000
vt 0.878713 0.979118 0.000000
vt 0.878713 0.999352 0.000000
vt 0.877199 0.979118 0.000000
vt 0.877199 0.999352 0.000000
vt 0.875685 0.979118 0.000000
vt 0.875685 0.999352 0.000000
vt 0.874171 0.979118 0.000000
vt 0.874171 0.999352 0.000000
vt 0.872656 0.979118 0.000000
vt 0.872656 0.999352 0.000000
vt 0.871142 0.979118 0.000000
vt 0.871142 0.999352 0.000000
vt 0.869628 0.979118 0.000000
vt 0.869628 0.999352 0.000000
vt 0.868114 0.979118 0.000000
vt 0.868114 0.999352 0.000000
vt 0.866599 0.979118 0.000000
vt 0.866599 0.999352 0.000000
vt 0.865085 0.979118 0.000000
vt 0.865085 0.999352 0.000000
vt 0.863571 0.979118 0.000000
vt 0.863571 0.999352 0.000000
vt 0.862056 0.979118 0.000000
vt 0.862056 0.999352 0.000000
vt 0.860542 0.979118 0.000000
vt 0.860542 0.999352 0.000000
vt 0.859028 0.979118 0.000000
vt 0.859028 0.999352 0.000000
vt 0.857514 0.979118 0.000000
vt 0.857514 0.999352 0.000000
vt 0.856000 0.979118 0.000000
vt 0.856000 0.999352 0.000000
vt 0.854485 0.979118 0.000000
vt 0.854485 0.999352 0.000000
vt 0.852971 0.979118 0.000000
vt 0.852971 0.999352 0.000000
vt 0.851457 0.979118 0.000000
vt 0.851457 0.999352 0.000000
vt 0.849943 0.979118 0.000000
vt 0.849943 0.999352 0.000000
vt 0.848428 0.979118 0.000000
vt 0.848428 0.999352 0.000000
vt 0.846914 0.979118 0.000000
vt 0.846914 0.999352 0.000000
vt 0.845400 0.979118 0.000000
vt 0.845400 0.999352 0.000000
vt 0.843886 0.979118 0.000000
vt 0.843886 0.999352 0.000000
vt 0.842371 0.979118 0.000000
vt 0.842371 0.999352 0.000000
vt 0.840857 0.979118 0.000000
vt 0.840857 0.999352 0.000000
vt 0.839343 0.979118 0.000000
vt 0.839343 0.999352 0.000000
vt 0.837829 0.979118 0.000000
vt 0.837829 0.999352 0.000000
vt 0.836314 0.979118 0.000000
vt 0.836314 0.999352 0.000000
vt 0.834800 0.979118 0.000000
vt 0.834800 0.999352 0.000000
vt 0.833286 0.979118 0.000000
vt 0.833286 0.999352 0.000000
vt 0.831772 0.979118 0.000000
vt 0.831772 0.999352 0.000000
vt 0.830257 0.979118 0.000000
vt 0.830257 0.999352 0.000000
vt 0.828743 0.979118 0.000000
vt 0.828743 0.999352 0.000000
vt 0.827229 0.979118 0.000000
vt 0.827229 0.999352 0.000000
vt 0.825715 0.979118 0.000000
vt 0.825715 0.999352 0.000000
vt 0.824200 0.979118 0.000000
vt 0.824200 0.999352 0.000000
vt 0.822686 0.979118 0.000000
vt 0.822686 0.999352 0.000000
vt 0.821172 0.979118 0.000000
vt 0.821172 0.999352 0.000000
vt 0.819658 0.979118 0.000000
vt 0.819658 0.999352 0.000000
vt 0.818143 0.979118 0.000000
vt 0.818143 0.999352 0.000000
vt 0.816629 0.979118 0.000000
vt 0.816629 0.999352 0.000000
vt 0.815115 0.979118 0.000000
vt 0.815115 0.999352 0.000000
vt 0.813601 0.979118 0.000000
vt 0.813601 0.999352 0.000000
vt 0.812086 0.979118 0.000000
vt 0.812086 0.999352 0.000000
vt 0.810572 0.979118 0.000000
vt 0.810572 0.999352 0.000000
vt 0.809058 0.979118 0.000000
vt 0.809058 0.999352 0.000000
vt 0.807544 0.979118 0.000000
vt 0.807544 0.999352 0.000000
vt 0.806029 0.979118 0.000000
vt 0.806029 0.999352 0.000000
vt 0.804515 0.979118 0.000000
vt 0.804515 0.999352 0.000000
vt 0.803001 0.979118 0.000000
vt 0.803001 0.999352 0.000000
vt 0.801486 0.979118 0.000000
vt 0.801486 0.999352 0.000000
vt 0.799972 0.979118 0.000000
vt 0.799972 0.999352 0.000000
vt 0.798458 0.979118 0.000000
vt 0.798458 0.999352 0.000000
vt 0.796944 0.979118 0.000000
vt 0.796944 0.999352 0.000000
vt 0.795430 0.979118 0.000000
vt 0.795430 0.999352 0.000000
vt 0.793915 0.979118 0.000000
vt 0.793915 0.999352 0.000000
vt 0.792401 0.979118 0.000000
vt 0.792401 0.999352 0.000000
vt 0.790887 0.979118 0.000000
vt 0.790887 0.999352 0.000000
vt 0.789373 0.979118 0.000000
vt 0.789373 0.999352 0.000000
vt 0.787858 0.979118 0.000000
vt 0.787858 0.999352 0.000000
vt 0.786344 0.979118 0.000000
vt 0.786344 0.999352 0.000000
vt 0.784830 0.979118 0.000000
vt 0.784830 0.999352 0.000000
vt 0.783315 0.979118 0.000000
vt 0.783315 0.999352 0.000000
vt 0.781801 0.979118 0.000000
vt 0.781801 0.999352 0.000000
vt 0.780287 0.979118 0.000000
vt 0.780287 0.999352 0.000000
vt 0.778773 0.979118 0.000000
vt 0.778773 0.999352 0.000000
vt 0.777259 0.979118 0.000000
vt 0.777259 0.999352 0.000000
vt 0.775744 0.979118 0.000000
vt 0.775744 0.999352 0.000000
vt 0.774230 0.979118 0.000000
vt 0.774230 0.999352 0.000000
vt 0.772716 0.979118 0.000000
vt 0.772716 0.999352 0.000000
vt 0.771201 0.979118 0.000000
vt 0.771201 0.999352 0.000000
vt 0.769687 0.979118 0.000000
vt 0.769687 0.999352 0.000000
vt 0.768173 0.979118 0.000000
vt 0.768173 0.999352 0.000000
vt 0.766659 0.979118 0.000000
vt 0.766659 0.999352 0.000000
vt 0.765145 0.979118 0.000000
vt 0.765145 0.999352 0.000000
vt 0.763630 0.979118 0.000000
vt 0.763630 0.999352 0.000000
vt 0.762116 0.979118 0.000000
vt 0.762116 0.999352 0.000000
vt 0.760602 0.979118 0.000000
vt 0.910513 0.999352 0.000000
vt 0.149727 0.971818 0.000000
vt 0.148221 0.971818 0.000000
vt 0.148221 0.991947 0.000000
vt 0.149727 0.991947 0.000000
vt 0.146716 0.971818 0.000000
vt 0.146716 0.991947 0.000000
vt 0.145210 0.971818 0.000000
vt 0.145210 0.991947 0.000000
vt 0.143704 0.971818 0.000000
vt 0.143704 0.991947 0.000000
vt 0.142198 0.971818 0.000000
vt 0.142198 0.991947 0.000000
vt 0.140692 0.971818 0.000000
vt 0.140692 0.991947 0.000000
vt 0.139186 0.971818 0.000000
vt 0.139186 0.991947 0.000000
vt 0.137680 0.971818 0.000000
vt 0.137680 0.991947 0.000000
vt 0.136175 0.971818 0.000000
vt 0.136175 0.991947 0.000000
vt 0.134669 0.971818 0.000000
vt 0.134669 0.991947 0.000000
vt 0.133163 0.971818 0.000000
vt 0.133163 0.991947 0.000000
vt 0.131657 0.971818 0.000000
vt 0.131657 0.991947 0.000000
vt 0.130151 0.971818 0.000000
vt 0.130151 0.991947 0.000000
vt 0.128645 0.971818 0.000000
vt 0.128645 0.991947 0.000000
vt 0.127139 0.971818 0.000000
vt 0.127139 0.991947 0.000000
vt 0.125634 0.971818 0.000000
vt 0.125634 0.991947 0.000000
vt 0.124128 0.971818 0.000000
vt 0.124128 0.991947 0.000000
vt 0.122622 0.971818 0.000000
vt 0.122622 0.991947 0.000000
vt 0.121116 0.971818 0.000000
vt 0.121116 0.991947 0.000000
vt 0.119610 0.971818 0.000000
vt 0.119610 0.991947 0.000000
vt 0.118104 0.971818 0.000000
vt 0.118104 0.991947 0.000000
vt 0.116598 0.971818 0.000000
vt 0.116598 0.991947 0.000000
vt 0.115093 0.971818 0.000000
vt 0.115093 0.991947 0.000000
vt 0.113587 0.971818 0.000000
vt 0.113587 0.991947 0.000000
vt 0.112081 0.971818 0.000000
vt 0.112081 0.991947 0.000000
vt 0.110575 0.971818 0.000000
vt 0.110575 0.991947 0.000000
vt 0.109069 0.971818 0.000000
vt 0.109069 0.991947 0.000000
vt 0.107563 0.971818 0.000000
vt 0.107563 0.991947 0.000000
vt 0.106057 0.971818 0.000000
vt 0.106057 0.991947 0.000000
vt 0.104552 0.971818 0.000000
vt 0.104552 0.991947 0.000000
vt 0.103046 0.971818 0.000000
vt 0.103046 0.991947 0.000000
vt 0.101540 0.971818 0.000000
vt 0.101540 0.991947 0.000000
vt 0.100034 0.971818 0.000000
vt 0.100034 0.991947 0.000000
vt 0.098528 0.971818 0.000000
vt 0.098528 0.991947 0.000000
vt 0.097022 0.971818 0.000000
vt 0.097022 0.991947 0.000000
vt 0.095516 0.971818 0.000000
vt 0.095516 0.991947 0.000000
vt 0.094011 0.971818 0.000000
vt 0.094011 0.991947 0.000000
vt 0.092505 0.971818 0.000000
vt 0.092505 0.991947 0.000000
vt 0.090999 0.971818 0.000000
vt 0.090999 0.991947 0.000000
vt 0.089493 0.971818 0.000000
vt 0.089493 0.991947 0.000000
vt 0.087987 0.971818 0.000000
vt 0.087987 0.991947 0.000000
vt 0.086481 0.971818 0.000000
vt 0.086481 0.991947 0.000000
vt 0.084975 0.971818 0.000000
vt 0.084975 0.991947 0.000000
vt 0.083470 0.971818 0.000000
vt 0.083470 0.991947 0.000000
vt 0.081964 0.971818 0.000000
vt 0.081964 0.991947 0.000000
vt 0.080458 0.971818 0.000000
vt 0.080458 0.991947 0.000000
vt 0.078952 0.971818 0.000000
vt 0.078952 0.991947 0.000000
vt 0.077446 0.971818 0.000000
vt 0.077446 0.991947 0.000000
vt 0.075940 0.971818 0.000000
vt 0.075940 0.991947 0.000000
vt 0.074434 0.971818 0.000000
vt 0.074434 0.991947 0.000000
vt 0.072929 0.971818 0.000000
vt 0.072929 0.991947 0.000000
vt 0.071423 0.971818 0.000000
vt 0.071423 0.991947 0.000000
vt 0.069917 0.971818 0.000000
vt 0.069917 0.991947 0.000000
vt 0.068411 0.971818 0.000000
vt 0.068411 0.991947 0.000000
vt 0.066905 0.971818 0.000000
vt 0.066905 0.991947 0.000000
vt 0.065399 0.971818 0.000000
vt 0.065399 0.991947 0.000000
vt 0.063894 0.971818 0.000000
vt 0.063894 0.991947 0.000000
vt 0.062388 0.971818 0.000000
vt 0.062388 0.991947 0.000000
vt 0.060882 0.971818 0.000000
vt 0.060882 0.991947 0.000000
vt 0.059376 0.971818 0.000000
vt 0.059376 0.991947 0.000000
vt 0.057870 0.971818 0.000000
vt 0.057870 0.991947 0.000000
vt 0.056364 0.971818 0.000000
vt 0.056364 0.991947 0.000000
vt 0.054858 0.971818 0.000000
vt 0.054858 0.991947 0.000000
vt 0.053353 0.971818 0.000000
vt 0.053353 0.991947 0.000000
vt 0.051847 0.971818 0.000000
vt 0.051847 0.991947 0.000000
vt 0.050341 0.971818 0.000000
vt 0.050341 0.991947 0.000000
vt 0.048835 0.971818 0.000000
vt 0.048835 0.991947 0.000000
vt 0.047329 0.971818 0.000000
vt 0.047329 0.991947 0.000000
vt 0.045823 0.971818 0.000000
vt 0.045823 0.991947 0.000000
vt 0.044317 0.971818 0.000000
vt 0.044317 0.991947 0.000000
vt 0.042812 0.971818 0.000000
vt 0.042812 0.991947 0.000000
vt 0.041306 0.971818 0.000000
vt 0.041306 0.991947 0.000000
vt 0.039800 0.971818 0.000000
vt 0.039800 0.991947 0.000000
vt 0.038294 0.971818 0.000000
vt 0.038294 0.991947 0.000000
vt 0.036788 0.971818 0.000000
vt 0.036788 0.991947 0.000000
vt 0.035282 0.971818 0.000000
vt 0.035282 0.991947 0.000000
vt 0.033776 0.971818 0.000000
vt 0.033776 0.991947 0.000000
vt 0.032271 0.971818 0.000000
vt 0.032271 0.991947 0.000000
vt 0.030765 0.971818 0.000000
vt 0.030765 0.991947 0.000000
vt 0.029259 0.971818 0.000000
vt 0.029259 0.991947 0.000000
vt 0.027753 0.971818 0.000000
vt 0.027753 0.991947 0.000000
vt 0.026247 0.971818 0.000000
vt 0.026247 0.991947 0.000000
vt 0.024741 0.971818 0.000000
vt 0.024741 0.991947 0.000000
vt 0.023235 0.971818 0.000000
vt 0.023235 0.991947 0.000000
vt 0.021730 0.971818 0.000000
vt 0.021730 0.991947 0.000000
vt 0.020224 0.971818 0.000000
vt 0.020224 0.991947 0.000000
vt 0.018718 0.971818 0.000000
vt 0.018718 0.991947 0.000000
vt 0.017212 0.971818 0.000000
vt 0.017212 0.991947 0.000000
vt 0.015706 0.971818 0.000000
vt 0.015706 0.991947 0.000000
vt 0.014200 0.971818 0.000000
vt 0.014200 0.991947 0.000000
vt 0.012694 0.971818 0.000000
vt 0.012694 0.991947 0.000000
vt 0.011189 0.971818 0.000000
vt 0.011189 0.991947 0.000000
vt 0.009683 0.971818 0.000000
vt 0.009683 0.991947 0.000000
vt 0.008177 0.971818 0.000000
vt 0.008177 0.991947 0.000000
vt 0.006671 0.971818 0.000000
vt 0.006671 0.991947 0.000000
vt 0.005165 0.971818 0.000000
vt 0.005165 0.991947 0.000000
vt 0.003659 0.971818 0.000000
vt 0.003659 0.991947 0.000000
vt 0.002153 0.971818 0.000000
vt 0.002153 0.991947 0.000000
vt 0.000648 0.971818 0.000000
vt 0.000648 0.991947 0.000000
vt 0.648784 0.951861 0.000000
vt 0.648784 0.948930 0.000000
vt 0.647994 0.948930 0.000000
vt 0.647994 0.951861 0.000000
vt 0.146797 0.674583 0.000000
vt 0.146797 0.671638 0.000000
vt 0.146003 0.671638 0.000000
vt 0.146003 0.674583 0.000000
vt 0.726205 0.951861 0.000000
vt 0.726205 0.948930 0.000000
vt 0.725415 0.948930 0.000000
vt 0.725415 0.951861 0.000000
vt 0.147591 0.674583 0.000000
vt 0.147591 0.671638 0.000000
vt 0.724625 0.948930 0.000000
vt 0.724625 0.951861 0.000000
vt 0.148385 0.674583 0.000000
vt 0.148385 0.671638 0.000000
vt 0.723835 0.948930 0.000000
vt 0.723835 0.951861 0.000000
vt 0.149179 0.674583 0.000000
vt 0.149179 0.671638 0.000000
vt 0.723045 0.948930 0.000000
vt 0.723045 0.951861 0.000000
vt 0.149973 0.674583 0.000000
vt 0.149973 0.671638 0.000000
vt 0.722255 0.948930 0.000000
vt 0.722255 0.951861 0.000000
vt 0.150767 0.674583 0.000000
vt 0.150767 0.671638 0.000000
vt 0.721465 0.948930 0.000000
vt 0.721465 0.951861 0.000000
vt 0.151561 0.674583 0.000000
vt 0.151561 0.671638 0.000000
vt 0.720675 0.948930 0.000000
vt 0.720675 0.951861 0.000000
vt 0.152355 0.674583 0.000000
vt 0.152355 0.671638 0.000000
vt 0.719885 0.948930 0.000000
vt 0.719885 0.951861 0.000000
vt 0.153149 0.674583 0.000000
vt 0.153149 0.671638 0.000000
vt 0.719095 0.948930 0.000000
vt 0.719095 0.951861 0.000000
vt 0.153943 0.674583 0.000000
vt 0.153943 0.671638 0.000000
vt 0.718305 0.948930 0.000000
vt 0.718305 0.951861 0.000000
vt 0.154737 0.674583 0.000000
vt 0.154737 0.671638 0.000000
vt 0.717515 0.948930 0.000000
vt 0.717515 0.951861 0.000000
vt 0.155532 0.674583 0.000000
vt 0.155532 0.671638 0.000000
vt 0.716725 0.948930 0.000000
vt 0.716725 0.951861 0.000000
vt 0.156326 0.674583 0.000000
vt 0.156326 0.671638 0.000000
vt 0.715935 0.948930 0.000000
vt 0.715935 0.951861 0.000000
vt 0.157120 0.674583 0.000000
vt 0.157120 0.671638 0.000000
vt 0.715145 0.948930 0.000000
vt 0.715145 0.951861 0.000000
vt 0.157914 0.674583 0.000000
vt 0.157914 0.671638 0.000000
vt 0.714355 0.948930 0.000000
vt 0.714355 0.951861 0.000000
vt 0.158708 0.674583 0.000000
vt 0.158708 0.671638 0.000000
vt 0.713565 0.948930 0.000000
vt 0.713565 0.951861 0.000000
vt 0.159502 0.674583 0.000000
vt 0.159502 0.671638 0.000000
vt 0.712775 0.948930 0.000000
vt 0.712775 0.951861 0.000000
vt 0.160296 0.674583 0.000000
vt 0.160296 0.671638 0.000000
vt 0.711985 0.948930 0.000000
vt 0.711985 0.951861 0.000000
vt 0.161090 0.674583 0.000000
vt 0.161090 0.671638 0.000000
vt 0.711195 0.948930 0.000000
vt 0.711195 0.951861 0.000000
vt 0.161884 0.674583 0.000000
vt 0.161884 0.671638 0.000000
vt 0.710405 0.948930 0.000000
vt 0.710405 0.951861 0.000000
vt 0.162678 0.674583 0.000000
vt 0.162678 0.671638 0.000000
vt 0.709615 0.948930 0.000000
vt 0.709615 0.951861 0.000000
vt 0.163472 0.674583 0.000000
vt 0.163472 0.671638 0.000000
vt 0.708825 0.948930 0.000000
vt 0.708825 0.951861 0.000000
vt 0.164266 0.674583 0.000000
vt 0.164266 0.671638 0.000000
vt 0.708035 0.948930 0.000000
vt 0.708035 0.951861 0.000000
vt 0.165060 0.674583 0.000000
vt 0.165060 0.671638 0.000000
vt 0.707245 0.948930 0.000000
vt 0.707245 0.951861 0.000000
vt 0.165854 0.674583 0.000000
vt 0.165854 0.671638 0.000000
vt 0.706455 0.948930 0.000000
vt 0.706455 0.951861 0.000000
vt 0.166648 0.674583 0.000000
vt 0.166648 0.671638 0.000000
vt 0.705665 0.948930 0.000000
vt 0.705665 0.951861 0.000000
vt 0.167442 0.674583 0.000000
vt 0.167442 0.671638 0.000000
vt 0.704875 0.948930 0.000000
vt 0.704875 0.951861 0.000000
vt 0.168236 0.674583 0.000000
vt 0.168236 0.671638 0.000000
vt 0.704085 0.948930 0.000000
vt 0.704085 0.951861 0.000000
vt 0.169030 0.674583 0.000000
vt 0.169030 0.671638 0.000000
vt 0.703295 0.948930 0.000000
vt 0.703295 0.951861 0.000000
vt 0.169824 0.674583 0.000000
vt 0.169824 0.671638 0.000000
vt 0.702505 0.948930 0.000000
vt 0.702505 0.951861 0.000000
vt 0.170618 0.674583 0.000000
vt 0.170618 0.671638 0.000000
vt 0.701715 0.948930 0.000000
vt 0.701715 0.951861 0.000000
vt 0.171412 0.674583 0.000000
vt 0.171412 0.671638 0.000000
vt 0.700925 0.948930 0.000000
vt 0.700925 0.951861 0.000000
vt 0.172206 0.674583 0.000000
vt 0.172206 0.671638 0.000000
vt 0.700135 0.948930 0.000000
vt 0.700135 0.951861 0.000000
vt 0.173000 0.674583 0.000000
vt 0.173000 0.671638 0.000000
vt 0.699345 0.948930 0.000000
vt 0.699345 0.951861 0.000000
vt 0.173794 0.674583 0.000000
vt 0.173794 0.671638 0.000000
vt 0.698555 0.948930 0.000000
vt 0.698555 0.951861 0.000000
vt 0.174588 0.674583 0.000000
vt 0.174588 0.671638 0.000000
vt 0.697765 0.948930 0.000000
vt 0.697765 0.951861 0.000000
vt 0.175382 0.674583 0.000000
vt 0.175382 0.671638 0.000000
vt 0.696975 0.948930 0.000000
vt 0.696975 0.951861 0.000000
vt 0.176177 0.674583 0.000000
vt 0.176177 0.671638 0.000000
vt 0.696185 0.948930 0.000000
vt 0.696185 0.951861 0.000000
vt 0.176971 0.674583 0.000000
vt 0.176971 0.671638 0.000000
vt 0.695395 0.948930 0.000000
vt 0.695395 0.951861 0.000000
vt 0.177765 0.674583 0.000000
vt 0.177765 0.671638 0.000000
vt 0.694605 0.948930 0.000000
vt 0.694605 0.951861 0.000000
vt 0.178559 0.674583 0.000000
vt 0.178559 0.671638 0.000000
vt 0.693815 0.948930 0.000000
vt 0.693815 0.951861 0.000000
vt 0.179353 0.674583 0.000000
vt 0.179353 0.671638 0.000000
vt 0.693025 0.948930 0.000000
vt 0.693025 0.951861 0.000000
vt 0.180147 0.674583 0.000000
vt 0.180147 0.671638 0.000000
vt 0.692235 0.948930 0.000000
vt 0.692235 0.951861 0.000000
vt 0.180941 0.674583 0.000000
vt 0.180941 0.671638 0.000000
vt 0.691445 0.948930 0.000000
vt 0.691445 0.951861 0.000000
vt 0.181735 0.674583 0.000000
vt 0.181735 0.671638 0.000000
vt 0.690655 0.948930 0.000000
vt 0.690655 0.951861 0.000000
vt 0.182529 0.674583 0.000000
vt 0.182529 0.671638 0.000000
vt 0.689865 0.948930 0.000000
vt 0.689865 0.951861 0.000000
vt 0.183323 0.674583 0.000000
vt 0.183323 0.671638 0.000000
vt 0.689075 0.948930 0.000000
vt 0.689075 0.951861 0.000000
vt 0.184117 0.674583 0.000000
vt 0.184117 0.671638 0.000000
vt 0.688285 0.948930 0.000000
vt 0.688285 0.951861 0.000000
vt 0.184911 0.674583 0.000000
vt 0.184911 0.671638 0.000000
vt 0.687495 0.948930 0.000000
vt 0.687495 0.951861 0.000000
vt 0.185705 0.674583 0.000000
vt 0.185705 0.671638 0.000000
vt 0.686705 0.948930 0.000000
vt 0.686705 0.951861 0.000000
vt 0.186499 0.674583 0.000000
vt 0.186499 0.671638 0.000000
vt 0.685915 0.948930 0.000000
vt 0.685915 0.951861 0.000000
vt 0.187293 0.674583 0.000000
vt 0.187293 0.671638 0.000000
vt 0.685125 0.948930 0.000000
vt 0.685125 0.951861 0.000000
vt 0.188087 0.674583 0.000000
vt 0.188087 0.671638 0.000000
vt 0.684335 0.948930 0.000000
vt 0.684335 0.951861 0.000000
vt 0.188881 0.674583 0.000000
vt 0.188881 0.671638 0.000000
vt 0.683545 0.948930 0.000000
vt 0.683545 0.951861 0.000000
vt 0.189675 0.674583 0.000000
vt 0.189675 0.671638 0.000000
vt 0.682755 0.948930 0.000000
vt 0.682755 0.951861 0.000000
vt 0.190469 0.674583 0.000000
vt 0.190469 0.671638 0.000000
vt 0.681965 0.948930 0.000000
vt 0.681965 0.951861 0.000000
vt 0.191263 0.674583 0.000000
vt 0.191263 0.671638 0.000000
vt 0.681175 0.948930 0.000000
vt 0.681175 0.951861 0.000000
vt 0.192057 0.674583 0.000000
vt 0.192057 0.671638 0.000000
vt 0.680385 0.948930 0.000000
vt 0.680385 0.951861 0.000000
vt 0.192851 0.674583 0.000000
vt 0.192851 0.671638 0.000000
vt 0.679595 0.948930 0.000000
vt 0.679595 0.951861 0.000000
vt 0.193645 0.674583 0.000000
vt 0.193645 0.671638 0.000000
vt 0.678804 0.948930 0.000000
vt 0.678804 0.951861 0.000000
vt 0.194439 0.674583 0.000000
vt 0.194439 0.671638 0.000000
vt 0.678014 0.948930 0.000000
vt 0.678014 0.951861 0.000000
vt 0.195233 0.674583 0.000000
vt 0.195233 0.671638 0.000000
vt 0.677224 0.948930 0.000000
vt 0.677224 0.951861 0.000000
vt 0.196028 0.674583 0.000000
vt 0.196028 0.671638 0.000000
vt 0.676434 0.948930 0.000000
vt 0.676434 0.951861 0.000000
vt 0.196822 0.674583 0.000000
vt 0.196822 0.671638 0.000000
vt 0.675644 0.948930 0.000000
vt 0.675644 0.951861 0.000000
vt 0.197616 0.674583 0.000000
vt 0.197616 0.671638 0.000000
vt 0.674854 0.948930 0.000000
vt 0.674854 0.951861 0.000000
vt 0.198410 0.674583 0.000000
vt 0.198410 0.671638 0.000000
vt 0.674064 0.948930 0.000000
vt 0.674064 0.951861 0.000000
vt 0.199204 0.674583 0.000000
vt 0.199204 0.671638 0.000000
vt 0.673274 0.948930 0.000000
vt 0.673274 0.951861 0.000000
vt 0.199998 0.674583 0.000000
vt 0.199998 0.671638 0.000000
vt 0.672484 0.948930 0.000000
vt 0.672484 0.951861 0.000000
vt 0.200792 0.674583 0.000000
vt 0.200792 0.671638 0.000000
vt 0.671694 0.948930 0.000000
vt 0.671694 0.951861 0.000000
vt 0.201586 0.674583 0.000000
vt 0.201586 0.671638 0.000000
vt 0.670904 0.948930 0.000000
vt 0.670904 0.951861 0.000000
vt 0.202380 0.674583 0.000000
vt 0.202380 0.671638 0.000000
vt 0.670114 0.948930 0.000000
vt 0.670114 0.951861 0.000000
vt 0.203174 0.674583 0.000000
vt 0.203174 0.671638 0.000000
vt 0.669324 0.948930 0.000000
vt 0.669324 0.951861 0.000000
vt 0.203968 0.674583 0.000000
vt 0.203968 0.671638 0.000000
vt 0.668534 0.948930 0.000000
vt 0.668534 0.951861 0.000000
vt 0.204762 0.674583 0.000000
vt 0.204762 0.671638 0.000000
vt 0.667744 0.948930 0.000000
vt 0.667744 0.951861 0.000000
vt 0.205556 0.674583 0.000000
vt 0.205556 0.671638 0.000000
vt 0.666954 0.948930 0.000000
vt 0.666954 0.951861 0.000000
vt 0.206350 0.674583 0.000000
vt 0.206350 0.671638 0.000000
vt 0.666164 0.948930 0.000000
vt 0.666164 0.951861 0.000000
vt 0.207144 0.674583 0.000000
vt 0.207144 0.671638 0.000000
vt 0.665374 0.948930 0.000000
vt 0.665374 0.951861 0.000000
vt 0.207938 0.674583 0.000000
vt 0.207938 0.671638 0.000000
vt 0.664584 0.948930 0.000000
vt 0.664584 0.951861 0.000000
vt 0.208732 0.674583 0.000000
vt 0.208732 0.671638 0.000000
vt 0.663794 0.948930 0.000000
vt 0.663794 0.951861 0.000000
vt 0.209526 0.674583 0.000000
vt 0.209526 0.671638 0.000000
vt 0.663004 0.948930 0.000000
vt 0.663004 0.951861 0.000000
vt 0.210320 0.674583 0.000000
vt 0.210320 0.671638 0.000000
vt 0.662214 0.948930 0.000000
vt 0.662214 0.951861 0.000000
vt 0.211114 0.674583 0.000000
vt 0.211114 0.671638 0.000000
vt 0.661424 0.948930 0.000000
vt 0.661424 0.951861 0.000000
vt 0.211908 0.674583 0.000000
vt 0.211908 0.671638 0.000000
vt 0.660634 0.948930 0.000000
vt 0.660634 0.951861 0.000000
vt 0.212702 0.674583 0.000000
vt 0.212702 0.671638 0.000000
vt 0.659844 0.948930 0.000000
vt 0.659844 0.951861 0.000000
vt 0.213496 0.674583 0.000000
vt 0.213496 0.671638 0.000000
vt 0.659054 0.948930 0.000000
vt 0.659054 0.951861 0.000000
vt 0.214290 0.674583 0.000000
vt 0.214290 0.671638 0.000000
vt 0.658264 0.948930 0.000000
vt 0.658264 0.951861 0.000000
vt 0.215084 0.674583 0.000000
vt 0.215084 0.671638 0.000000
vt 0.657474 0.948930 0.000000
vt 0.657474 0.951861 0.000000
vt 0.215879 0.674583 0.000000
vt 0.215879 0.671638 0.000000
vt 0.656684 0.948930 0.000000
vt 0.656684 0.951861 0.000000
vt 0.216673 0.674583 0.000000
vt 0.216673 0.671638 0.000000
vt 0.655894 0.948930 0.000000
vt 0.655894 0.951861 0.000000
vt 0.217467 0.674583 0.000000
vt 0.217467 0.671638 0.000000
vt 0.655104 0.948930 0.000000
vt 0.655104 0.951861 0.000000
vt 0.218261 0.674583 0.000000
vt 0.218261 0.671638 0.000000
vt 0.654314 0.948930 0.000000
vt 0.654314 0.951861 0.000000
vt 0.219055 0.674583 0.000000
vt 0.219055 0.671638 0.000000
vt 0.653524 0.948930 0.000000
vt 0.653524 0.951861 0.000000
vt 0.219849 0.674583 0.000000
vt 0.219849 0.671638 0.000000
vt 0.652734 0.948930 0.000000
vt 0.652734 0.951861 0.000000
vt 0.220643 0.674583 0.000000
vt 0.220643 0.671638 0.000000
vt 0.651944 0.948930 0.000000
vt 0.651944 0.951861 0.000000
vt 0.221437 0.674583 0.000000
vt 0.221437 0.671638 0.000000
vt 0.651154 0.948930 0.000000
vt 0.651154 0.951861 0.000000
vt 0.222231 0.674583 0.000000
vt 0.222231 0.671638 0.000000
vt 0.650364 0.948930 0.000000
vt 0.650364 0.951861 0.000000
vt 0.223025 0.674583 0.000000
vt 0.223025 0.671638 0.000000
vt 0.649574 0.948930 0.000000
vt 0.649574 0.951861 0.000000
vt 0.223819 0.674583 0.000000
vt 0.223819 0.671638 0.000000
vt 0.146003 0.674583 0.000000
vt 0.224613 0.671638 0.000000
vt 0.734215 0.956086 0.000000
vt 0.734215 0.953156 0.000000
vt 0.733425 0.953156 0.000000
vt 0.733425 0.956086 0.000000
vt 0.476516 0.992640 0.000000
vt 0.476516 0.989710 0.000000
vt 0.732636 0.953156 0.000000
vt 0.732636 0.956086 0.000000
vt 0.477306 0.992640 0.000000
vt 0.477306 0.989710 0.000000
vt 0.731846 0.953156 0.000000
vt 0.731846 0.956086 0.000000
vt 0.478095 0.992640 0.000000
vt 0.478095 0.989710 0.000000
vt 0.731057 0.953156 0.000000
vt 0.731057 0.956086 0.000000
vt 0.478885 0.992640 0.000000
vt 0.478885 0.989710 0.000000
vt 0.730267 0.953156 0.000000
vt 0.730267 0.956086 0.000000
vt 0.479675 0.992640 0.000000
vt 0.479675 0.989710 0.000000
vt 0.729477 0.953156 0.000000
vt 0.729477 0.956086 0.000000
vt 0.480464 0.992640 0.000000
vt 0.480464 0.989710 0.000000
vt 0.728688 0.953156 0.000000
vt 0.728688 0.956086 0.000000
vt 0.481254 0.992640 0.000000
vt 0.481254 0.989710 0.000000
vt 0.727898 0.953156 0.000000
vt 0.727898 0.956086 0.000000
vt 0.482044 0.992640 0.000000
vt 0.482044 0.989710 0.000000
vt 0.727108 0.953156 0.000000
vt 0.727108 0.956086 0.000000
vt 0.482833 0.992640 0.000000
vt 0.482833 0.989710 0.000000
vt 0.726319 0.953156 0.000000
vt 0.726319 0.956086 0.000000
vt 0.483623 0.992640 0.000000
vt 0.483623 0.989710 0.000000
vt 0.725529 0.953156 0.000000
vt 0.725529 0.956086 0.000000
vt 0.484412 0.992640 0.000000
vt 0.484412 0.989710 0.000000
vt 0.724739 0.953156 0.000000
vt 0.724739 0.956086 0.000000
vt 0.485202 0.992640 0.000000
vt 0.485202 0.989710 0.000000
vt 0.723950 0.953156 0.000000
vt 0.723950 0.956086 0.000000
vt 0.485992 0.992640 0.000000
vt 0.485992 0.989710 0.000000
vt 0.723160 0.953156 0.000000
vt 0.723160 0.956086 0.000000
vt 0.486781 0.992640 0.000000
vt 0.486781 0.989710 0.000000
vt 0.722371 0.953156 0.000000
vt 0.722371 0.956086 0.000000
vt 0.487571 0.992640 0.000000
vt 0.487571 0.989710 0.000000
vt 0.721581 0.953156 0.000000
vt 0.721581 0.956086 0.000000
vt 0.488360 0.992640 0.000000
vt 0.488360 0.989710 0.000000
vt 0.720791 0.953156 0.000000
vt 0.720791 0.956086 0.000000
vt 0.489150 0.992640 0.000000
vt 0.489150 0.989710 0.000000
vt 0.720002 0.953156 0.000000
vt 0.720002 0.956086 0.000000
vt 0.489940 0.992640 0.000000
vt 0.489940 0.989710 0.000000
vt 0.719212 0.953156 0.000000
vt 0.719212 0.956086 0.000000
vt 0.490729 0.992640 0.000000
vt 0.490729 0.989710 0.000000
vt 0.718422 0.953156 0.000000
vt 0.718422 0.956086 0.000000
vt 0.491519 0.992640 0.000000
vt 0.491519 0.989710 0.000000
vt 0.717633 0.953156 0.000000
vt 0.717633 0.956086 0.000000
vt 0.492309 0.992640 0.000000
vt 0.492309 0.989710 0.000000
vt 0.716843 0.953156 0.000000
vt 0.716843 0.956086 0.000000
vt 0.493098 0.992640 0.000000
vt 0.493098 0.989710 0.000000
vt 0.716053 0.953156 0.000000
vt 0.716053 0.956086 0.000000
vt 0.493888 0.992640 0.000000
vt 0.493888 0.989710 0.000000
vt 0.715264 0.953156 0.000000
vt 0.715264 0.956086 0.000000
vt 0.494677 0.992640 0.000000
vt 0.494677 0.989710 0.000000
vt 0.714474 0.953156 0.000000
vt 0.714474 0.956086 0.000000
vt 0.495467 0.992640 0.000000
vt 0.495467 0.989710 0.000000
vt 0.713684 0.953156 0.000000
vt 0.713684 0.956086 0.000000
vt 0.496257 0.992640 0.000000
vt 0.496257 0.989710 0.000000
vt 0.712895 0.953156 0.000000
vt 0.712895 0.956086 0.000000
vt 0.497046 0.992640 0.000000
vt 0.497046 0.989710 0.000000
vt 0.712105 0.953156 0.000000
vt 0.712105 0.956086 0.000000
vt 0.497836 0.992640 0.000000
vt 0.497836 0.989710 0.000000
vt 0.711316 0.953156 0.000000
vt 0.711316 0.956086 0.000000
vt 0.498625 0.992640 0.000000
vt 0.498625 0.989710 0.000000
vt 0.710526 0.953156 0.000000
vt 0.710526 0.956086 0.000000
vt 0.499415 0.992640 0.000000
vt 0.499415 0.989710 0.000000
vt 0.709736 0.953156 0.000000
vt 0.709736 0.956086 0.000000
vt 0.500205 0.992640 0.000000
vt 0.500205 0.989710 0.000000
vt 0.708947 0.953156 0.000000
vt 0.708947 0.956086 0.000000
vt 0.500994 0.992640 0.000000
vt 0.500994 0.989710 0.000000
vt 0.708157 0.953156 0.000000
vt 0.708157 0.956086 0.000000
vt 0.501784 0.992640 0.000000
vt 0.501784 0.989710 0.000000
vt 0.707367 0.953156 0.000000
vt 0.707367 0.956086 0.000000
vt 0.502574 0.992640 0.000000
vt 0.502574 0.989710 0.000000
vt 0.706578 0.953156 0.000000
vt 0.706578 0.956086 0.000000
vt 0.503363 0.992640 0.000000
vt 0.503363 0.989710 0.000000
vt 0.705788 0.953156 0.000000
vt 0.705788 0.956086 0.000000
vt 0.504153 0.992640 0.000000
vt 0.504153 0.989710 0.000000
vt 0.704998 0.953156 0.000000
vt 0.704998 0.956086 0.000000
vt 0.504942 0.992640 0.000000
vt 0.504942 0.989710 0.000000
vt 0.704209 0.953156 0.000000
vt 0.704209 0.956086 0.000000
vt 0.505732 0.992640 0.000000
vt 0.505732 0.989710 0.000000
vt 0.703419 0.953156 0.000000
vt 0.703419 0.956086 0.000000
vt 0.506522 0.992640 0.000000
vt 0.506522 0.989710 0.000000
vt 0.702629 0.953156 0.000000
vt 0.702629 0.956086 0.000000
vt 0.507311 0.992640 0.000000
vt 0.507311 0.989710 0.000000
vt 0.701840 0.953156 0.000000
vt 0.701840 0.956086 0.000000
vt 0.508101 0.992640 0.000000
vt 0.508101 0.989710 0.000000
vt 0.701050 0.953156 0.000000
vt 0.701050 0.956086 0.000000
vt 0.508890 0.992640 0.000000
vt 0.508890 0.989710 0.000000
vt 0.700261 0.953156 0.000000
vt 0.700261 0.956086 0.000000
vt 0.509680 0.992640 0.000000
vt 0.509680 0.989710 0.000000
vt 0.699471 0.953156 0.000000
vt 0.699471 0.956086 0.000000
vt 0.510470 0.992640 0.000000
vt 0.510470 0.989710 0.000000
vt 0.698681 0.953156 0.000000
vt 0.698681 0.956086 0.000000
vt 0.511259 0.992640 0.000000
vt 0.511259 0.989710 0.000000
vt 0.697892 0.953156 0.000000
vt 0.697892 0.956086 0.000000
vt 0.512049 0.992640 0.000000
vt 0.512049 0.989710 0.000000
vt 0.697102 0.953156 0.000000
vt 0.697102 0.956086 0.000000
vt 0.512839 0.992640 0.000000
vt 0.512839 0.989710 0.000000
vt 0.696312 0.953156 0.000000
vt 0.696312 0.956086 0.000000
vt 0.513628 0.992640 0.000000
vt 0.513628 0.989710 0.000000
vt 0.695523 0.953156 0.000000
vt 0.695523 0.956086 0.000000
# 8951 texture coordinates

o Cloner
usemtl default
f 3/4/1 9/3/1 4/6/2 2/5/2 10/2/2 1/1/1
f 5/12/3 6/11/3 4/9/3 9/8/3 3/7/3
f 7/16/4 8/15/5 6/14/5 5/13/4
f 5/20/6 3/19/6 1/18/6 7/17/6
f 1/21/7 10/25/7 2/24/7 8/23/7 7/22/7
f 4/28/8 6/14/5 8/15/5 2/27/8
f 13/32/9 19/31/9 14/34/2 12/33/2 20/30/2 11/29/9
f 15/39/6 16/38/6 14/37/6 19/36/6 13/35/6
f 17/43/10 18/42/11 16/41/11 15/40/10
f 15/47/7 13/46/7 11/45/7 17/44/7
f 11/48/8 20/52/8 12/51/8 18/50/8 17/49/8
f 14/54/3 16/41/11 18/42/11 12/53/3
f 23/58/12 29/57/12 24/60/2 22/59/2 30/56/2 21/55/12
f 25/65/7 26/64/7 24/63/7 29/62/7 23/61/7
f 27/69/13 28/68/14 26/67/14 25/66/13
f 25/73/8 23/72/8 21/71/8 27/70/8
f 21/74/3 30/78/3 22/77/3 28/76/3 27/75/3
f 24/80/6 26/67/14 28/68/14 22/79/6
f 33/84/15 39/83/15 34/86/2 32/85/2 40/82/2 31/81/15
f 35/91/8 36/90/8 34/89/8 39/88/8 33/87/8
f 37/95/16 38/94/17 36/93/17 35/92/16
f 35/99/3 33/98/3 31/97/3 37/96/3
f 31/100/6 40/104/6 32/103/6 38/102/6 37/101/6
f 34/106/7 36/93/17 38/94/17 32/105/7
f 43/109/18 42/108/18 41/107/18
f 45/113/3 46/112/3 44/111/3
f 44/118/19 46/117/19 43/116/19 41/115/19
f 46/122/6 45/121/6 42/120/6 43/119/6
f 45/126/20 44/125/20 41/124/20 42/123/20
f 49/129/21 48/128/21 47/127/21
f 51/132/6 52/131/6 50/130/6
f 50/136/22 52/135/22 49/134/22 47/133/22
f 52/140/7 51/139/7 48/138/7 49/137/7
f 51/144/23 50/143/23 47/142/23 48/141/23
f 55/147/24 54/146/24 53/145/24
f 57/150/7 58/149/7 56/148/7
f 56/154/25 58/153/25 55/152/25 53/151/25
f 58/158/8 57/157/8 54/156/8 55/155/8
f 57/162/26 56/161/26 53/160/26 54/159/26
f 61/165/6 60/164/6 59/163/6
f 63/168/8 64/167/8 62/166/8
f 62/172/27 64/171/27 61/170/27 59/169/27
f 64/176/3 63/175/3 60/174/3 61/173/3
f 63/180/28 62/179/28 59/178/28 60/177/28
f 67/183/29 66/182/29 65/181/29
f 69/187/3 70/186/3 68/185/3
f 68/192/30 70/191/30 67/190/30 65/189/30
f 70/196/6 69/195/6 66/194/6 67/193/6
f 69/195/31 68/198/31 65/197/31 66/194/31
f 73/201/21 72/200/21 71/199/21
f 75/205/6 76/204/6 74/203/6
f 74/210/32 76/209/32 73/208/32 71/207/32
f 76/214/7 75/213/7 72/212/7 73/211/7
f 75/213/33 74/216/33 71/215/33 72/212/33
f 79/219/34 78/218/34 77/217/34
f 81/223/7 82/222/7 80/221/7
f 80/228/35 82/227/35 79/226/35 77/225/35
f 82/232/8 81/231/8 78/230/8 79/229/8
f 81/231/36 80/234/36 77/233/36 78/230/36
f 85/237/6 84/236/6 83/235/6
f 87/241/8 88/240/8 86/239/8
f 86/246/37 88/245/37 85/244/37 83/243/37
f 88/250/3 87/249/3 84/248/3 85/247/3
f 87/249/38 86/252/38 83/251/38 84/248/38
f 4643/256/40 4247/255/40 4051/254/39 4447/253/39
f 93/260/42 3922/259/42 3920/258/41 91/257/41
f 1082/263/45 90/262/44 1081/261/43
f 4448/268/47 4052/267/47 4248/266/46 89/265/46
f 95/270/48 3924/269/48 3922/259/42 93/260/42
f 1083/271/49 90/262/44 1082/263/45
f 4641/276/50 4245/275/50 4247/274/40 4643/273/40
f 97/278/51 3926/277/51 3924/269/48 95/270/48
f 1084/279/52 90/262/44 1083/271/49
f 89/265/46 4248/266/46 4246/282/53 4642/281/53
f 99/284/54 3928/283/54 3926/277/51 97/278/51
f 1085/285/55 90/262/44 1084/279/52
f 4639/288/56 4243/287/56 4245/275/50 4641/276/50
f 101/290/57 3930/289/57 3928/283/54 99/284/54
f 1086/291/58 90/262/44 1085/285/55
f 4642/281/53 4246/282/53 4244/294/59 4640/293/59
f 103/296/60 3932/295/60 3930/289/57 101/290/57
f 1087/297/61 90/262/44 1086/291/58
f 4637/300/62 4241/299/62 4243/287/56 4639/288/56
f 105/302/63 3934/301/63 3932/295/60 103/296/60
f 1088/303/64 90/262/44 1087/297/61
f 4640/293/59 4244/294/59 4242/306/65 4638/305/65
f 107/308/66 3936/307/66 3934/301/63 105/302/63
f 1089/309/67 90/262/44 1088/303/64
f 4635/312/68 4239/311/68 4241/299/62 4637/300/62
f 109/314/69 3938/313/69 3936/307/66 107/308/66
f 1090/315/70 90/262/44 1089/309/67
f 4638/305/65 4242/306/65 4240/318/71 4636/317/71
f 111/320/72 3940/319/72 3938/313/69 109/314/69
f 1091/321/73 90/262/44 1090/315/70
f 4633/324/74 4237/323/74 4239/311/68 4635/312/68
f 113/326/75 3942/325/75 3940/319/72 111/320/72
f 1092/327/76 90/262/44 1091/321/73
f 4636/317/71 4240/318/71 4238/330/77 4634/329/77
f 115/332/78 3944/331/78 3942/325/75 113/326/75
f 1093/333/79 90/262/44 1092/327/76
f 4631/336/80 4235/335/80 4237/323/74 4633/324/74
f 117/338/81 3946/337/81 3944/331/78 115/332/78
f 1094/339/82 90/262/44 1093/333/79
f 4634/329/77 4238/330/77 4236/342/83 4632/341/83
f 119/344/84 3948/343/84 3946/337/81 117/338/81
f 1095/345/85 90/262/44 1094/339/82
f 4629/348/86 4233/347/86 4235/335/80 4631/336/80
f 121/350/87 3950/349/87 3948/343/84 119/344/84
f 1096/351/88 90/262/44 1095/345/85
f 4632/341/83 4236/342/83 4234/354/89 4630/353/89
f 123/356/90 3952/355/90 3950/349/87 121/350/87
f 1097/357/91 90/262/44 1096/351/88
f 4627/360/92 4231/359/92 4233/347/86 4629/348/86
f 125/362/93 3954/361/93 3952/355/90 123/356/90
f 1098/363/94 90/262/44 1097/357/91
f 4630/353/89 4234/354/89 4232/366/95 4628/365/95
f 127/368/96 3956/367/96 3954/361/93 125/362/93
f 1099/369/97 90/262/44 1098/363/94
f 4625/372/98 4229/371/98 4231/359/92 4627/360/92
f 129/374/99 3958/373/99 3956/367/96 127/368/96
f 1100/375/100 90/262/44 1099/369/97
f 4628/365/95 4232/366/95 4230/378/101 4626/377/101
f 131/380/102 3960/379/102 3958/373/99 129/374/99
f 1101/381/103 90/262/44 1100/375/100
f 4623/384/104 4227/383/104 4229/371/98 4625/372/98
f 133/386/105 3962/385/105 3960/379/102 131/380/102
f 1102/387/106 90/262/44 1101/381/103
f 4626/377/101 4230/378/101 4228/390/107 4624/389/107
f 135/392/108 3964/391/108 3962/385/105 133/386/105
f 1103/393/109 90/262/44 1102/387/106
f 4621/396/110 4225/395/110 4227/383/104 4623/384/104
f 137/398/111 3966/397/111 3964/391/108 135/392/108
f 1104/399/112 90/262/44 1103/393/109
f 4624/389/107 4228/390/107 4226/402/113 4622/401/113
f 139/404/114 3968/403/114 3966/397/111 137/398/111
f 1105/405/115 90/262/44 1104/399/112
f 4619/408/116 4223/407/116 4225/395/110 4621/396/110
f 141/410/117 3970/409/117 3968/403/114 139/404/114
f 1106/411/118 90/262/44 1105/405/115
f 4622/401/113 4226/402/113 4224/414/119 4620/413/119
f 143/416/120 3972/415/120 3970/409/117 141/410/117
f 1107/417/121 90/262/44 1106/411/118
f 4617/420/122 4221/419/122 4223/407/116 4619/408/116
f 145/422/123 3974/421/123 3972/415/120 143/416/120
f 1108/423/124 90/262/44 1107/417/121
f 4620/413/119 4224/414/119 4222/426/125 4618/425/125
f 147/428/126 3976/427/126 3974/421/123 145/422/123
f 1109/429/127 90/262/44 1108/423/124
f 4615/432/128 4219/431/128 4221/419/122 4617/420/122
f 149/434/129 3978/433/129 3976/427/126 147/428/126
f 1110/435/130 90/262/44 1109/429/127
f 4618/425/125 4222/426/125 4220/438/131 4616/437/131
f 151/440/132 3980/439/132 3978/433/129 149/434/129
f 1111/441/133 90/262/44 1110/435/130
f 4613/444/134 4217/443/134 4219/431/128 4615/432/128
f 153/446/135 3982/445/135 3980/439/132 151/440/132
f 1112/447/136 90/262/44 1111/441/133
f 4616/437/131 4220/438/131 4218/450/137 4614/449/137
f 155/452/138 3984/451/138 3982/445/135 153/446/135
f 1113/453/139 90/262/44 1112/447/136
f 4611/456/140 4215/455/140 4217/443/134 4613/444/134
f 157/458/141 3986/457/141 3984/451/138 155/452/138
f 1114/459/142 90/262/44 1113/453/139
f 4614/449/137 4218/450/137 4216/462/143 4612/461/143
f 159/464/144 3988/463/144 3986/457/141 157/458/141
f 1115/465/145 90/262/44 1114/459/142
f 4609/468/146 4213/467/146 4215/455/140 4611/456/140
f 161/470/147 3990/469/147 3988/463/144 159/464/144
f 1116/471/148 90/262/44 1115/465/145
f 4612/461/143 4216/462/143 4214/474/149 4610/473/149
f 163/476/150 3992/475/150 3990/469/147 161/470/147
f 1117/477/151 90/262/44 1116/471/148
f 4607/480/152 4211/479/152 4213/467/146 4609/468/146
f 165/482/153 3994/481/153 3992/475/150 163/476/150
f 1118/483/154 90/262/44 1117/477/151
f 4610/473/149 4214/474/149 4212/486/155 4608/485/155
f 167/488/156 3996/487/156 3994/481/153 165/482/153
f 1119/489/157 90/262/44 1118/483/154
f 4605/492/158 4209/491/158 4211/479/152 4607/480/152
f 169/494/159 3998/493/159 3996/487/156 167/488/156
f 1120/495/160 90/262/44 1119/489/157
f 4608/485/155 4212/486/155 4210/498/161 4606/497/161
f 171/500/162 4000/499/162 3998/493/159 169/494/159
f 1121/501/163 90/262/44 1120/495/160
f 4603/504/164 4207/503/164 4209/491/158 4605/492/158
f 173/506/165 4002/505/165 4000/499/162 171/500/162
f 1122/507/166 90/262/44 1121/501/163
f 4606/497/161 4210/498/161 4208/510/167 4604/509/167
f 175/512/168 4004/511/168 4002/505/165 173/506/165
f 1123/513/169 90/262/44 1122/507/166
f 4601/516/170 4205/515/170 4207/503/164 4603/504/164
f 177/518/171 4006/517/171 4004/511/168 175/512/168
f 1124/519/172 90/262/44 1123/513/169
f 4604/509/167 4208/510/167 4206/522/173 4602/521/173
f 179/524/174 4008/523/174 4006/517/171 177/518/171
f 1125/525/175 90/262/44 1124/519/172
f 4599/528/176 4203/527/176 4205/515/170 4601/516/170
f 181/530/177 4010/529/177 4008/523/174 179/524/174
f 1126/531/178 90/262/44 1125/525/175
f 4602/521/173 4206/522/173 4204/534/179 4600/533/179
f 183/536/180 4012/535/180 4010/529/177 181/530/177
f 1127/537/181 90/262/44 1126/531/178
f 4597/540/182 4201/539/182 4203/527/176 4599/528/176
f 185/542/183 4014/541/183 4012/535/180 183/536/180
f 1128/543/184 90/262/44 1127/537/181
f 4600/533/179 4204/534/179 4202/546/185 4598/545/185
f 187/548/186 4016/547/186 4014/541/183 185/542/183
f 1129/549/187 90/262/44 1128/543/184
f 4595/552/188 4199/551/188 4201/539/182 4597/540/182
f 189/554/189 4018/553/189 4016/547/186 187/548/186
f 1130/555/190 90/262/44 1129/549/187
f 4598/545/185 4202/546/185 4200/558/191 4596/557/191
f 191/560/192 4020/559/192 4018/553/189 189/554/189
f 1131/561/193 90/262/44 1130/555/190
f 4593/564/194 4197/563/194 4199/551/188 4595/552/188
f 193/566/195 4022/565/195 4020/559/192 191/560/192
f 1132/567/196 90/262/44 1131/561/193
f 4596/557/191 4200/558/191 4198/570/197 4594/569/197
f 195/572/198 4024/571/198 4022/565/195 193/566/195
f 1133/573/199 90/262/44 1132/567/196
f 4591/576/200 4195/575/200 4197/563/194 4593/564/194
f 197/578/201 4026/577/201 4024/571/198 195/572/198
f 1134/579/202 90/262/44 1133/573/199
f 4594/569/197 4198/570/197 4196/582/203 4592/581/203
f 199/584/204 4028/583/204 4026/577/201 197/578/201
f 1135/585/205 90/262/44 1134/579/202
f 4589/588/206 4193/587/206 4195/575/200 4591/576/200
f 201/590/207 4030/589/207 4028/583/204 199/584/204
f 1136/591/208 90/262/44 1135/585/205
f 4592/581/203 4196/582/203 4194/594/209 4590/593/209
f 203/596/210 4032/595/210 4030/589/207 201/590/207
f 1137/597/211 90/262/44 1136/591/208
f 4587/600/212 4191/599/212 4193/587/206 4589/588/206
f 205/602/213 4034/601/213 4032/595/210 203/596/210
f 1138/603/214 90/262/44 1137/597/211
f 4590/593/209 4194/594/209 4192/606/215 4588/605/215
f 207/608/216 4036/607/216 4034/601/213 205/602/213
f 1139/609/217 90/262/44 1138/603/214
f 4585/612/218 4189/611/218 4191/599/212 4587/600/212
f 209/614/219 4038/613/219 4036/607/216 207/608/216
f 1140/615/220 90/262/44 1139/609/217
f 4588/605/215 4192/606/215 4190/618/221 4586/617/221
f 211/620/222 4040/619/222 4038/613/219 209/614/219
f 1141/621/223 90/262/44 1140/615/220
f 4583/624/224 4187/623/224 4189/611/218 4585/612/218
f 213/626/225 4042/625/225 4040/619/222 211/620/222
f 1142/627/226 90/262/44 1141/621/223
f 4586/617/221 4190/618/221 4188/630/227 4584/629/227
f 215/632/228 4044/631/228 4042/625/225 213/626/225
f 1143/633/229 90/262/44 1142/627/226
f 4581/636/230 4185/635/230 4187/623/224 4583/624/224
f 217/638/231 4046/637/231 4044/631/228 215/632/228
f 1144/639/232 90/262/44 1143/633/229
f 4584/629/227 4188/630/227 4186/642/233 4582/641/233
f 219/644/234 4048/643/234 4046/637/231 217/638/231
f 1145/645/235 90/262/44 1144/639/232
f 4579/648/236 4183/647/236 4185/635/230 4581/636/230
f 221/650/237 4050/649/237 4048/643/234 219/644/234
f 1146/651/238 90/262/44 1145/645/235
f 4582/641/233 4186/642/233 4184/654/239 4580/653/239
f 223/656/240 3854/655/240 4050/649/237 221/650/237
f 1147/657/241 90/262/44 1146/651/238
f 4577/660/242 4181/659/242 4183/647/236 4579/648/236
f 225/662/243 3856/661/243 3854/655/240 223/656/240
f 1148/663/244 90/262/44 1147/657/241
f 4580/653/239 4184/654/239 4182/666/245 4578/665/245
f 227/668/246 3858/667/246 3856/661/243 225/662/243
f 1149/669/247 90/262/44 1148/663/244
f 4575/672/248 4179/671/248 4181/659/242 4577/660/242
f 229/674/249 3860/673/249 3858/667/246 227/668/246
f 1150/675/250 90/262/44 1149/669/247
f 4578/665/245 4182/666/245 4180/678/251 4576/677/251
f 231/680/252 3862/679/252 3860/673/249 229/674/249
f 1151/681/253 90/262/44 1150/675/250
f 4573/684/254 4177/683/254 4179/671/248 4575/672/248
f 233/686/255 3864/685/255 3862/679/252 231/680/252
f 1152/687/256 90/262/44 1151/681/253
f 4576/677/251 4180/678/251 4178/690/257 4574/689/257
f 235/692/258 3866/691/258 3864/685/255 233/686/255
f 1153/693/259 90/262/44 1152/687/256
f 4571/696/260 4175/695/260 4177/683/254 4573/684/254
f 237/698/261 3868/697/261 3866/691/258 235/692/258
f 1154/699/262 90/262/44 1153/693/259
f 4574/689/257 4178/690/257 4176/702/263 4572/701/263
f 239/704/264 3870/703/264 3868/697/261 237/698/261
f 1155/705/265 90/262/44 1154/699/262
f 4569/708/266 4173/707/266 4175/695/260 4571/696/260
f 241/710/267 3872/709/267 3870/703/264 239/704/264
f 1156/711/268 90/262/44 1155/705/265
f 4572/701/263 4176/702/263 4174/714/269 4570/713/269
f 243/716/270 3874/715/270 3872/709/267 241/710/267
f 1157/717/271 90/262/44 1156/711/268
f 4567/720/272 4171/719/272 4173/707/266 4569/708/266
f 245/722/273 3876/721/273 3874/715/270 243/716/270
f 1158/723/274 90/262/44 1157/717/271
f 4570/713/269 4174/714/269 4172/726/275 4568/725/275
f 247/728/276 3878/727/276 3876/721/273 245/722/273
f 1159/729/277 90/262/44 1158/723/274
f 4565/732/278 4169/731/278 4171/719/272 4567/720/272
f 249/734/279 3880/733/279 3878/727/276 247/728/276
f 1160/735/280 90/262/44 1159/729/277
f 4568/725/275 4172/726/275 4170/738/281 4566/737/281
f 251/740/282 3882/739/282 3880/733/279 249/734/279
f 1161/741/283 90/262/44 1160/735/280
f 4563/744/284 4167/743/284 4169/731/278 4565/732/278
f 253/746/285 3884/745/285 3882/739/282 251/740/282
f 1162/747/286 90/262/44 1161/741/283
f 4566/737/281 4170/738/281 4168/750/287 4564/749/287
f 255/752/288 3886/751/288 3884/745/285 253/746/285
f 1163/753/289 90/262/44 1162/747/286
f 4561/756/290 4165/755/290 4167/743/284 4563/744/284
f 257/758/291 3888/757/291 3886/751/288 255/752/288
f 1164/759/292 90/262/44 1163/753/289
f 4564/749/287 4168/750/287 4166/762/293 4562/761/293
f 259/764/294 3890/763/294 3888/757/291 257/758/291
f 1165/765/295 90/262/44 1164/759/292
f 4559/768/296 4163/767/296 4165/755/290 4561/756/290
f 261/770/297 3892/769/297 3890/763/294 259/764/294
f 1166/771/298 90/262/44 1165/765/295
f 4562/761/293 4166/762/293 4164/774/299 4560/773/299
f 263/776/300 3894/775/300 3892/769/297 261/770/297
f 1167/777/301 90/262/44 1166/771/298
f 4557/780/302 4161/779/302 4163/767/296 4559/768/296
f 265/782/303 3896/781/303 3894/775/300 263/776/300
f 1168/783/304 90/262/44 1167/777/301
f 4560/773/299 4164/774/299 4162/786/305 4558/785/305
f 267/788/306 3898/787/306 3896/781/303 265/782/303
f 1169/789/307 90/262/44 1168/783/304
f 4555/792/308 4159/791/308 4161/779/302 4557/780/302
f 269/794/309 3900/793/309 3898/787/306 267/788/306
f 1170/795/310 90/262/44 1169/789/307
f 4558/785/305 4162/786/305 4160/798/311 4556/797/311
f 271/800/312 3902/799/312 3900/793/309 269/794/309
f 1171/801/313 90/262/44 1170/795/310
f 4553/804/314 4157/803/314 4159/791/308 4555/792/308
f 273/806/315 3904/805/315 3902/799/312 271/800/312
f 1172/807/316 90/262/44 1171/801/313
f 4556/797/311 4160/798/311 4158/810/317 4554/809/317
f 275/812/318 3906/811/318 3904/805/315 273/806/315
f 1173/813/319 90/262/44 1172/807/316
f 4551/816/320 4155/815/320 4157/803/314 4553/804/314
f 277/818/321 3908/817/321 3906/811/318 275/812/318
f 1174/819/322 90/262/44 1173/813/319
f 4554/809/317 4158/810/317 4156/822/323 4552/821/323
f 279/824/324 3910/823/324 3908/817/321 277/818/321
f 1175/825/325 90/262/44 1174/819/322
f 4549/828/326 4153/827/326 4155/815/320 4551/816/320
f 281/830/327 3912/829/327 3910/823/324 279/824/324
f 1176/831/328 90/262/44 1175/825/325
f 4552/821/323 4156/822/323 4154/834/329 4550/833/329
f 283/836/330 3914/835/330 3912/829/327 281/830/327
f 1177/837/331 90/262/44 1176/831/328
f 4547/840/332 4151/839/332 4153/827/326 4549/828/326
f 285/842/333 3916/841/333 3914/835/330 283/836/330
f 1178/843/334 90/262/44 1177/837/331
f 4550/833/329 4154/834/329 4152/846/335 4548/845/335
f 287/848/336 3918/847/336 3916/841/333 285/842/333
f 1179/849/337 90/262/44 1178/843/334
f 4545/852/338 4149/851/338 4151/839/332 4547/840/332
f 91/854/41 3920/853/41 3918/847/336 287/848/336
f 1081/261/43 90/262/44 1179/849/337
f 289/859/342 2232/858/341 2234/857/340 290/856/339
f 290/856/339 2234/857/340 2236/861/344 291/860/343
f 291/860/343 2236/861/344 2238/863/346 292/862/345
f 292/862/345 2238/863/346 2240/865/348 293/864/347
f 293/864/347 2240/865/348 2242/867/350 294/866/349
f 294/866/349 2242/867/350 2244/869/352 295/868/351
f 295/868/351 2244/869/352 2246/871/354 296/870/353
f 296/870/353 2246/871/354 2248/873/356 297/872/355
f 297/872/355 2248/873/356 2250/875/358 298/874/357
f 298/874/357 2250/875/358 2252/877/360 299/876/359
f 299/876/359 2252/877/360 2254/879/362 300/878/361
f 300/878/361 2254/879/362 2256/881/364 301/880/363
f 301/880/363 2256/881/364 2258/883/366 302/882/365
f 302/882/365 2258/883/366 2260/885/368 303/884/367
f 303/884/367 2260/885/368 2262/887/370 304/886/369
f 304/886/369 2262/887/370 2264/889/372 305/888/371
f 305/888/371 2264/889/372 2266/891/374 306/890/373
f 306/890/373 2266/891/374 1975/893/376 307/892/375
f 307/892/375 1975/893/376 1979/895/378 308/894/377
f 308/894/377 1979/895/378 1983/897/380 309/896/379
f 309/896/379 1983/897/380 1987/899/382 310/898/381
f 310/898/381 1987/899/382 1991/901/384 311/900/383
f 311/900/383 1991/901/384 1995/903/386 312/902/385
f 312/902/385 1995/903/386 1999/905/388 313/904/387
f 313/904/387 1999/905/388 2003/907/390 314/906/389
f 314/906/389 2003/907/390 2007/909/392 315/908/391
f 315/908/391 2007/909/392 2011/911/394 316/910/393
f 316/910/393 2011/911/394 2015/913/396 317/912/395
f 317/912/395 2015/913/396 2019/915/398 318/914/397
f 318/914/397 2019/915/398 2023/917/400 319/916/399
f 319/916/399 2023/917/400 2027/919/402 320/918/401
f 320/918/401 2027/919/402 2031/921/404 321/920/403
f 321/920/403 2031/921/404 2035/923/406 322/922/405
f 322/922/405 2035/923/406 2039/925/408 323/924/407
f 323/924/407 2039/925/408 2043/927/410 324/926/409
f 324/926/409 2043/927/410 2047/929/412 325/928/411
f 325/928/411 2047/929/412 2051/931/414 326/930/413
f 326/930/413 2051/931/414 2055/933/416 327/932/415
f 327/932/415 2055/933/416 2059/935/418 328/934/417
f 328/934/417 2059/935/418 2063/937/420 329/936/419
f 329/936/419 2063/937/420 2067/939/422 330/938/421
f 330/938/421 2067/939/422 2071/941/424 331/940/423
f 331/940/423 2071/941/424 2075/943/426 332/942/425
f 332/942/425 2075/943/426 2079/945/428 333/944/427
f 333/944/427 2079/945/428 2083/947/430 334/946/429
f 334/946/429 2083/947/430 2087/949/432 335/948/431
f 335/948/431 2087/949/432 2091/951/434 336/950/433
f 336/950/433 2091/951/434 2095/953/436 337/952/435
f 337/952/435 2095/953/436 2099/955/438 338/954/437
f 338/954/437 2099/955/438 2103/957/440 339/956/439
f 339/956/439 2103/957/440 2107/959/442 340/958/441
f 340/958/441 2107/959/442 2111/961/444 341/960/443
f 341/960/443 2111/961/444 2115/963/446 342/962/445
f 342/962/445 2115/963/446 2119/965/448 343/964/447
f 343/964/447 2119/965/448 2123/967/450 344/966/449
f 344/966/449 2123/967/450 2127/969/452 345/968/451
f 345/968/451 2127/969/452 2131/971/454 346/970/453
f 346/970/453 2131/971/454 2135/973/456 347/972/455
f 347/972/455 2135/973/456 2139/975/458 348/974/457
f 348/974/457 2139/975/458 2143/977/460 349/976/459
f 349/976/459 2143/977/460 2147/979/462 350/978/461
f 350/978/461 2147/979/462 2151/981/464 351/980/463
f 351/980/463 2151/981/464 2155/983/466 352/982/465
f 352/982/465 2155/983/466 2159/985/468 353/984/467
f 353/984/467 2159/985/468 2163/987/470 354/986/469
f 354/986/469 2163/987/470 2167/989/472 355/988/471
f 355/988/471 2167/989/472 2268/991/474 356/990/473
f 356/990/473 2268/991/474 2170/993/476 357/992/475
f 357/992/475 2170/993/476 2172/995/478 358/994/477
f 358/994/477 2172/995/478 2174/997/480 359/996/479
f 359/996/479 2174/997/480 2176/999/482 360/998/481
f 360/998/481 2176/999/482 2178/1001/484 361/1000/483
f 361/1000/483 2178/1001/484 2180/1003/486 362/1002/485
f 362/1002/485 2180/1003/486 2182/1005/488 363/1004/487
f 363/1004/487 2182/1005/488 2184/1007/490 364/1006/489
f 364/1006/489 2184/1007/490 2186/1009/492 365/1008/491
f 365/1008/491 2186/1009/492 2188/1011/494 366/1010/493
f 366/1010/493 2188/1011/494 2190/1013/496 367/1012/495
f 367/1012/495 2190/1013/496 2192/1015/498 368/1014/497
f 368/1014/497 2192/1015/498 2194/1017/500 369/1016/499
f 369/1016/499 2194/1017/500 2196/1019/502 370/1018/501
f 370/1018/501 2196/1019/502 2198/1021/504 371/1020/503
f 371/1020/503 2198/1021/504 2200/1023/506 372/1022/505
f 372/1022/505 2200/1023/506 2202/1025/508 373/1024/507
f 373/1024/507 2202/1025/508 2204/1027/510 374/1026/509
f 374/1026/509 2204/1027/510 2206/1029/512 375/1028/511
f 375/1028/511 2206/1029/512 2208/1031/514 376/1030/513
f 376/1030/513 2208/1031/514 2210/1033/516 377/1032/515
f 377/1032/515 2210/1033/516 2212/1035/518 378/1034/517
f 378/1034/517 2212/1035/518 2214/1037/520 379/1036/519
f 379/1036/519 2214/1037/520 2216/1039/522 380/1038/521
f 380/1038/521 2216/1039/522 2218/1041/524 381/1040/523
f 381/1040/523 2218/1041/524 2220/1043/526 382/1042/525
f 382/1042/525 2220/1043/526 2222/1045/528 383/1044/527
f 383/1044/527 2222/1045/528 2224/1047/530 384/1046/529
f 384/1046/529 2224/1047/530 2226/1049/532 385/1048/531
f 385/1048/531 2226/1049/532 2228/1051/534 386/1050/533
f 386/1050/533 2228/1051/534 2230/1053/536 387/1052/535
f 387/1052/535 2230/1053/536 2232/1055/341 289/1054/342
f 388/1059/538 289/1058/342 290/1057/339 389/1056/537
f 389/1056/537 290/1057/339 291/1061/343 390/1060/539
f 390/1060/539 291/1061/343 292/1063/345 391/1062/540
f 391/1062/540 292/1063/345 293/1065/347 392/1064/541
f 392/1064/541 293/1065/347 294/1067/349 393/1066/542
f 393/1066/542 294/1067/349 295/1069/351 394/1068/543
f 394/1068/543 295/1069/351 296/1071/353 395/1070/544
f 395/1070/544 296/1071/353 297/1073/355 396/1072/545
f 396/1072/545 297/1073/355 298/1075/357 397/1074/546
f 397/1074/546 298/1075/357 299/1077/359 398/1076/547
f 398/1076/547 299/1077/359 300/1079/361 399/1078/548
f 399/1078/548 300/1079/361 301/1081/363 400/1080/549
f 400/1080/549 301/1081/363 302/1083/365 401/1082/550
f 401/1082/550 302/1083/365 303/1085/367 402/1084/551
f 402/1084/551 303/1085/367 304/1087/369 403/1086/552
f 403/1086/552 304/1087/369 305/1089/371 404/1088/553
f 404/1088/553 305/1089/371 306/1091/373 405/1090/554
f 405/1090/554 306/1091/373 307/1093/375 406/1092/555
f 406/1092/555 307/1093/375 308/1095/377 407/1094/556
f 407/1094/556 308/1095/377 309/1097/379 408/1096/557
f 408/1096/557 309/1097/379 310/1099/381 409/1098/558
f 409/1098/558 310/1099/381 311/1101/383 410/1100/559
f 410/1100/559 311/1101/383 312/1103/385 411/1102/560
f 411/1102/560 312/1103/385 313/1105/387 412/1104/561
f 412/1104/561 313/1105/387 314/1107/389 413/1106/562
f 413/1106/562 314/1107/389 315/1109/391 414/1108/563
f 414/1108/563 315/1109/391 316/1111/393 415/1110/564
f 415/1110/564 316/1111/393 317/1113/395 416/1112/565
f 416/1112/565 317/1113/395 318/1115/397 417/1114/566
f 417/1114/566 318/1115/397 319/1117/399 418/1116/567
f 418/1116/567 319/1117/399 320/1119/401 419/1118/568
f 419/1118/568 320/1119/401 321/1121/403 420/1120/569
f 420/1120/569 321/1121/403 322/1123/405 421/1122/570
f 421/1122/570 322/1123/405 323/1125/407 422/1124/571
f 422/1124/571 323/1125/407 324/1127/409 423/1126/572
f 423/1126/572 324/1127/409 325/1129/411 424/1128/573
f 424/1128/573 325/1129/411 326/1131/413 425/1130/574
f 425/1130/574 326/1131/413 327/1133/415 426/1132/575
f 426/1132/575 327/1133/415 328/1135/417 427/1134/576
f 427/1134/576 328/1135/417 329/1137/419 428/1136/577
f 428/1136/577 329/1137/419 330/1139/421 429/1138/578
f 429/1138/578 330/1139/421 331/1141/423 430/1140/579
f 430/1140/579 331/1141/423 332/1143/425 431/1142/580
f 431/1142/580 332/1143/425 333/1145/427 432/1144/581
f 432/1144/581 333/1145/427 334/1147/429 433/1146/582
f 433/1146/582 334/1147/429 335/1149/431 434/1148/583
f 434/1148/583 335/1149/431 336/1151/433 435/1150/584
f 435/1150/584 336/1151/433 337/1153/435 436/1152/585
f 436/1152/585 337/1153/435 338/1155/437 437/1154/586
f 437/1154/586 338/1155/437 339/1157/439 438/1156/587
f 438/1156/587 339/1157/439 340/1159/441 439/1158/588
f 439/1158/588 340/1159/441 341/1161/443 440/1160/589
f 440/1160/589 341/1161/443 342/1163/445 441/1162/590
f 441/1162/590 342/1163/445 343/1165/447 442/1164/591
f 442/1164/591 343/1165/447 344/1167/449 443/1166/592
f 443/1166/592 344/1167/449 345/1169/451 444/1168/593
f 444/1168/593 345/1169/451 346/1171/453 445/1170/594
f 445/1170/594 346/1171/453 347/1173/455 446/1172/595
f 446/1172/595 347/1173/455 348/1175/457 447/1174/596
f 447/1174/596 348/1175/457 349/1177/459 448/1176/597
f 448/1176/597 349/1177/459 350/1179/461 449/1178/598
f 449/1178/598 350/1179/461 351/1181/463 450/1180/599
f 450/1180/599 351/1181/463 352/1183/465 451/1182/600
f 451/1182/600 352/1183/465 353/1185/467 452/1184/601
f 452/1184/601 353/1185/467 354/1187/469 453/1186/602
f 453/1186/602 354/1187/469 355/1189/471 454/1188/603
f 454/1188/603 355/1189/471 356/1191/473 455/1190/604
f 455/1190/604 356/1191/473 357/1193/475 456/1192/605
f 456/1192/605 357/1193/475 358/1195/477 457/1194/606
f 457/1194/606 358/1195/477 359/1197/479 458/1196/607
f 458/1196/607 359/1197/479 360/1199/481 459/1198/608
f 459/1198/608 360/1199/481 361/1201/483 460/1200/609
f 460/1200/609 361/1201/483 362/1203/485 461/1202/610
f 461/1202/610 362/1203/485 363/1205/487 462/1204/611
f 462/1204/611 363/1205/487 364/1207/489 463/1206/612
f 463/1206/612 364/1207/489 365/1209/491 464/1208/613
f 464/1208/613 365/1209/491 366/1211/493 465/1210/614
f 465/1210/614 366/1211/493 367/1213/495 466/1212/615
f 466/1212/615 367/1213/495 368/1215/497 467/1214/616
f 467/1214/616 368/1215/497 369/1217/499 468/1216/617
f 468/1216/617 369/1217/499 370/1219/501 469/1218/618
f 469/1218/618 370/1219/501 371/1221/503 470/1220/619
f 470/1220/619 371/1221/503 372/1223/505 471/1222/620
f 471/1222/620 372/1223/505 373/1225/507 472/1224/621
f 472/1224/621 373/1225/507 374/1227/509 473/1226/622
f 473/1226/622 374/1227/509 375/1229/511 474/1228/623
f 474/1228/623 375/1229/511 376/1231/513 475/1230/624
f 475/1230/624 376/1231/513 377/1233/515 476/1232/625
f 476/1232/625 377/1233/515 378/1235/517 477/1234/626
f 477/1234/626 378/1235/517 379/1237/519 478/1236/627
f 478/1236/627 379/1237/519 380/1239/521 479/1238/628
f 479/1238/628 380/1239/521 381/1241/523 480/1240/629
f 480/1240/629 381/1241/523 382/1243/525 481/1242/630
f 481/1242/630 382/1243/525 383/1245/527 482/1244/631
f 482/1244/631 383/1245/527 384/1247/529 483/1246/632
f 483/1246/632 384/1247/529 385/1249/531 484/1248/633
f 484/1248/633 385/1249/531 386/1251/533 485/1250/634
f 485/1250/634 386/1251/533 387/1253/535 486/1252/635
f 486/1252/635 387/1253/535 289/1255/342 388/1254/538
f 487/1259/637 388/1258/538 389/1257/537 488/1256/636
f 488/1256/636 389/1257/537 390/1261/539 489/1260/638
f 489/1260/638 390/1261/539 391/1263/540 490/1262/639
f 490/1262/639 391/1263/540 392/1265/541 491/1264/640
f 491/1264/640 392/1265/541 393/1267/542 492/1266/641
f 492/1266/641 393/1267/542 394/1269/543 493/1268/642
f 493/1268/642 394/1269/543 395/1271/544 494/1270/643
f 494/1270/643 395/1271/544 396/1273/545 495/1272/644
f 495/1272/644 396/1273/545 397/1275/546 496/1274/645
f 496/1274/645 397/1275/546 398/1277/547 497/1276/646
f 497/1276/646 398/1277/547 399/1279/548 498/1278/647
f 498/1278/647 399/1279/548 400/1281/549 499/1280/648
f 499/1280/648 400/1281/549 401/1283/550 500/1282/649
f 500/1282/649 401/1283/550 402/1285/551 501/1284/650
f 501/1284/650 402/1285/551 403/1287/552 502/1286/651
f 502/1286/651 403/1287/552 404/1289/553 503/1288/652
f 503/1288/652 404/1289/553 405/1291/554 504/1290/653
f 504/1290/653 405/1291/554 406/1293/555 505/1292/654
f 505/1292/654 406/1293/555 407/1295/556 506/1294/655
f 506/1294/655 407/1295/556 408/1297/557 507/1296/656
f 507/1296/656 408/1297/557 409/1299/558 508/1298/657
f 508/1298/657 409/1299/558 410/1301/559 509/1300/658
f 509/1300/658 410/1301/559 411/1303/560 510/1302/659
f 510/1302/659 411/1303/560 412/1305/561 511/1304/660
f 511/1304/660 412/1305/561 413/1307/562 512/1306/661
f 512/1306/661 413/1307/562 414/1309/563 513/1308/662
f 513/1308/662 414/1309/563 415/1311/564 514/1310/663
f 514/1310/663 415/1311/564 416/1313/565 515/1312/664
f 515/1312/664 416/1313/565 417/1315/566 516/1314/665
f 516/1314/665 417/1315/566 418/1317/567 517/1316/666
f 517/1316/666 418/1317/567 419/1319/568 518/1318/667
f 518/1318/667 419/1319/568 420/1321/569 519/1320/668
f 519/1320/668 420/1321/569 421/1323/570 520/1322/669
f 520/1322/669 421/1323/570 422/1325/571 521/1324/670
f 521/1324/670 422/1325/571 423/1327/572 522/1326/671
f 522/1326/671 423/1327/572 424/1329/573 523/1328/672
f 523/1328/672 424/1329/573 425/1331/574 524/1330/673
f 524/1330/673 425/1331/574 426/1333/575 525/1332/674
f 525/1332/674 426/1333/575 427/1335/576 526/1334/675
f 526/1334/675 427/1335/576 428/1337/577 527/1336/676
f 527/1336/676 428/1337/577 429/1339/578 528/1338/677
f 528/1338/677 429/1339/578 430/1341/579 529/1340/678
f 529/1340/678 430/1341/579 431/1343/580 530/1342/679
f 530/1342/679 431/1343/580 432/1345/581 531/1344/680
f 531/1344/680 432/1345/581 433/1347/582 532/1346/681
f 532/1346/681 433/1347/582 434/1349/583 533/1348/682
f 533/1348/682 434/1349/583 435/1351/584 534/1350/683
f 534/1350/683 435/1351/584 436/1353/585 535/1352/684
f 535/1352/684 436/1353/585 437/1355/586 536/1354/685
f 536/1354/685 437/1355/586 438/1357/587 537/1356/686
f 537/1356/686 438/1357/587 439/1359/588 538/1358/687
f 538/1358/687 439/1359/588 440/1361/589 539/1360/688
f 539/1360/688 440/1361/589 441/1363/590 540/1362/689
f 540/1362/689 441/1363/590 442/1365/591 541/1364/690
f 541/1364/690 442/1365/591 443/1367/592 542/1366/691
f 542/1366/691 443/1367/592 444/1369/593 543/1368/692
f 543/1368/692 444/1369/593 445/1371/594 544/1370/693
f 544/1370/693 445/1371/594 446/1373/595 545/1372/694
f 545/1372/694 446/1373/595 447/1375/596 546/1374/695
f 546/1374/695 447/1375/596 448/1377/597 547/1376/696
f 547/1376/696 448/1377/597 449/1379/598 548/1378/697
f 548/1378/697 449/1379/598 450/1381/599 549/1380/698
f 549/1380/698 450/1381/599 451/1383/600 550/1382/699
f 550/1382/699 451/1383/600 452/1385/601 551/1384/700
f 551/1384/700 452/1385/601 453/1387/602 552/1386/701
f 552/1386/701 453/1387/602 454/1389/603 553/1388/702
f 553/1388/702 454/1389/603 455/1391/604 554/1390/703
f 554/1390/703 455/1391/604 456/1393/605 555/1392/704
f 555/1392/704 456/1393/605 457/1395/606 556/1394/705
f 556/1394/705 457/1395/606 458/1397/607 557/1396/706
f 557/1396/706 458/1397/607 459/1399/608 558/1398/707
f 558/1398/707 459/1399/608 460/1401/609 559/1400/708
f 559/1400/708 460/1401/609 461/1403/610 560/1402/709
f 560/1402/709 461/1403/610 462/1405/611 561/1404/710
f 561/1404/710 462/1405/611 463/1407/612 562/1406/711
f 562/1406/711 463/1407/612 464/1409/613 563/1408/712
f 563/1408/712 464/1409/613 465/1411/614 564/1410/713
f 564/1410/713 465/1411/614 466/1413/615 565/1412/714
f 565/1412/714 466/1413/615 467/1415/616 566/1414/715
f 566/1414/715 467/1415/616 468/1417/617 567/1416/716
f 567/1416/716 468/1417/617 469/1419/618 568/1418/717
f 568/1418/717 469/1419/618 470/1421/619 569/1420/718
f 569/1420/718 470/1421/619 471/1423/620 570/1422/719
f 570/1422/719 471/1423/620 472/1425/621 571/1424/720
f 571/1424/720 472/1425/621 473/1427/622 572/1426/721
f 572/1426/721 473/1427/622 474/1429/623 573/1428/722
f 573/1428/722 474/1429/623 475/1431/624 574/1430/723
f 574/1430/723 475/1431/624 476/1433/625 575/1432/724
f 575/1432/724 476/1433/625 477/1435/626 576/1434/725
f 576/1434/725 477/1435/626 478/1437/627 577/1436/726
f 577/1436/726 478/1437/627 479/1439/628 578/1438/727
f 578/1438/727 479/1439/628 480/1441/629 579/1440/728
f 579/1440/728 480/1441/629 481/1443/630 580/1442/729
f 580/1442/729 481/1443/630 482/1445/631 581/1444/730
f 581/1444/730 482/1445/631 483/1447/632 582/1446/731
f 582/1446/731 483/1447/632 484/1449/633 583/1448/732
f 583/1448/732 484/1449/633 485/1451/634 584/1450/733
f 584/1450/733 485/1451/634 486/1453/635 585/1452/734
f 585/1452/734 486/1453/635 388/1455/538 487/1454/637
f 586/1459/736 487/1458/637 488/1457/636 587/1456/735
f 587/1456/735 488/1457/636 489/1461/638 588/1460/737
f 588/1460/737 489/1461/638 490/1463/639 589/1462/738
f 589/1462/738 490/1463/639 491/1465/640 590/1464/739
f 590/1464/739 491/1465/640 492/1467/641 591/1466/740
f 591/1466/740 492/1467/641 493/1469/642 592/1468/741
f 592/1468/741 493/1469/642 494/1471/643 593/1470/742
f 593/1470/742 494/1471/643 495/1473/644 594/1472/743
f 594/1472/743 495/1473/644 496/1475/645 595/1474/744
f 595/1474/744 496/1475/645 497/1477/646 596/1476/745
f 596/1476/745 497/1477/646 498/1479/647 597/1478/746
f 597/1478/746 498/1479/647 499/1481/648 598/1480/747
f 598/1480/747 499/1481/648 500/1483/649 599/1482/748
f 599/1482/748 500/1483/649 501/1485/650 600/1484/749
f 600/1484/749 501/1485/650 502/1487/651 601/1486/750
f 601/1486/750 502/1487/651 503/1489/652 602/1488/751
f 602/1488/751 503/1489/652 504/1491/653 603/1490/752
f 603/1490/752 504/1491/653 505/1493/654 604/1492/753
f 604/1492/753 505/1493/654 506/1495/655 605/1494/754
f 605/1494/754 506/1495/655 507/1497/656 606/1496/755
f 606/1496/755 507/1497/656 508/1499/657 607/1498/756
f 607/1498/756 508/1499/657 509/1501/658 608/1500/757
f 608/1500/757 509/1501/658 510/1503/659 609/1502/758
f 609/1502/758 510/1503/659 511/1505/660 610/1504/759
f 610/1504/759 511/1505/660 512/1507/661 611/1506/760
f 611/1506/760 512/1507/661 513/1509/662 612/1508/761
f 612/1508/761 513/1509/662 514/1511/663 613/1510/762
f 613/1510/762 514/1511/663 515/1513/664 614/1512/763
f 614/1512/763 515/1513/664 516/1515/665 615/1514/764
f 615/1514/764 516/1515/665 517/1517/666 616/1516/765
f 616/1516/765 517/1517/666 518/1519/667 617/1518/766
f 617/1518/766 518/1519/667 519/1521/668 618/1520/767
f 618/1520/767 519/1521/668 520/1523/669 619/1522/768
f 619/1522/768 520/1523/669 521/1525/670 620/1524/769
f 620/1524/769 521/1525/670 522/1527/671 621/1526/770
f 621/1526/770 522/1527/671 523/1529/672 622/1528/771
f 622/1528/771 523/1529/672 524/1531/673 623/1530/772
f 623/1530/772 524/1531/673 525/1533/674 624/1532/773
f 624/1532/773 525/1533/674 526/1535/675 625/1534/774
f 625/1534/774 526/1535/675 527/1537/676 626/1536/775
f 626/1536/775 527/1537/676 528/1539/677 627/1538/776
f 627/1538/776 528/1539/677 529/1541/678 628/1540/777
f 628/1540/777 529/1541/678 530/1543/679 629/1542/778
f 629/1542/778 530/1543/679 531/1545/680 630/1544/779
f 630/1544/779 531/1545/680 532/1547/681 631/1546/780
f 631/1546/780 532/1547/681 533/1549/682 632/1548/781
f 632/1548/781 533/1549/682 534/1551/683 633/1550/782
f 633/1550/782 534/1551/683 535/1553/684 634/1552/783
f 634/1552/783 535/1553/684 536/1555/685 635/1554/784
f 635/1554/784 536/1555/685 537/1557/686 636/1556/785
f 636/1556/785 537/1557/686 538/1559/687 637/1558/786
f 637/1558/786 538/1559/687 539/1561/688 638/1560/787
f 638/1560/787 539/1561/688 540/1563/689 639/1562/788
f 639/1562/788 540/1563/689 541/1565/690 640/1564/789
f 640/1564/789 541/1565/690 542/1567/691 641/1566/790
f 641/1566/790 542/1567/691 543/1569/692 642/1568/791
f 642/1568/791 543/1569/692 544/1571/693 643/1570/792
f 643/1570/792 544/1571/693 545/1573/694 644/1572/793
f 644/1572/793 545/1573/694 546/1575/695 645/1574/794
f 645/1574/794 546/1575/695 547/1577/696 646/1576/795
f 646/1576/795 547/1577/696 548/1579/697 647/1578/796
f 647/1578/796 548/1579/697 549/1581/698 648/1580/797
f 648/1580/797 549/1581/698 550/1583/699 649/1582/798
f 649/1582/798 550/1583/699 551/1585/700 650/1584/799
f 650/1584/799 551/1585/700 552/1587/701 651/1586/800
f 651/1586/800 552/1587/701 553/1589/702 652/1588/801
f 652/1588/801 553/1589/702 554/1591/703 653/1590/802
f 653/1590/802 554/1591/703 555/1593/704 654/1592/803
f 654/1592/803 555/1593/704 556/1595/705 655/1594/804
f 655/1594/804 556/1595/705 557/1597/706 656/1596/805
f 656/1596/805 557/1597/706 558/1599/707 657/1598/806
f 657/1598/806 558/1599/707 559/1601/708 658/1600/807
f 658/1600/807 559/1601/708 560/1603/709 659/1602/808
f 659/1602/808 560/1603/709 561/1605/710 660/1604/809
f 660/1604/809 561/1605/710 562/1607/711 661/1606/810
f 661/1606/810 562/1607/711 563/1609/712 662/1608/811
f 662/1608/811 563/1609/712 564/1611/713 663/1610/812
f 663/1610/812 564/1611/713 565/1613/714 664/1612/813
f 664/1612/813 565/1613/714 566/1615/715 665/1614/814
f 665/1614/814 566/1615/715 567/1617/716 666/1616/815
f 666/1616/815 567/1617/716 568/1619/717 667/1618/816
f 667/1618/816 568/1619/717 569/1621/718 668/1620/817
f 668/1620/817 569/1621/718 570/1623/719 669/1622/818
f 669/1622/818 570/1623/719 571/1625/720 670/1624/819
f 670/1624/819 571/1625/720 572/1627/721 671/1626/820
f 671/1626/820 572/1627/721 573/1629/722 672/1628/821
f 672/1628/821 573/1629/722 574/1631/723 673/1630/822
f 673/1630/822 574/1631/723 575/1633/724 674/1632/823
f 674/1632/823 575/1633/724 576/1635/725 675/1634/824
f 675/1634/824 576/1635/725 577/1637/726 676/1636/825
f 676/1636/825 577/1637/726 578/1639/727 677/1638/826
f 677/1638/826 578/1639/727 579/1641/728 678/1640/827
f 678/1640/827 579/1641/728 580/1643/729 679/1642/828
f 679/1642/828 580/1643/729 581/1645/730 680/1644/829
f 680/1644/829 581/1645/730 582/1647/731 681/1646/830
f 681/1646/830 582/1647/731 583/1649/732 682/1648/831
f 682/1648/831 583/1649/732 584/1651/733 683/1650/832
f 683/1650/832 584/1651/733 585/1653/734 684/1652/833
f 684/1652/833 585/1653/734 487/1655/637 586/1654/736
f 685/1659/835 586/1658/736 587/1657/735 686/1656/834
f 686/1656/834 587/1657/735 588/1661/737 687/1660/836
f 687/1660/836 588/1661/737 589/1663/738 688/1662/837
f 688/1662/837 589/1663/738 590/1665/739 689/1664/838
f 689/1664/838 590/1665/739 591/1667/740 690/1666/839
f 690/1666/839 591/1667/740 592/1669/741 691/1668/840
f 691/1668/840 592/1669/741 593/1671/742 692/1670/841
f 692/1670/841 593/1671/742 594/1673/743 693/1672/842
f 693/1672/842 594/1673/743 595/1675/744 694/1674/843
f 694/1674/843 595/1675/744 596/1677/745 695/1676/844
f 695/1676/844 596/1677/745 597/1679/746 696/1678/845
f 696/1678/845 597/1679/746 598/1681/747 697/1680/846
f 697/1680/846 598/1681/747 599/1683/748 698/1682/847
f 698/1682/847 599/1683/748 600/1685/749 699/1684/848
f 699/1684/848 600/1685/749 601/1687/750 700/1686/849
f 700/1686/849 601/1687/750 602/1689/751 701/1688/850
f 701/1688/850 602/1689/751 603/1691/752 702/1690/851
f 702/1690/851 603/1691/752 604/1693/753 703/1692/852
f 703/1692/852 604/1693/753 605/1695/754 704/1694/853
f 704/1694/853 605/1695/754 606/1697/755 705/1696/854
f 705/1696/854 606/1697/755 607/1699/756 706/1698/855
f 706/1698/855 607/1699/756 608/1701/757 707/1700/856
f 707/1700/856 608/1701/757 609/1703/758 708/1702/857
f 708/1702/857 609/1703/758 610/1705/759 709/1704/858
f 709/1704/858 610/1705/759 611/1707/760 710/1706/859
f 710/1706/859 611/1707/760 612/1709/761 711/1708/860
f 711/1708/860 612/1709/761 613/1711/762 712/1710/861
f 712/1710/861 613/1711/762 614/1713/763 713/1712/862
f 713/1712/862 614/1713/763 615/1715/764 714/1714/863
f 714/1714/863 615/1715/764 616/1717/765 715/1716/864
f 715/1716/864 616/1717/765 617/1719/766 716/1718/865
f 716/1718/865 617/1719/766 618/1721/767 717/1720/866
f 717/1720/866 618/1721/767 619/1723/768 718/1722/867
f 718/1722/867 619/1723/768 620/1725/769 719/1724/868
f 719/1724/868 620/1725/769 621/1727/770 720/1726/869
f 720/1726/869 621/1727/770 622/1729/771 721/1728/870
f 721/1728/870 622/1729/771 623/1731/772 722/1730/871
f 722/1730/871 623/1731/772 624/1733/773 723/1732/872
f 723/1732/872 624/1733/773 625/1735/774 724/1734/873
f 724/1734/873 625/1735/774 626/1737/775 725/1736/874
f 725/1736/874 626/1737/775 627/1739/776 726/1738/875
f 726/1738/875 627/1739/776 628/1741/777 727/1740/876
f 727/1740/876 628/1741/777 629/1743/778 728/1742/877
f 728/1742/877 629/1743/778 630/1745/779 729/1744/878
f 729/1744/878 630/1745/779 631/1747/780 730/1746/879
f 730/1746/879 631/1747/780 632/1749/781 731/1748/880
f 731/1748/880 632/1749/781 633/1751/782 732/1750/881
f 732/1750/881 633/1751/782 634/1753/783 733/1752/882
f 733/1752/882 634/1753/783 635/1755/784 734/1754/883
f 734/1754/883 635/1755/784 636/1757/785 735/1756/884
f 735/1756/884 636/1757/785 637/1759/786 736/1758/885
f 736/1758/885 637/1759/786 638/1761/787 737/1760/886
f 737/1760/886 638/1761/787 639/1763/788 738/1762/887
f 738/1762/887 639/1763/788 640/1765/789 739/1764/888
f 739/1764/888 640/1765/789 641/1767/790 740/1766/889
f 740/1766/889 641/1767/790 642/1769/791 741/1768/890
f 741/1768/890 642/1769/791 643/1771/792 742/1770/891
f 742/1770/891 643/1771/792 644/1773/793 743/1772/892
f 743/1772/892 644/1773/793 645/1775/794 744/1774/893
f 744/1774/893 645/1775/794 646/1777/795 745/1776/894
f 745/1776/894 646/1777/795 647/1779/796 746/1778/895
f 746/1778/895 647/1779/796 648/1781/797 747/1780/896
f 747/1780/896 648/1781/797 649/1783/798 748/1782/897
f 748/1782/897 649/1783/798 650/1785/799 749/1784/898
f 749/1784/898 650/1785/799 651/1787/800 750/1786/899
f 750/1786/899 651/1787/800 652/1789/801 751/1788/900
f 751/1788/900 652/1789/801 653/1791/802 752/1790/901
f 752/1790/901 653/1791/802 654/1793/803 753/1792/902
f 753/1792/902 654/1793/803 655/1795/804 754/1794/903
f 754/1794/903 655/1795/804 656/1797/805 755/1796/904
f 755/1796/904 656/1797/805 657/1799/806 756/1798/905
f 756/1798/905 657/1799/806 658/1801/807 757/1800/906
f 757/1800/906 658/1801/807 659/1803/808 758/1802/907
f 758/1802/907 659/1803/808 660/1805/809 759/1804/908
f 759/1804/908 660/1805/809 661/1807/810 760/1806/909
f 760/1806/909 661/1807/810 662/1809/811 761/1808/910
f 761/1808/910 662/1809/811 663/1811/812 762/1810/911
f 762/1810/911 663/1811/812 664/1813/813 763/1812/912
f 763/1812/912 664/1813/813 665/1815/814 764/1814/913
f 764/1814/913 665/1815/814 666/1817/815 765/1816/914
f 765/1816/914 666/1817/815 667/1819/816 766/1818/915
f 766/1818/915 667/1819/816 668/1821/817 767/1820/916
f 767/1820/916 668/1821/817 669/1823/818 768/1822/917
f 768/1822/917 669/1823/818 670/1825/819 769/1824/918
f 769/1824/918 670/1825/819 671/1827/820 770/1826/919
f 770/1826/919 671/1827/820 672/1829/821 771/1828/920
f 771/1828/920 672/1829/821 673/1831/822 772/1830/921
f 772/1830/921 673/1831/822 674/1833/823 773/1832/922
f 773/1832/922 674/1833/823 675/1835/824 774/1834/923
f 774/1834/923 675/1835/824 676/1837/825 775/1836/924
f 775/1836/924 676/1837/825 677/1839/826 776/1838/925
f 776/1838/925 677/1839/826 678/1841/827 777/1840/926
f 777/1840/926 678/1841/827 679/1843/828 778/1842/927
f 778/1842/927 679/1843/828 680/1845/829 779/1844/928
f 779/1844/928 680/1845/829 681/1847/830 780/1846/929
f 780/1846/929 681/1847/830 682/1849/831 781/1848/930
f 781/1848/930 682/1849/831 683/1851/832 782/1850/931
f 782/1850/931 683/1851/832 684/1853/833 783/1852/932
f 783/1852/932 684/1853/833 586/1855/736 685/1854/835
f 784/1859/934 685/1858/835 686/1857/834 785/1856/933
f 785/1856/933 686/1857/834 687/1861/836 786/1860/935
f 786/1860/935 687/1861/836 688/1863/837 787/1862/936
f 787/1862/936 688/1863/837 689/1865/838 788/1864/937
f 788/1864/937 689/1865/838 690/1867/839 789/1866/938
f 789/1866/938 690/1867/839 691/1869/840 790/1868/939
f 790/1868/939 691/1869/840 692/1871/841 791/1870/940
f 791/1870/940 692/1871/841 693/1873/842 792/1872/941
f 792/1872/941 693/1873/842 694/1875/843 793/1874/942
f 793/1874/942 694/1875/843 695/1877/844 794/1876/943
f 794/1876/943 695/1877/844 696/1879/845 795/1878/944
f 795/1878/944 696/1879/845 697/1881/846 796/1880/945
f 796/1880/945 697/1881/846 698/1883/847 797/1882/946
f 797/1882/946 698/1883/847 699/1885/848 798/1884/947
f 798/1884/947 699/1885/848 700/1887/849 799/1886/948
f 799/1886/948 700/1887/849 701/1889/850 800/1888/949
f 800/1888/949 701/1889/850 702/1891/851 801/1890/950
f 801/1890/950 702/1891/851 703/1893/852 802/1892/951
f 802/1892/951 703/1893/852 704/1895/853 803/1894/952
f 803/1894/952 704/1895/853 705/1897/854 804/1896/953
f 804/1896/953 705/1897/854 706/1899/855 805/1898/954
f 805/1898/954 706/1899/855 707/1901/856 806/1900/955
f 806/1900/955 707/1901/856 708/1903/857 807/1902/956
f 807/1902/956 708/1903/857 709/1905/858 808/1904/957
f 808/1904/957 709/1905/858 710/1907/859 809/1906/958
f 809/1906/958 710/1907/859 711/1909/860 810/1908/959
f 810/1908/959 711/1909/860 712/1911/861 811/1910/960
f 811/1910/960 712/1911/861 713/1913/862 812/1912/961
f 812/1912/961 713/1913/862 714/1915/863 813/1914/962
f 813/1914/962 714/1915/863 715/1917/864 814/1916/963
f 814/1916/963 715/1917/864 716/1919/865 815/1918/964
f 815/1918/964 716/1919/865 717/1921/866 816/1920/965
f 816/1920/965 717/1921/866 718/1923/867 817/1922/966
f 817/1922/966 718/1923/867 719/1925/868 818/1924/967
f 818/1924/967 719/1925/868 720/1927/869 819/1926/968
f 819/1926/968 720/1927/869 721/1929/870 820/1928/969
f 820/1928/969 721/1929/870 722/1931/871 821/1930/970
f 821/1930/970 722/1931/871 723/1933/872 822/1932/971
f 822/1932/971 723/1933/872 724/1935/873 823/1934/972
f 823/1934/972 724/1935/873 725/1937/874 824/1936/973
f 824/1936/973 725/1937/874 726/1939/875 825/1938/974
f 825/1938/974 726/1939/875 727/1941/876 826/1940/975
f 826/1940/975 727/1941/876 728/1943/877 827/1942/976
f 827/1942/976 728/1943/877 729/1945/878 828/1944/977
f 828/1944/977 729/1945/878 730/1947/879 829/1946/978
f 829/1946/978 730/1947/879 731/1949/880 830/1948/979
f 830/1948/979 731/1949/880 732/1951/881 831/1950/980
f 831/1950/980 732/1951/881 733/1953/882 832/1952/981
f 832/1952/981 733/1953/882 734/1955/883 833/1954/982
f 833/1954/982 734/1955/883 735/1957/884 834/1956/983
f 834/1956/983 735/1957/884 736/1959/885 835/1958/984
f 835/1958/984 736/1959/885 737/1961/886 836/1960/985
f 836/1960/985 737/1961/886 738/1963/887 837/1962/986
f 837/1962/986 738/1963/887 739/1965/888 838/1964/987
f 838/1964/987 739/1965/888 740/1967/889 839/1966/988
f 839/1966/988 740/1967/889 741/1969/890 840/1968/989
f 840/1968/989 741/1969/890 742/1971/891 841/1970/990
f 841/1970/990 742/1971/891 743/1973/892 842/1972/991
f 842/1972/991 743/1973/892 744/1975/893 843/1974/992
f 843/1974/992 744/1975/893 745/1977/894 844/1976/993
f 844/1976/993 745/1977/894 746/1979/895 845/1978/994
f 845/1978/994 746/1979/895 747/1981/896 846/1980/995
f 846/1980/995 747/1981/896 748/1983/897 847/1982/996
f 847/1982/996 748/1983/897 749/1985/898 848/1984/997
f 848/1984/997 749/1985/898 750/1987/899 849/1986/998
f 849/1986/998 750/1987/899 751/1989/900 850/1988/999
f 850/1988/999 751/1989/900 752/1991/901 851/1990/1000
f 851/1990/1000 752/1991/901 753/1993/902 852/1992/1001
f 852/1992/1001 753/1993/902 754/1995/903 853/1994/1002
f 853/1994/1002 754/1995/903 755/1997/904 854/1996/1003
f 854/1996/1003 755/1997/904 756/1999/905 855/1998/1004
f 855/1998/1004 756/1999/905 757/2001/906 856/2000/1005
f 856/2000/1005 757/2001/906 758/2003/907 857/2002/1006
f 857/2002/1006 758/2003/907 759/2005/908 858/2004/1007
f 858/2004/1007 759/2005/908 760/2007/909 859/2006/1008
f 859/2006/1008 760/2007/909 761/2009/910 860/2008/1009
f 860/2008/1009 761/2009/910 762/2011/911 861/2010/1010
f 861/2010/1010 762/2011/911 763/2013/912 862/2012/1011
f 862/2012/1011 763/2013/912 764/2015/913 863/2014/1012
f 863/2014/1012 764/2015/913 765/2017/914 864/2016/1013
f 864/2016/1013 765/2017/914 766/2019/915 865/2018/1014
f 865/2018/1014 766/2019/915 767/2021/916 866/2020/1015
f 866/2020/1015 767/2021/916 768/2023/917 867/2022/1016
f 867/2022/1016 768/2023/917 769/2025/918 868/2024/1017
f 868/2024/1017 769/2025/918 770/2027/919 869/2026/1018
f 869/2026/1018 770/2027/919 771/2029/920 870/2028/1019
f 870/2028/1019 771/2029/920 772/2031/921 871/2030/1020
f 871/2030/1020 772/2031/921 773/2033/922 872/2032/1021
f 872/2032/1021 773/2033/922 774/2035/923 873/2034/1022
f 873/2034/1022 774/2035/923 775/2037/924 874/2036/1023
f 874/2036/1023 775/2037/924 776/2039/925 875/2038/1024
f 875/2038/1024 776/2039/925 777/2041/926 876/2040/1025
f 876/2040/1025 777/2041/926 778/2043/927 877/2042/1026
f 877/2042/1026 778/2043/927 779/2045/928 878/2044/1027
f 878/2044/1027 779/2045/928 780/2047/929 879/2046/1028
f 879/2046/1028 780/2047/929 781/2049/930 880/2048/1029
f 880/2048/1029 781/2049/930 782/2051/931 881/2050/1030
f 881/2050/1030 782/2051/931 783/2053/932 882/2052/1031
f 882/2052/1031 783/2053/932 685/2055/835 784/2054/934
f 883/2059/1033 784/2058/934 785/2057/933 884/2056/1032
f 884/2056/1032 785/2057/933 786/2061/935 885/2060/1034
f 885/2060/1034 786/2061/935 787/2063/936 886/2062/1035
f 886/2062/1035 787/2063/936 788/2065/937 887/2064/1036
f 887/2064/1036 788/2065/937 789/2067/938 888/2066/1037
f 888/2066/1037 789/2067/938 790/2069/939 889/2068/1038
f 889/2068/1038 790/2069/939 791/2071/940 890/2070/1039
f 890/2070/1039 791/2071/940 792/2073/941 891/2072/1040
f 891/2072/1040 792/2073/941 793/2075/942 892/2074/1041
f 892/2074/1041 793/2075/942 794/2077/943 893/2076/1042
f 893/2076/1042 794/2077/943 795/2079/944 894/2078/1043
f 894/2078/1043 795/2079/944 796/2081/945 895/2080/1044
f 895/2080/1044 796/2081/945 797/2083/946 896/2082/1045
f 896/2082/1045 797/2083/946 798/2085/947 897/2084/1046
f 897/2084/1046 798/2085/947 799/2087/948 898/2086/1047
f 898/2086/1047 799/2087/948 800/2089/949 899/2088/1048
f 899/2088/1048 800/2089/949 801/2091/950 900/2090/1049
f 900/2090/1049 801/2091/950 802/2093/951 901/2092/1050
f 901/2092/1050 802/2093/951 803/2095/952 902/2094/1051
f 902/2094/1051 803/2095/952 804/2097/953 903/2096/1052
f 903/2096/1052 804/2097/953 805/2099/954 904/2098/1053
f 904/2098/1053 805/2099/954 806/2101/955 905/2100/1054
f 905/2100/1054 806/2101/955 807/2103/956 906/2102/1055
f 906/2102/1055 807/2103/956 808/2105/957 907/2104/1056
f 907/2104/1056 808/2105/957 809/2107/958 908/2106/1057
f 908/2106/1057 809/2107/958 810/2109/959 909/2108/1058
f 909/2108/1058 810/2109/959 811/2111/960 910/2110/1059
f 910/2110/1059 811/2111/960 812/2113/961 911/2112/1060
f 911/2112/1060 812/2113/961 813/2115/962 912/2114/1061
f 912/2114/1061 813/2115/962 814/2117/963 913/2116/1062
f 913/2116/1062 814/2117/963 815/2119/964 914/2118/1063
f 914/2118/1063 815/2119/964 816/2121/965 915/2120/1064
f 915/2120/1064 816/2121/965 817/2123/966 916/2122/1065
f 916/2122/1065 817/2123/966 818/2125/967 917/2124/1066
f 917/2124/1066 818/2125/967 819/2127/968 918/2126/1067
f 918/2126/1067 819/2127/968 820/2129/969 919/2128/1068
f 919/2128/1068 820/2129/969 821/2131/970 920/2130/1069
f 920/2130/1069 821/2131/970 822/2133/971 921/2132/1070
f 921/2132/1070 822/2133/971 823/2135/972 922/2134/1071
f 922/2134/1071 823/2135/972 824/2137/973 923/2136/1072
f 923/2136/1072 824/2137/973 825/2139/974 924/2138/1073
f 924/2138/1073 825/2139/974 826/2141/975 925/2140/1074
f 925/2140/1074 826/2141/975 827/2143/976 926/2142/1075
f 926/2142/1075 827/2143/976 828/2145/977 927/2144/1076
f 927/2144/1076 828/2145/977 829/2147/978 928/2146/1077
f 928/2146/1077 829/2147/978 830/2149/979 929/2148/1078
f 929/2148/1078 830/2149/979 831/2151/980 930/2150/1079
f 930/2150/1079 831/2151/980 832/2153/981 931/2152/1080
f 931/2152/1080 832/2153/981 833/2155/982 932/2154/1081
f 932/2154/1081 833/2155/982 834/2157/983 933/2156/1082
f 933/2156/1082 834/2157/983 835/2159/984 934/2158/1083
f 934/2158/1083 835/2159/984 836/2161/985 935/2160/1084
f 935/2160/1084 836/2161/985 837/2163/986 936/2162/1085
f 936/2162/1085 837/2163/986 838/2165/987 937/2164/1086
f 937/2164/1086 838/2165/987 839/2167/988 938/2166/1087
f 938/2166/1087 839/2167/988 840/2169/989 939/2168/1088
f 939/2168/1088 840/2169/989 841/2171/990 940/2170/1089
f 940/2170/1089 841/2171/990 842/2173/991 941/2172/1090
f 941/2172/1090 842/2173/991 843/2175/992 942/2174/1091
f 942/2174/1091 843/2175/992 844/2177/993 943/2176/1092
f 943/2176/1092 844/2177/993 845/2179/994 944/2178/1093
f 944/2178/1093 845/2179/994 846/2181/995 945/2180/1094
f 945/2180/1094 846/2181/995 847/2183/996 946/2182/1095
f 946/2182/1095 847/2183/996 848/2185/997 947/2184/1096
f 947/2184/1096 848/2185/997 849/2187/998 948/2186/1097
f 948/2186/1097 849/2187/998 850/2189/999 949/2188/1098
f 949/2188/1098 850/2189/999 851/2191/1000 950/2190/1099
f 950/2190/1099 851/2191/1000 852/2193/1001 951/2192/1100
f 951/2192/1100 852/2193/1001 853/2195/1002 952/2194/1101
f 952/2194/1101 853/2195/1002 854/2197/1003 953/2196/1102
f 953/2196/1102 854/2197/1003 855/2199/1004 954/2198/1103
f 954/2198/1103 855/2199/1004 856/2201/1005 955/2200/1104
f 955/2200/1104 856/2201/1005 857/2203/1006 956/2202/1105
f 956/2202/1105 857/2203/1006 858/2205/1007 957/2204/1106
f 957/2204/1106 858/2205/1007 859/2207/1008 958/2206/1107
f 958/2206/1107 859/2207/1008 860/2209/1009 959/2208/1108
f 959/2208/1108 860/2209/1009 861/2211/1010 960/2210/1109
f 960/2210/1109 861/2211/1010 862/2213/1011 961/2212/1110
f 961/2212/1110 862/2213/1011 863/2215/1012 962/2214/1111
f 962/2214/1111 863/2215/1012 864/2217/1013 963/2216/1112
f 963/2216/1112 864/2217/1013 865/2219/1014 964/2218/1113
f 964/2218/1113 865/2219/1014 866/2221/1015 965/2220/1114
f 965/2220/1114 866/2221/1015 867/2223/1016 966/2222/1115
f 966/2222/1115 867/2223/1016 868/2225/1017 967/2224/1116
f 967/2224/1116 868/2225/1017 869/2227/1018 968/2226/1117
f 968/2226/1117 869/2227/1018 870/2229/1019 969/2228/1118
f 969/2228/1118 870/2229/1019 871/2231/1020 970/2230/1119
f 970/2230/1119 871/2231/1020 872/2233/1021 971/2232/1120
f 971/2232/1120 872/2233/1021 873/2235/1022 972/2234/1121
f 972/2234/1121 873/2235/1022 874/2237/1023 973/2236/1122
f 973/2236/1122 874/2237/1023 875/2239/1024 974/2238/1123
f 974/2238/1123 875/2239/1024 876/2241/1025 975/2240/1124
f 975/2240/1124 876/2241/1025 877/2243/1026 976/2242/1125
f 976/2242/1125 877/2243/1026 878/2245/1027 977/2244/1126
f 977/2244/1126 878/2245/1027 879/2247/1028 978/2246/1127
f 978/2246/1127 879/2247/1028 880/2249/1029 979/2248/1128
f 979/2248/1128 880/2249/1029 881/2251/1030 980/2250/1129
f 980/2250/1129 881/2251/1030 882/2253/1031 981/2252/1130
f 981/2252/1130 882/2253/1031 784/2255/934 883/2254/1033
f 1675/2259/1132 883/2258/1033 884/2257/1032 1677/2256/1131
f 1677/2256/1131 884/2257/1032 885/2261/1034 1679/2260/1133
f 1679/2260/1133 885/2261/1034 886/2263/1035 1681/2262/1134
f 1681/2262/1134 886/2263/1035 887/2265/1036 1683/2264/1135
f 1683/2264/1135 887/2265/1036 888/2267/1037 1685/2266/1136
f 1685/2266/1136 888/2267/1037 889/2269/1038 1687/2268/1137
f 1687/2268/1137 889/2269/1038 890/2271/1039 1689/2270/1138
f 1689/2270/1138 890/2271/1039 891/2273/1040 1691/2272/1139
f 1691/2272/1139 891/2273/1040 892/2275/1041 1693/2274/1140
f 1693/2274/1140 892/2275/1041 893/2277/1042 1695/2276/1141
f 1695/2276/1141 893/2277/1042 894/2279/1043 1697/2278/1142
f 1697/2278/1142 894/2279/1043 895/2281/1044 1699/2280/1143
f 1699/2280/1143 895/2281/1044 896/2283/1045 1701/2282/1144
f 1701/2282/1144 896/2283/1045 897/2285/1046 1703/2284/1145
f 1703/2284/1145 897/2285/1046 898/2287/1047 1705/2286/1146
f 1705/2286/1146 898/2287/1047 899/2289/1048 1707/2288/1147
f 1707/2288/1147 899/2289/1048 900/2291/1049 1709/2290/1148
f 1709/2290/1148 900/2291/1049 901/2293/1050 1711/2292/1149
f 1711/2292/1149 901/2293/1050 902/2295/1051 1713/2294/1150
f 1713/2294/1150 902/2295/1051 903/2297/1052 1715/2296/1151
f 1715/2296/1151 903/2297/1052 904/2299/1053 1717/2298/1152
f 1717/2298/1152 904/2299/1053 905/2301/1054 1719/2300/1153
f 1719/2300/1153 905/2301/1054 906/2303/1055 1721/2302/1154
f 1721/2302/1154 906/2303/1055 907/2305/1056 1723/2304/1155
f 1723/2304/1155 907/2305/1056 908/2307/1057 1725/2306/1156
f 1725/2306/1156 908/2307/1057 909/2309/1058 1727/2308/1157
f 1727/2308/1157 909/2309/1058 910/2311/1059 1729/2310/1158
f 1729/2310/1158 910/2311/1059 911/2313/1060 1731/2312/1159
f 1731/2312/1159 911/2313/1060 912/2315/1061 1733/2314/1160
f 1733/2314/1160 912/2315/1061 913/2317/1062 1735/2316/1161
f 1735/2316/1161 913/2317/1062 914/2319/1063 1737/2318/1162
f 1737/2318/1162 914/2319/1063 915/2321/1064 1739/2320/1163
f 1739/2320/1163 915/2321/1064 916/2323/1065 1741/2322/1164
f 1741/2322/1164 916/2323/1065 917/2325/1066 1743/2324/1165
f 1743/2324/1165 917/2325/1066 918/2327/1067 1745/2326/1166
f 1745/2326/1166 918/2327/1067 919/2329/1068 1747/2328/1167
f 1747/2328/1167 919/2329/1068 920/2331/1069 1749/2330/1168
f 1749/2330/1168 920/2331/1069 921/2333/1070 1751/2332/1169
f 1751/2332/1169 921/2333/1070 922/2335/1071 1753/2334/1170
f 1753/2334/1170 922/2335/1071 923/2337/1072 1755/2336/1171
f 1755/2336/1171 923/2337/1072 924/2339/1073 1757/2338/1172
f 1757/2338/1172 924/2339/1073 925/2341/1074 1759/2340/1173
f 1759/2340/1173 925/2341/1074 926/2343/1075 1761/2342/1174
f 1761/2342/1174 926/2343/1075 927/2345/1076 1763/2344/1175
f 1763/2344/1175 927/2345/1076 928/2347/1077 1765/2346/1176
f 1765/2346/1176 928/2347/1077 929/2349/1078 1767/2348/1177
f 1767/2348/1177 929/2349/1078 930/2351/1079 1769/2350/1178
f 1769/2350/1178 930/2351/1079 931/2353/1080 1771/2352/1179
f 1771/2352/1179 931/2353/1080 932/2355/1081 1773/2354/1180
f 1773/2354/1180 932/2355/1081 933/2357/1082 1079/2356/1181
f 1079/2356/1181 933/2357/1082 934/2359/1083 1077/2358/1182
f 1077/2358/1182 934/2359/1083 935/2361/1084 1075/2360/1183
f 1075/2360/1183 935/2361/1084 936/2363/1085 1073/2362/1184
f 1073/2362/1184 936/2363/1085 937/2365/1086 1071/2364/1185
f 1071/2364/1185 937/2365/1086 938/2367/1087 1069/2366/1186
f 1069/2366/1186 938/2367/1087 939/2369/1088 1067/2368/1187
f 1067/2368/1187 939/2369/1088 940/2371/1089 1065/2370/1188
f 1065/2370/1188 940/2371/1089 941/2373/1090 1063/2372/1189
f 1063/2372/1189 941/2373/1090 942/2375/1091 1061/2374/1190
f 1061/2374/1190 942/2375/1091 943/2377/1092 1059/2376/1191
f 1059/2376/1191 943/2377/1092 944/2379/1093 1057/2378/1192
f 1057/2378/1192 944/2379/1093 945/2381/1094 1055/2380/1193
f 1055/2380/1193 945/2381/1094 946/2383/1095 1053/2382/1194
f 1053/2382/1194 946/2383/1095 947/2385/1096 1051/2384/1195
f 1051/2384/1195 947/2385/1096 948/2387/1097 1049/2386/1196
f 1049/2386/1196 948/2387/1097 949/2389/1098 1047/2388/1197
f 1047/2388/1197 949/2389/1098 950/2391/1099 1045/2390/1198
f 1045/2390/1198 950/2391/1099 951/2393/1100 1043/2392/1199
f 1043/2392/1199 951/2393/1100 952/2395/1101 1041/2394/1200
f 1041/2394/1200 952/2395/1101 953/2397/1102 1039/2396/1201
f 1039/2396/1201 953/2397/1102 954/2399/1103 1037/2398/1202
f 1037/2398/1202 954/2399/1103 955/2401/1104 1035/2400/1203
f 1035/2400/1203 955/2401/1104 956/2403/1105 1033/2402/1204
f 1033/2402/1204 956/2403/1105 957/2405/1106 1031/2404/1205
f 1031/2404/1205 957/2405/1106 958/2407/1107 1029/2406/1206
f 1029/2406/1206 958/2407/1107 959/2409/1108 1027/2408/1207
f 1027/2408/1207 959/2409/1108 960/2411/1109 1025/2410/1208
f 1025/2410/1208 960/2411/1109 961/2413/1110 1023/2412/1209
f 1023/2412/1209 961/2413/1110 962/2415/1111 1021/2414/1210
f 1021/2414/1210 962/2415/1111 963/2417/1112 1019/2416/1211
f 1019/2416/1211 963/2417/1112 964/2419/1113 1017/2418/1212
f 1017/2418/1212 964/2419/1113 965/2421/1114 1015/2420/1213
f 1015/2420/1213 965/2421/1114 966/2423/1115 1013/2422/1214
f 1013/2422/1214 966/2423/1115 967/2425/1116 1011/2424/1215
f 1011/2424/1215 967/2425/1116 968/2427/1117 1009/2426/1216
f 1009/2426/1216 968/2427/1117 969/2429/1118 1007/2428/1217
f 1007/2428/1217 969/2429/1118 970/2431/1119 1005/2430/1218
f 1005/2430/1218 970/2431/1119 971/2433/1120 1003/2432/1219
f 1003/2432/1219 971/2433/1120 972/2435/1121 1001/2434/1220
f 1001/2434/1220 972/2435/1121 973/2437/1122 999/2436/1221
f 999/2436/1221 973/2437/1122 974/2439/1123 997/2438/1222
f 997/2438/1222 974/2439/1123 975/2441/1124 995/2440/1223
f 995/2440/1223 975/2441/1124 976/2443/1125 993/2442/1224
f 993/2442/1224 976/2443/1125 977/2445/1126 991/2444/1225
f 991/2444/1225 977/2445/1126 978/2447/1127 989/2446/1226
f 989/2446/1226 978/2447/1127 979/2449/1128 987/2448/1227
f 987/2448/1227 979/2449/1128 980/2451/1129 985/2450/1228
f 985/2450/1228 980/2451/1129 981/2453/1130 983/2452/1229
f 983/2452/1229 981/2453/1130 883/2455/1033 1675/2454/1132
f 1081/2459/43 1185/2458/1231 1180/2457/1230 1082/2456/45
f 1181/2461/1233 1180/2457/1230 1185/2458/1231 1186/2460/1232
f 1182/2463/1235 1181/2461/1233 1186/2460/1232 1187/2462/1234
f 1183/2465/1237 1182/2463/1235 1187/2462/1234 1188/2464/1236
f 1184/2467/1239 1183/2465/1237 1188/2464/1236 1189/2466/1238
f 1189/2466/1238 1676/2469/1241 1678/2468/1240 1184/2467/1239
f 1082/2456/45 1180/2457/1230 1190/2471/1242 1083/2470/49
f 1191/2472/1243 1190/2471/1242 1180/2457/1230 1181/2461/1233
f 1192/2473/1244 1191/2472/1243 1181/2461/1233 1182/2463/1235
f 1193/2474/1245 1192/2473/1244 1182/2463/1235 1183/2465/1237
f 1194/2475/1246 1193/2474/1245 1183/2465/1237 1184/2467/1239
f 1184/2467/1239 1678/2468/1240 1680/2476/1247 1194/2475/1246
f 1083/2470/49 1190/2471/1242 1195/2478/1248 1084/2477/52
f 1196/2479/1249 1195/2478/1248 1190/2471/1242 1191/2472/1243
f 1197/2480/1250 1196/2479/1249 1191/2472/1243 1192/2473/1244
f 1198/2481/1251 1197/2480/1250 1192/2473/1244 1193/2474/1245
f 1199/2482/1252 1198/2481/1251 1193/2474/1245 1194/2475/1246
f 1194/2475/1246 1680/2476/1247 1682/2483/1253 1199/2482/1252
f 1084/2477/52 1195/2478/1248 1200/2485/1254 1085/2484/55
f 1201/2486/1255 1200/2485/1254 1195/2478/1248 1196/2479/1249
f 1202/2487/1256 1201/2486/1255 1196/2479/1249 1197/2480/1250
f 1203/2488/1257 1202/2487/1256 1197/2480/1250 1198/2481/1251
f 1204/2489/1258 1203/2488/1257 1198/2481/1251 1199/2482/1252
f 1199/2482/1252 1682/2483/1253 1684/2490/1259 1204/2489/1258
f 1085/2484/55 1200/2485/1254 1205/2492/1260 1086/2491/58
f 1206/2493/1261 1205/2492/1260 1200/2485/1254 1201/2486/1255
f 1207/2494/1262 1206/2493/1261 1201/2486/1255 1202/2487/1256
f 1208/2495/1263 1207/2494/1262 1202/2487/1256 1203/2488/1257
f 1209/2496/1264 1208/2495/1263 1203/2488/1257 1204/2489/1258
f 1204/2489/1258 1684/2490/1259 1686/2497/1265 1209/2496/1264
f 1086/2491/58 1205/2492/1260 1210/2499/1266 1087/2498/61
f 1211/2500/1267 1210/2499/1266 1205/2492/1260 1206/2493/1261
f 1212/2501/1268 1211/2500/1267 1206/2493/1261 1207/2494/1262
f 1213/2502/1269 1212/2501/1268 1207/2494/1262 1208/2495/1263
f 1214/2503/1270 1213/2502/1269 1208/2495/1263 1209/2496/1264
f 1209/2496/1264 1686/2497/1265 1688/2504/1271 1214/2503/1270
f 1087/2498/61 1210/2499/1266 1215/2506/1272 1088/2505/64
f 1216/2507/1273 1215/2506/1272 1210/2499/1266 1211/2500/1267
f 1217/2508/1274 1216/2507/1273 1211/2500/1267 1212/2501/1268
f 1218/2509/1275 1217/2508/1274 1212/2501/1268 1213/2502/1269
f 1219/2510/1276 1218/2509/1275 1213/2502/1269 1214/2503/1270
f 1214/2503/1270 1688/2504/1271 1690/2511/1277 1219/2510/1276
f 1088/2505/64 1215/2506/1272 1220/2513/1278 1089/2512/67
f 1221/2514/1279 1220/2513/1278 1215/2506/1272 1216/2507/1273
f 1222/2515/1280 1221/2514/1279 1216/2507/1273 1217/2508/1274
f 1223/2516/1281 1222/2515/1280 1217/2508/1274 1218/2509/1275
f 1224/2517/1282 1223/2516/1281 1218/2509/1275 1219/2510/1276
f 1219/2510/1276 1690/2511/1277 1692/2518/1283 1224/2517/1282
f 1089/2512/67 1220/2513/1278 1225/2520/1284 1090/2519/70
f 1226/2521/1285 1225/2520/1284 1220/2513/1278 1221/2514/1279
f 1227/2522/1286 1226/2521/1285 1221/2514/1279 1222/2515/1280
f 1228/2523/1287 1227/2522/1286 1222/2515/1280 1223/2516/1281
f 1229/2524/1288 1228/2523/1287 1223/2516/1281 1224/2517/1282
f 1224/2517/1282 1692/2518/1283 1694/2525/1289 1229/2524/1288
f 1090/2519/70 1225/2520/1284 1230/2527/1290 1091/2526/73
f 1231/2528/1291 1230/2527/1290 1225/2520/1284 1226/2521/1285
f 1232/2529/1292 1231/2528/1291 1226/2521/1285 1227/2522/1286
f 1233/2530/1293 1232/2529/1292 1227/2522/1286 1228/2523/1287
f 1234/2531/1294 1233/2530/1293 1228/2523/1287 1229/2524/1288
f 1229/2524/1288 1694/2525/1289 1696/2532/1295 1234/2531/1294
f 1091/2526/73 1230/2527/1290 1235/2534/1296 1092/2533/76
f 1236/2535/1297 1235/2534/1296 1230/2527/1290 1231/2528/1291
f 1237/2536/1298 1236/2535/1297 1231/2528/1291 1232/2529/1292
f 1238/2537/1299 1237/2536/1298 1232/2529/1292 1233/2530/1293
f 1239/2538/1300 1238/2537/1299 1233/2530/1293 1234/2531/1294
f 1234/2531/1294 1696/2532/1295 1698/2539/1301 1239/2538/1300
f 1092/2533/76 1235/2534/1296 1240/2541/1302 1093/2540/79
f 1241/2542/1303 1240/2541/1302 1235/2534/1296 1236/2535/1297
f 1242/2543/1304 1241/2542/1303 1236/2535/1297 1237/2536/1298
f 1243/2544/1305 1242/2543/1304 1237/2536/1298 1238/2537/1299
f 1244/2545/1306 1243/2544/1305 1238/2537/1299 1239/2538/1300
f 1239/2538/1300 1698/2539/1301 1700/2546/1307 1244/2545/1306
f 1093/2540/79 1240/2541/1302 1245/2548/1308 1094/2547/82
f 1246/2549/1309 1245/2548/1308 1240/2541/1302 1241/2542/1303
f 1247/2550/1310 1246/2549/1309 1241/2542/1303 1242/2543/1304
f 1248/2551/1311 1247/2550/1310 1242/2543/1304 1243/2544/1305
f 1249/2552/1312 1248/2551/1311 1243/2544/1305 1244/2545/1306
f 1244/2545/1306 1700/2546/1307 1702/2553/1313 1249/2552/1312
f 1094/2547/82 1245/2548/1308 1250/2555/1314 1095/2554/85
f 1251/2556/1315 1250/2555/1314 1245/2548/1308 1246/2549/1309
f 1252/2557/1316 1251/2556/1315 1246/2549/1309 1247/2550/1310
f 1253/2558/1317 1252/2557/1316 1247/2550/1310 1248/2551/1311
f 1254/2559/1318 1253/2558/1317 1248/2551/1311 1249/2552/1312
f 1249/2552/1312 1702/2553/1313 1704/2560/1319 1254/2559/1318
f 1095/2554/85 1250/2555/1314 1255/2562/1320 1096/2561/88
f 1256/2563/1321 1255/2562/1320 1250/2555/1314 1251/2556/1315
f 1257/2564/1322 1256/2563/1321 1251/2556/1315 1252/2557/1316
f 1258/2565/1323 1257/2564/1322 1252/2557/1316 1253/2558/1317
f 1259/2566/1324 1258/2565/1323 1253/2558/1317 1254/2559/1318
f 1254/2559/1318 1704/2560/1319 1706/2567/1325 1259/2566/1324
f 1096/2561/88 1255/2562/1320 1260/2569/1326 1097/2568/91
f 1261/2570/1327 1260/2569/1326 1255/2562/1320 1256/2563/1321
f 1262/2571/1328 1261/2570/1327 1256/2563/1321 1257/2564/1322
f 1263/2572/1329 1262/2571/1328 1257/2564/1322 1258/2565/1323
f 1264/2573/1330 1263/2572/1329 1258/2565/1323 1259/2566/1324
f 1259/2566/1324 1706/2567/1325 1708/2574/1331 1264/2573/1330
f 1097/2568/91 1260/2569/1326 1265/2576/1332 1098/2575/94
f 1266/2577/1333 1265/2576/1332 1260/2569/1326 1261/2570/1327
f 1267/2578/1334 1266/2577/1333 1261/2570/1327 1262/2571/1328
f 1268/2579/1335 1267/2578/1334 1262/2571/1328 1263/2572/1329
f 1269/2580/1336 1268/2579/1335 1263/2572/1329 1264/2573/1330
f 1264/2573/1330 1708/2574/1331 1710/2581/1337 1269/2580/1336
f 1098/2575/94 1265/2576/1332 1270/2583/1338 1099/2582/97
f 1271/2584/1339 1270/2583/1338 1265/2576/1332 1266/2577/1333
f 1272/2585/1340 1271/2584/1339 1266/2577/1333 1267/2578/1334
f 1273/2586/1341 1272/2585/1340 1267/2578/1334 1268/2579/1335
f 1274/2587/1342 1273/2586/1341 1268/2579/1335 1269/2580/1336
f 1269/2580/1336 1710/2581/1337 1712/2588/1343 1274/2587/1342
f 1099/2582/97 1270/2583/1338 1275/2590/1344 1100/2589/100
f 1276/2591/1345 1275/2590/1344 1270/2583/1338 1271/2584/1339
f 1277/2592/1346 1276/2591/1345 1271/2584/1339 1272/2585/1340
f 1278/2593/1347 1277/2592/1346 1272/2585/1340 1273/2586/1341
f 1279/2594/1348 1278/2593/1347 1273/2586/1341 1274/2587/1342
f 1274/2587/1342 1712/2588/1343 1714/2595/1349 1279/2594/1348
f 1100/2589/100 1275/2590/1344 1280/2597/1350 1101/2596/103
f 1281/2598/1351 1280/2597/1350 1275/2590/1344 1276/2591/1345
f 1282/2599/1352 1281/2598/1351 1276/2591/1345 1277/2592/1346
f 1283/2600/1353 1282/2599/1352 1277/2592/1346 1278/2593/1347
f 1284/2601/1354 1283/2600/1353 1278/2593/1347 1279/2594/1348
f 1279/2594/1348 1714/2595/1349 1716/2602/1355 1284/2601/1354
f 1101/2596/103 1280/2597/1350 1285/2604/1356 1102/2603/106
f 1286/2605/1357 1285/2604/1356 1280/2597/1350 1281/2598/1351
f 1287/2606/1358 1286/2605/1357 1281/2598/1351 1282/2599/1352
f 1288/2607/1359 1287/2606/1358 1282/2599/1352 1283/2600/1353
f 1289/2608/1360 1288/2607/1359 1283/2600/1353 1284/2601/1354
f 1284/2601/1354 1716/2602/1355 1718/2609/1361 1289/2608/1360
f 1102/2603/106 1285/2604/1356 1290/2611/1362 1103/2610/109
f 1291/2612/1363 1290/2611/1362 1285/2604/1356 1286/2605/1357
f 1292/2613/1364 1291/2612/1363 1286/2605/1357 1287/2606/1358
f 1293/2614/1365 1292/2613/1364 1287/2606/1358 1288/2607/1359
f 1294/2615/1366 1293/2614/1365 1288/2607/1359 1289/2608/1360
f 1289/2608/1360 1718/2609/1361 1720/2616/1367 1294/2615/1366
f 1103/2610/109 1290/2611/1362 1295/2618/1368 1104/2617/112
f 1296/2619/1369 1295/2618/1368 1290/2611/1362 1291/2612/1363
f 1297/2620/1370 1296/2619/1369 1291/2612/1363 1292/2613/1364
f 1298/2621/1371 1297/2620/1370 1292/2613/1364 1293/2614/1365
f 1299/2622/1372 1298/2621/1371 1293/2614/1365 1294/2615/1366
f 1294/2615/1366 1720/2616/1367 1722/2623/1373 1299/2622/1372
f 1104/2617/112 1295/2618/1368 1300/2625/1374 1105/2624/115
f 1301/2626/1375 1300/2625/1374 1295/2618/1368 1296/2619/1369
f 1302/2627/1376 1301/2626/1375 1296/2619/1369 1297/2620/1370
f 1303/2628/1377 1302/2627/1376 1297/2620/1370 1298/2621/1371
f 1304/2629/1378 1303/2628/1377 1298/2621/1371 1299/2622/1372
f 1299/2622/1372 1722/2623/1373 1724/2630/1379 1304/2629/1378
f 1105/2624/115 1300/2625/1374 1305/2632/1380 1106/2631/118
f 1306/2633/1381 1305/2632/1380 1300/2625/1374 1301/2626/1375
f 1307/2634/1382 1306/2633/1381 1301/2626/1375 1302/2627/1376
f 1308/2635/1383 1307/2634/1382 1302/2627/1376 1303/2628/1377
f 1309/2636/1384 1308/2635/1383 1303/2628/1377 1304/2629/1378
f 1304/2629/1378 1724/2630/1379 1726/2637/1385 1309/2636/1384
f 1106/2631/118 1305/2632/1380 1310/2639/1386 1107/2638/121
f 1311/2640/1387 1310/2639/1386 1305/2632/1380 1306/2633/1381
f 1312/2641/1388 1311/2640/1387 1306/2633/1381 1307/2634/1382
f 1313/2642/1389 1312/2641/1388 1307/2634/1382 1308/2635/1383
f 1314/2643/1390 1313/2642/1389 1308/2635/1383 1309/2636/1384
f 1309/2636/1384 1726/2637/1385 1728/2644/1391 1314/2643/1390
f 1107/2638/121 1310/2639/1386 1315/2646/1392 1108/2645/124
f 1316/2647/1393 1315/2646/1392 1310/2639/1386 1311/2640/1387
f 1317/2648/1394 1316/2647/1393 1311/2640/1387 1312/2641/1388
f 1318/2649/1395 1317/2648/1394 1312/2641/1388 1313/2642/1389
f 1319/2650/1396 1318/2649/1395 1313/2642/1389 1314/2643/1390
f 1314/2643/1390 1728/2644/1391 1730/2651/1397 1319/2650/1396
f 1108/2645/124 1315/2646/1392 1320/2653/1398 1109/2652/127
f 1321/2654/1399 1320/2653/1398 1315/2646/1392 1316/2647/1393
f 1322/2655/1400 1321/2654/1399 1316/2647/1393 1317/2648/1394
f 1323/2656/1401 1322/2655/1400 1317/2648/1394 1318/2649/1395
f 1324/2657/1402 1323/2656/1401 1318/2649/1395 1319/2650/1396
f 1319/2650/1396 1730/2651/1397 1732/2658/1403 1324/2657/1402
f 1109/2652/127 1320/2653/1398 1325/2660/1404 1110/2659/130
f 1326/2661/1405 1325/2660/1404 1320/2653/1398 1321/2654/1399
f 1327/2662/1406 1326/2661/1405 1321/2654/1399 1322/2655/1400
f 1328/2663/1407 1327/2662/1406 1322/2655/1400 1323/2656/1401
f 1329/2664/1408 1328/2663/1407 1323/2656/1401 1324/2657/1402
f 1324/2657/1402 1732/2658/1403 1734/2665/1409 1329/2664/1408
f 1110/2659/130 1325/2660/1404 1330/2667/1410 1111/2666/133
f 1331/2668/1411 1330/2667/1410 1325/2660/1404 1326/2661/1405
f 1332/2669/1412 1331/2668/1411 1326/2661/1405 1327/2662/1406
f 1333/2670/1413 1332/2669/1412 1327/2662/1406 1328/2663/1407
f 1334/2671/1414 1333/2670/1413 1328/2663/1407 1329/2664/1408
f 1329/2664/1408 1734/2665/1409 1736/2672/1415 1334/2671/1414
f 1111/2666/133 1330/2667/1410 1335/2674/1416 1112/2673/136
f 1336/2675/1417 1335/2674/1416 1330/2667/1410 1331/2668/1411
f 1337/2676/1418 1336/2675/1417 1331/2668/1411 1332/2669/1412
f 1338/2677/1419 1337/2676/1418 1332/2669/1412 1333/2670/1413
f 1339/2678/1420 1338/2677/1419 1333/2670/1413 1334/2671/1414
f 1334/2671/1414 1736/2672/1415 1738/2679/1421 1339/2678/1420
f 1112/2673/136 1335/2674/1416 1340/2681/1422 1113/2680/139
f 1341/2682/1423 1340/2681/1422 1335/2674/1416 1336/2675/1417
f 1342/2683/1424 1341/2682/1423 1336/2675/1417 1337/2676/1418
f 1343/2684/1425 1342/2683/1424 1337/2676/1418 1338/2677/1419
f 1344/2685/1426 1343/2684/1425 1338/2677/1419 1339/2678/1420
f 1339/2678/1420 1738/2679/1421 1740/2686/1427 1344/2685/1426
f 1113/2680/139 1340/2681/1422 1345/2688/1428 1114/2687/142
f 1346/2689/1429 1345/2688/1428 1340/2681/1422 1341/2682/1423
f 1347/2690/1430 1346/2689/1429 1341/2682/1423 1342/2683/1424
f 1348/2691/1431 1347/2690/1430 1342/2683/1424 1343/2684/1425
f 1349/2692/1432 1348/2691/1431 1343/2684/1425 1344/2685/1426
f 1344/2685/1426 1740/2686/1427 1742/2693/1433 1349/2692/1432
f 1114/2687/142 1345/2688/1428 1350/2695/1434 1115/2694/145
f 1351/2696/1435 1350/2695/1434 1345/2688/1428 1346/2689/1429
f 1352/2697/1436 1351/2696/1435 1346/2689/1429 1347/2690/1430
f 1353/2698/1437 1352/2697/1436 1347/2690/1430 1348/2691/1431
f 1354/2699/1438 1353/2698/1437 1348/2691/1431 1349/2692/1432
f 1349/2692/1432 1742/2693/1433 1744/2700/1439 1354/2699/1438
f 1115/2694/145 1350/2695/1434 1355/2702/1440 1116/2701/148
f 1356/2703/1441 1355/2702/1440 1350/2695/1434 1351/2696/1435
f 1357/2704/1442 1356/2703/1441 1351/2696/1435 1352/2697/1436
f 1358/2705/1443 1357/2704/1442 1352/2697/1436 1353/2698/1437
f 1359/2706/1444 1358/2705/1443 1353/2698/1437 1354/2699/1438
f 1354/2699/1438 1744/2700/1439 1746/2707/1445 1359/2706/1444
f 1116/2701/148 1355/2702/1440 1360/2709/1446 1117/2708/151
f 1361/2710/1447 1360/2709/1446 1355/2702/1440 1356/2703/1441
f 1362/2711/1448 1361/2710/1447 1356/2703/1441 1357/2704/1442
f 1363/2712/1449 1362/2711/1448 1357/2704/1442 1358/2705/1443
f 1364/2713/1450 1363/2712/1449 1358/2705/1443 1359/2706/1444
f 1359/2706/1444 1746/2707/1445 1748/2714/1451 1364/2713/1450
f 1117/2708/151 1360/2709/1446 1365/2716/1452 1118/2715/154
f 1366/2717/1453 1365/2716/1452 1360/2709/1446 1361/2710/1447
f 1367/2718/1454 1366/2717/1453 1361/2710/1447 1362/2711/1448
f 1368/2719/1455 1367/2718/1454 1362/2711/1448 1363/2712/1449
f 1369/2720/1456 1368/2719/1455 1363/2712/1449 1364/2713/1450
f 1364/2713/1450 1748/2714/1451 1750/2721/1457 1369/2720/1456
f 1118/2715/154 1365/2716/1452 1370/2723/1458 1119/2722/157
f 1371/2724/1459 1370/2723/1458 1365/2716/1452 1366/2717/1453
f 1372/2725/1460 1371/2724/1459 1366/2717/1453 1367/2718/1454
f 1373/2726/1461 1372/2725/1460 1367/2718/1454 1368/2719/1455
f 1374/2727/1462 1373/2726/1461 1368/2719/1455 1369/2720/1456
f 1369/2720/1456 1750/2721/1457 1752/2728/1463 1374/2727/1462
f 1119/2722/157 1370/2723/1458 1375/2730/1464 1120/2729/160
f 1376/2731/1465 1375/2730/1464 1370/2723/1458 1371/2724/1459
f 1377/2732/1466 1376/2731/1465 1371/2724/1459 1372/2725/1460
f 1378/2733/1467 1377/2732/1466 1372/2725/1460 1373/2726/1461
f 1379/2734/1468 1378/2733/1467 1373/2726/1461 1374/2727/1462
f 1374/2727/1462 1752/2728/1463 1754/2735/1469 1379/2734/1468
f 1120/2729/160 1375/2730/1464 1380/2737/1470 1121/2736/163
f 1381/2738/1471 1380/2737/1470 1375/2730/1464 1376/2731/1465
f 1382/2739/1472 1381/2738/1471 1376/2731/1465 1377/2732/1466
f 1383/2740/1473 1382/2739/1472 1377/2732/1466 1378/2733/1467
f 1384/2741/1474 1383/2740/1473 1378/2733/1467 1379/2734/1468
f 1379/2734/1468 1754/2735/1469 1756/2742/1475 1384/2741/1474
f 1121/2736/163 1380/2737/1470 1385/2744/1476 1122/2743/166
f 1386/2745/1477 1385/2744/1476 1380/2737/1470 1381/2738/1471
f 1387/2746/1478 1386/2745/1477 1381/2738/1471 1382/2739/1472
f 1388/2747/1479 1387/2746/1478 1382/2739/1472 1383/2740/1473
f 1389/2748/1480 1388/2747/1479 1383/2740/1473 1384/2741/1474
f 1384/2741/1474 1756/2742/1475 1758/2749/1481 1389/2748/1480
f 1122/2743/166 1385/2744/1476 1390/2751/1482 1123/2750/169
f 1391/2752/1483 1390/2751/1482 1385/2744/1476 1386/2745/1477
f 1392/2753/1484 1391/2752/1483 1386/2745/1477 1387/2746/1478
f 1393/2754/1485 1392/2753/1484 1387/2746/1478 1388/2747/1479
f 1394/2755/1486 1393/2754/1485 1388/2747/1479 1389/2748/1480
f 1389/2748/1480 1758/2749/1481 1760/2756/1487 1394/2755/1486
f 1123/2750/169 1390/2751/1482 1395/2758/1488 1124/2757/172
f 1396/2759/1489 1395/2758/1488 1390/2751/1482 1391/2752/1483
f 1397/2760/1490 1396/2759/1489 1391/2752/1483 1392/2753/1484
f 1398/2761/1491 1397/2760/1490 1392/2753/1484 1393/2754/1485
f 1399/2762/1492 1398/2761/1491 1393/2754/1485 1394/2755/1486
f 1394/2755/1486 1760/2756/1487 1762/2763/1493 1399/2762/1492
f 1124/2757/172 1395/2758/1488 1400/2765/1494 1125/2764/175
f 1401/2766/1495 1400/2765/1494 1395/2758/1488 1396/2759/1489
f 1402/2767/1496 1401/2766/1495 1396/2759/1489 1397/2760/1490
f 1403/2768/1497 1402/2767/1496 1397/2760/1490 1398/2761/1491
f 1404/2769/1498 1403/2768/1497 1398/2761/1491 1399/2762/1492
f 1399/2762/1492 1762/2763/1493 1764/2770/1499 1404/2769/1498
f 1125/2764/175 1400/2765/1494 1405/2772/1500 1126/2771/178
f 1406/2773/1501 1405/2772/1500 1400/2765/1494 1401/2766/1495
f 1407/2774/1502 1406/2773/1501 1401/2766/1495 1402/2767/1496
f 1408/2775/1503 1407/2774/1502 1402/2767/1496 1403/2768/1497
f 1409/2776/1504 1408/2775/1503 1403/2768/1497 1404/2769/1498
f 1404/2769/1498 1764/2770/1499 1766/2777/1505 1409/2776/1504
f 1126/2771/178 1405/2772/1500 1410/2779/1506 1127/2778/181
f 1411/2780/1507 1410/2779/1506 1405/2772/1500 1406/2773/1501
f 1412/2781/1508 1411/2780/1507 1406/2773/1501 1407/2774/1502
f 1413/2782/1509 1412/2781/1508 1407/2774/1502 1408/2775/1503
f 1414/2783/1510 1413/2782/1509 1408/2775/1503 1409/2776/1504
f 1409/2776/1504 1766/2777/1505 1768/2784/1511 1414/2783/1510
f 1127/2778/181 1410/2779/1506 1415/2786/1512 1128/2785/184
f 1416/2787/1513 1415/2786/1512 1410/2779/1506 1411/2780/1507
f 1417/2788/1514 1416/2787/1513 1411/2780/1507 1412/2781/1508
f 1418/2789/1515 1417/2788/1514 1412/2781/1508 1413/2782/1509
f 1419/2790/1516 1418/2789/1515 1413/2782/1509 1414/2783/1510
f 1414/2783/1510 1768/2784/1511 1770/2791/1517 1419/2790/1516
f 1128/2785/184 1415/2786/1512 1420/2793/1518 1129/2792/187
f 1421/2794/1519 1420/2793/1518 1415/2786/1512 1416/2787/1513
f 1422/2795/1520 1421/2794/1519 1416/2787/1513 1417/2788/1514
f 1423/2796/1521 1422/2795/1520 1417/2788/1514 1418/2789/1515
f 1424/2797/1522 1423/2796/1521 1418/2789/1515 1419/2790/1516
f 1419/2790/1516 1770/2791/1517 1772/2798/1523 1424/2797/1522
f 1129/2792/187 1420/2793/1518 1425/2800/1524 1130/2799/190
f 1426/2801/1525 1425/2800/1524 1420/2793/1518 1421/2794/1519
f 1427/2802/1526 1426/2801/1525 1421/2794/1519 1422/2795/1520
f 1428/2803/1527 1427/2802/1526 1422/2795/1520 1423/2796/1521
f 1429/2804/1528 1428/2803/1527 1423/2796/1521 1424/2797/1522
f 1424/2797/1522 1772/2798/1523 1080/2805/1529 1429/2804/1528
f 1130/2799/190 1425/2800/1524 1430/2807/1530 1131/2806/193
f 1431/2808/1531 1430/2807/1530 1425/2800/1524 1426/2801/1525
f 1432/2809/1532 1431/2808/1531 1426/2801/1525 1427/2802/1526
f 1433/2810/1533 1432/2809/1532 1427/2802/1526 1428/2803/1527
f 1434/2811/1534 1433/2810/1533 1428/2803/1527 1429/2804/1528
f 1429/2804/1528 1080/2805/1529 1078/2812/1535 1434/2811/1534
f 1131/2806/193 1430/2807/1530 1435/2814/1536 1132/2813/196
f 1436/2815/1537 1435/2814/1536 1430/2807/1530 1431/2808/1531
f 1437/2816/1538 1436/2815/1537 1431/2808/1531 1432/2809/1532
f 1438/2817/1539 1437/2816/1538 1432/2809/1532 1433/2810/1533
f 1439/2818/1540 1438/2817/1539 1433/2810/1533 1434/2811/1534
f 1434/2811/1534 1078/2812/1535 1076/2819/1541 1439/2818/1540
f 1132/2813/196 1435/2814/1536 1440/2821/1542 1133/2820/199
f 1441/2822/1543 1440/2821/1542 1435/2814/1536 1436/2815/1537
f 1442/2823/1544 1441/2822/1543 1436/2815/1537 1437/2816/1538
f 1443/2824/1545 1442/2823/1544 1437/2816/1538 1438/2817/1539
f 1444/2825/1546 1443/2824/1545 1438/2817/1539 1439/2818/1540
f 1439/2818/1540 1076/2819/1541 1074/2826/1547 1444/2825/1546
f 1133/2820/199 1440/2821/1542 1445/2828/1548 1134/2827/202
f 1446/2829/1549 1445/2828/1548 1440/2821/1542 1441/2822/1543
f 1447/2830/1550 1446/2829/1549 1441/2822/1543 1442/2823/1544
f 1448/2831/1551 1447/2830/1550 1442/2823/1544 1443/2824/1545
f 1449/2832/1552 1448/2831/1551 1443/2824/1545 1444/2825/1546
f 1444/2825/1546 1074/2826/1547 1072/2833/1553 1449/2832/1552
f 1134/2827/202 1445/2828/1548 1450/2835/1554 1135/2834/205
f 1451/2836/1555 1450/2835/1554 1445/2828/1548 1446/2829/1549
f 1452/2837/1556 1451/2836/1555 1446/2829/1549 1447/2830/1550
f 1453/2838/1557 1452/2837/1556 1447/2830/1550 1448/2831/1551
f 1454/2839/1558 1453/2838/1557 1448/2831/1551 1449/2832/1552
f 1449/2832/1552 1072/2833/1553 1070/2840/1559 1454/2839/1558
f 1135/2834/205 1450/2835/1554 1455/2842/1560 1136/2841/208
f 1456/2843/1561 1455/2842/1560 1450/2835/1554 1451/2836/1555
f 1457/2844/1562 1456/2843/1561 1451/2836/1555 1452/2837/1556
f 1458/2845/1563 1457/2844/1562 1452/2837/1556 1453/2838/1557
f 1459/2846/1564 1458/2845/1563 1453/2838/1557 1454/2839/1558
f 1454/2839/1558 1070/2840/1559 1068/2847/1565 1459/2846/1564
f 1136/2841/208 1455/2842/1560 1460/2849/1566 1137/2848/211
f 1461/2850/1567 1460/2849/1566 1455/2842/1560 1456/2843/1561
f 1462/2851/1568 1461/2850/1567 1456/2843/1561 1457/2844/1562
f 1463/2852/1569 1462/2851/1568 1457/2844/1562 1458/2845/1563
f 1464/2853/1570 1463/2852/1569 1458/2845/1563 1459/2846/1564
f 1459/2846/1564 1068/2847/1565 1066/2854/1571 1464/2853/1570
f 1137/2848/211 1460/2849/1566 1465/2856/1572 1138/2855/214
f 1466/2857/1573 1465/2856/1572 1460/2849/1566 1461/2850/1567
f 1467/2858/1574 1466/2857/1573 1461/2850/1567 1462/2851/1568
f 1468/2859/1575 1467/2858/1574 1462/2851/1568 1463/2852/1569
f 1469/2860/1576 1468/2859/1575 1463/2852/1569 1464/2853/1570
f 1464/2853/1570 1066/2854/1571 1064/2861/1577 1469/2860/1576
f 1138/2855/214 1465/2856/1572 1470/2863/1578 1139/2862/217
f 1471/2864/1579 1470/2863/1578 1465/2856/1572 1466/2857/1573
f 1472/2865/1580 1471/2864/1579 1466/2857/1573 1467/2858/1574
f 1473/2866/1581 1472/2865/1580 1467/2858/1574 1468/2859/1575
f 1474/2867/1582 1473/2866/1581 1468/2859/1575 1469/2860/1576
f 1469/2860/1576 1064/2861/1577 1062/2868/1583 1474/2867/1582
f 1139/2862/217 1470/2863/1578 1475/2870/1584 1140/2869/220
f 1476/2871/1585 1475/2870/1584 1470/2863/1578 1471/2864/1579
f 1477/2872/1586 1476/2871/1585 1471/2864/1579 1472/2865/1580
f 1478/2873/1587 1477/2872/1586 1472/2865/1580 1473/2866/1581
f 1479/2874/1588 1478/2873/1587 1473/2866/1581 1474/2867/1582
f 1474/2867/1582 1062/2868/1583 1060/2875/1589 1479/2874/1588
f 1140/2869/220 1475/2870/1584 1480/2877/1590 1141/2876/223
f 1481/2878/1591 1480/2877/1590 1475/2870/1584 1476/2871/1585
f 1482/2879/1592 1481/2878/1591 1476/2871/1585 1477/2872/1586
f 1483/2880/1593 1482/2879/1592 1477/2872/1586 1478/2873/1587
f 1484/2881/1594 1483/2880/1593 1478/2873/1587 1479/2874/1588
f 1479/2874/1588 1060/2875/1589 1058/2882/1595 1484/2881/1594
f 1141/2876/223 1480/2877/1590 1485/2884/1596 1142/2883/226
f 1486/2885/1597 1485/2884/1596 1480/2877/1590 1481/2878/1591
f 1487/2886/1598 1486/2885/1597 1481/2878/1591 1482/2879/1592
f 1488/2887/1599 1487/2886/1598 1482/2879/1592 1483/2880/1593
f 1489/2888/1600 1488/2887/1599 1483/2880/1593 1484/2881/1594
f 1484/2881/1594 1058/2882/1595 1056/2889/1601 1489/2888/1600
f 1142/2883/226 1485/2884/1596 1490/2891/1602 1143/2890/229
f 1491/2892/1603 1490/2891/1602 1485/2884/1596 1486/2885/1597
f 1492/2893/1604 1491/2892/1603 1486/2885/1597 1487/2886/1598
f 1493/2894/1605 1492/2893/1604 1487/2886/1598 1488/2887/1599
f 1494/2895/1606 1493/2894/1605 1488/2887/1599 1489/2888/1600
f 1489/2888/1600 1056/2889/1601 1054/2896/1607 1494/2895/1606
f 1143/2890/229 1490/2891/1602 1495/2898/1608 1144/2897/232
f 1496/2899/1609 1495/2898/1608 1490/2891/1602 1491/2892/1603
f 1497/2900/1610 1496/2899/1609 1491/2892/1603 1492/2893/1604
f 1498/2901/1611 1497/2900/1610 1492/2893/1604 1493/2894/1605
f 1499/2902/1612 1498/2901/1611 1493/2894/1605 1494/2895/1606
f 1494/2895/1606 1054/2896/1607 1052/2903/1613 1499/2902/1612
f 1144/2897/232 1495/2898/1608 1500/2905/1614 1145/2904/235
f 1501/2906/1615 1500/2905/1614 1495/2898/1608 1496/2899/1609
f 1502/2907/1616 1501/2906/1615 1496/2899/1609 1497/2900/1610
f 1503/2908/1617 1502/2907/1616 1497/2900/1610 1498/2901/1611
f 1504/2909/1618 1503/2908/1617 1498/2901/1611 1499/2902/1612
f 1499/2902/1612 1052/2903/1613 1050/2910/1619 1504/2909/1618
f 1145/2904/235 1500/2905/1614 1505/2912/1620 1146/2911/238
f 1506/2913/1621 1505/2912/1620 1500/2905/1614 1501/2906/1615
f 1507/2914/1622 1506/2913/1621 1501/2906/1615 1502/2907/1616
f 1508/2915/1623 1507/2914/1622 1502/2907/1616 1503/2908/1617
f 1509/2916/1624 1508/2915/1623 1503/2908/1617 1504/2909/1618
f 1504/2909/1618 1050/2910/1619 1048/2917/1625 1509/2916/1624
f 1146/2911/238 1505/2912/1620 1510/2919/1626 1147/2918/241
f 1511/2920/1627 1510/2919/1626 1505/2912/1620 1506/2913/1621
f 1512/2921/1628 1511/2920/1627 1506/2913/1621 1507/2914/1622
f 1513/2922/1629 1512/2921/1628 1507/2914/1622 1508/2915/1623
f 1514/2923/1630 1513/2922/1629 1508/2915/1623 1509/2916/1624
f 1509/2916/1624 1048/2917/1625 1046/2924/1631 1514/2923/1630
f 1147/2918/241 1510/2919/1626 1515/2926/1632 1148/2925/244
f 1516/2927/1633 1515/2926/1632 1510/2919/1626 1511/2920/1627
f 1517/2928/1634 1516/2927/1633 1511/2920/1627 1512/2921/1628
f 1518/2929/1635 1517/2928/1634 1512/2921/1628 1513/2922/1629
f 1519/2930/1636 1518/2929/1635 1513/2922/1629 1514/2923/1630
f 1514/2923/1630 1046/2924/1631 1044/2931/1637 1519/2930/1636
f 1148/2925/244 1515/2926/1632 1520/2933/1638 1149/2932/247
f 1521/2934/1639 1520/2933/1638 1515/2926/1632 1516/2927/1633
f 1522/2935/1640 1521/2934/1639 1516/2927/1633 1517/2928/1634
f 1523/2936/1641 1522/2935/1640 1517/2928/1634 1518/2929/1635
f 1524/2937/1642 1523/2936/1641 1518/2929/1635 1519/2930/1636
f 1519/2930/1636 1044/2931/1637 1042/2938/1643 1524/2937/1642
f 1149/2932/247 1520/2933/1638 1525/2940/1644 1150/2939/250
f 1526/2941/1645 1525/2940/1644 1520/2933/1638 1521/2934/1639
f 1527/2942/1646 1526/2941/1645 1521/2934/1639 1522/2935/1640
f 1528/2943/1647 1527/2942/1646 1522/2935/1640 1523/2936/1641
f 1529/2944/1648 1528/2943/1647 1523/2936/1641 1524/2937/1642
f 1524/2937/1642 1042/2938/1643 1040/2945/1649 1529/2944/1648
f 1150/2939/250 1525/2940/1644 1530/2947/1650 1151/2946/253
f 1531/2948/1651 1530/2947/1650 1525/2940/1644 1526/2941/1645
f 1532/2949/1652 1531/2948/1651 1526/2941/1645 1527/2942/1646
f 1533/2950/1653 1532/2949/1652 1527/2942/1646 1528/2943/1647
f 1534/2951/1654 1533/2950/1653 1528/2943/1647 1529/2944/1648
f 1529/2944/1648 1040/2945/1649 1038/2952/1655 1534/2951/1654
f 1151/2946/253 1530/2947/1650 1535/2954/1656 1152/2953/256
f 1536/2955/1657 1535/2954/1656 1530/2947/1650 1531/2948/1651
f 1537/2956/1658 1536/2955/1657 1531/2948/1651 1532/2949/1652
f 1538/2957/1659 1537/2956/1658 1532/2949/1652 1533/2950/1653
f 1539/2958/1660 1538/2957/1659 1533/2950/1653 1534/2951/1654
f 1534/2951/1654 1038/2952/1655 1036/2959/1661 1539/2958/1660
f 1152/2953/256 1535/2954/1656 1540/2961/1662 1153/2960/259
f 1541/2962/1663 1540/2961/1662 1535/2954/1656 1536/2955/1657
f 1542/2963/1664 1541/2962/1663 1536/2955/1657 1537/2956/1658
f 1543/2964/1665 1542/2963/1664 1537/2956/1658 1538/2957/1659
f 1544/2965/1666 1543/2964/1665 1538/2957/1659 1539/2958/1660
f 1539/2958/1660 1036/2959/1661 1034/2966/1667 1544/2965/1666
f 1153/2960/259 1540/2961/1662 1545/2968/1668 1154/2967/262
f 1546/2969/1669 1545/2968/1668 1540/2961/1662 1541/2962/1663
f 1547/2970/1670 1546/2969/1669 1541/2962/1663 1542/2963/1664
f 1548/2971/1671 1547/2970/1670 1542/2963/1664 1543/2964/1665
f 1549/2972/1672 1548/2971/1671 1543/2964/1665 1544/2965/1666
f 1544/2965/1666 1034/2966/1667 1032/2973/1673 1549/2972/1672
f 1154/2967/262 1545/2968/1668 1550/2975/1674 1155/2974/265
f 1551/2976/1675 1550/2975/1674 1545/2968/1668 1546/2969/1669
f 1552/2977/1676 1551/2976/1675 1546/2969/1669 1547/2970/1670
f 1553/2978/1677 1552/2977/1676 1547/2970/1670 1548/2971/1671
f 1554/2979/1678 1553/2978/1677 1548/2971/1671 1549/2972/1672
f 1549/2972/1672 1032/2973/1673 1030/2980/1679 1554/2979/1678
f 1155/2974/265 1550/2975/1674 1555/2982/1680 1156/2981/268
f 1556/2983/1681 1555/2982/1680 1550/2975/1674 1551/2976/1675
f 1557/2984/1682 1556/2983/1681 1551/2976/1675 1552/2977/1676
f 1558/2985/1683 1557/2984/1682 1552/2977/1676 1553/2978/1677
f 1559/2986/1684 1558/2985/1683 1553/2978/1677 1554/2979/1678
f 1554/2979/1678 1030/2980/1679 1028/2987/1685 1559/2986/1684
f 1156/2981/268 1555/2982/1680 1560/2989/1686 1157/2988/271
f 1561/2990/1687 1560/2989/1686 1555/2982/1680 1556/2983/1681
f 1562/2991/1688 1561/2990/1687 1556/2983/1681 1557/2984/1682
f 1563/2992/1689 1562/2991/1688 1557/2984/1682 1558/2985/1683
f 1564/2993/1690 1563/2992/1689 1558/2985/1683 1559/2986/1684
f 1559/2986/1684 1028/2987/1685 1026/2994/1691 1564/2993/1690
f 1157/2988/271 1560/2989/1686 1565/2996/1692 1158/2995/274
f 1566/2997/1693 1565/2996/1692 1560/2989/1686 1561/2990/1687
f 1567/2998/1694 1566/2997/1693 1561/2990/1687 1562/2991/1688
f 1568/2999/1695 1567/2998/1694 1562/2991/1688 1563/2992/1689
f 1569/3000/1696 1568/2999/1695 1563/2992/1689 1564/2993/1690
f 1564/2993/1690 1026/2994/1691 1024/3001/1697 1569/3000/1696
f 1158/2995/274 1565/2996/1692 1570/3003/1698 1159/3002/277
f 1571/3004/1699 1570/3003/1698 1565/2996/1692 1566/2997/1693
f 1572/3005/1700 1571/3004/1699 1566/2997/1693 1567/2998/1694
f 1573/3006/1701 1572/3005/1700 1567/2998/1694 1568/2999/1695
f 1574/3007/1702 1573/3006/1701 1568/2999/1695 1569/3000/1696
f 1569/3000/1696 1024/3001/1697 1022/3008/1703 1574/3007/1702
f 1159/3002/277 1570/3003/1698 1575/3010/1704 1160/3009/280
f 1576/3011/1705 1575/3010/1704 1570/3003/1698 1571/3004/1699
f 1577/3012/1706 1576/3011/1705 1571/3004/1699 1572/3005/1700
f 1578/3013/1707 1577/3012/1706 1572/3005/1700 1573/3006/1701
f 1579/3014/1708 1578/3013/1707 1573/3006/1701 1574/3007/1702
f 1574/3007/1702 1022/3008/1703 1020/3015/1709 1579/3014/1708
f 1160/3009/280 1575/3010/1704 1580/3017/1710 1161/3016/283
f 1581/3018/1711 1580/3017/1710 1575/3010/1704 1576/3011/1705
f 1582/3019/1712 1581/3018/1711 1576/3011/1705 1577/3012/1706
f 1583/3020/1713 1582/3019/1712 1577/3012/1706 1578/3013/1707
f 1584/3021/1714 1583/3020/1713 1578/3013/1707 1579/3014/1708
f 1579/3014/1708 1020/3015/1709 1018/3022/1715 1584/3021/1714
f 1161/3016/283 1580/3017/1710 1585/3024/1716 1162/3023/286
f 1586/3025/1717 1585/3024/1716 1580/3017/1710 1581/3018/1711
f 1587/3026/1718 1586/3025/1717 1581/3018/1711 1582/3019/1712
f 1588/3027/1719 1587/3026/1718 1582/3019/1712 1583/3020/1713
f 1589/3028/1720 1588/3027/1719 1583/3020/1713 1584/3021/1714
f 1584/3021/1714 1018/3022/1715 1016/3029/1721 1589/3028/1720
f 1162/3023/286 1585/3024/1716 1590/3031/1722 1163/3030/289
f 1591/3032/1723 1590/3031/1722 1585/3024/1716 1586/3025/1717
f 1592/3033/1724 1591/3032/1723 1586/3025/1717 1587/3026/1718
f 1593/3034/1725 1592/3033/1724 1587/3026/1718 1588/3027/1719
f 1594/3035/1726 1593/3034/1725 1588/3027/1719 1589/3028/1720
f 1589/3028/1720 1016/3029/1721 1014/3036/1727 1594/3035/1726
f 1163/3030/289 1590/3031/1722 1595/3038/1728 1164/3037/292
f 1596/3039/1729 1595/3038/1728 1590/3031/1722 1591/3032/1723
f 1597/3040/1730 1596/3039/1729 1591/3032/1723 1592/3033/1724
f 1598/3041/1731 1597/3040/1730 1592/3033/1724 1593/3034/1725
f 1599/3042/1732 1598/3041/1731 1593/3034/1725 1594/3035/1726
f 1594/3035/1726 1014/3036/1727 1012/3043/1733 1599/3042/1732
f 1164/3037/292 1595/3038/1728 1600/3045/1734 1165/3044/295
f 1601/3046/1735 1600/3045/1734 1595/3038/1728 1596/3039/1729
f 1602/3047/1736 1601/3046/1735 1596/3039/1729 1597/3040/1730
f 1603/3048/1737 1602/3047/1736 1597/3040/1730 1598/3041/1731
f 1604/3049/1738 1603/3048/1737 1598/3041/1731 1599/3042/1732
f 1599/3042/1732 1012/3043/1733 1010/3050/1739 1604/3049/1738
f 1165/3044/295 1600/3045/1734 1605/3052/1740 1166/3051/298
f 1606/3053/1741 1605/3052/1740 1600/3045/1734 1601/3046/1735
f 1607/3054/1742 1606/3053/1741 1601/3046/1735 1602/3047/1736
f 1608/3055/1743 1607/3054/1742 1602/3047/1736 1603/3048/1737
f 1609/3056/1744 1608/3055/1743 1603/3048/1737 1604/3049/1738
f 1604/3049/1738 1010/3050/1739 1008/3057/1745 1609/3056/1744
f 1166/3051/298 1605/3052/1740 1610/3059/1746 1167/3058/301
f 1611/3060/1747 1610/3059/1746 1605/3052/1740 1606/3053/1741
f 1612/3061/1748 1611/3060/1747 1606/3053/1741 1607/3054/1742
f 1613/3062/1749 1612/3061/1748 1607/3054/1742 1608/3055/1743
f 1614/3063/1750 1613/3062/1749 1608/3055/1743 1609/3056/1744
f 1609/3056/1744 1008/3057/1745 1006/3064/1751 1614/3063/1750
f 1167/3058/301 1610/3059/1746 1615/3066/1752 1168/3065/304
f 1616/3067/1753 1615/3066/1752 1610/3059/1746 1611/3060/1747
f 1617/3068/1754 1616/3067/1753 1611/3060/1747 1612/3061/1748
f 1618/3069/1755 1617/3068/1754 1612/3061/1748 1613/3062/1749
f 1619/3070/1756 1618/3069/1755 1613/3062/1749 1614/3063/1750
f 1614/3063/1750 1006/3064/1751 1004/3071/1757 1619/3070/1756
f 1168/3065/304 1615/3066/1752 1620/3073/1758 1169/3072/307
f 1621/3074/1759 1620/3073/1758 1615/3066/1752 1616/3067/1753
f 1622/3075/1760 1621/3074/1759 1616/3067/1753 1617/3068/1754
f 1623/3076/1761 1622/3075/1760 1617/3068/1754 1618/3069/1755
f 1624/3077/1762 1623/3076/1761 1618/3069/1755 1619/3070/1756
f 1619/3070/1756 1004/3071/1757 1002/3078/1763 1624/3077/1762
f 1169/3072/307 1620/3073/1758 1625/3080/1764 1170/3079/310
f 1626/3081/1765 1625/3080/1764 1620/3073/1758 1621/3074/1759
f 1627/3082/1766 1626/3081/1765 1621/3074/1759 1622/3075/1760
f 1628/3083/1767 1627/3082/1766 1622/3075/1760 1623/3076/1761
f 1629/3084/1768 1628/3083/1767 1623/3076/1761 1624/3077/1762
f 1624/3077/1762 1002/3078/1763 1000/3085/1769 1629/3084/1768
f 1170/3079/310 1625/3080/1764 1630/3087/1770 1171/3086/313
f 1631/3088/1771 1630/3087/1770 1625/3080/1764 1626/3081/1765
f 1632/3089/1772 1631/3088/1771 1626/3081/1765 1627/3082/1766
f 1633/3090/1773 1632/3089/1772 1627/3082/1766 1628/3083/1767
f 1634/3091/1774 1633/3090/1773 1628/3083/1767 1629/3084/1768
f 1629/3084/1768 1000/3085/1769 998/3092/1775 1634/3091/1774
f 1171/3086/313 1630/3087/1770 1635/3094/1776 1172/3093/316
f 1636/3095/1777 1635/3094/1776 1630/3087/1770 1631/3088/1771
f 1637/3096/1778 1636/3095/1777 1631/3088/1771 1632/3089/1772
f 1638/3097/1779 1637/3096/1778 1632/3089/1772 1633/3090/1773
f 1639/3098/1780 1638/3097/1779 1633/3090/1773 1634/3091/1774
f 1634/3091/1774 998/3092/1775 996/3099/1781 1639/3098/1780
f 1172/3093/316 1635/3094/1776 1640/3101/1782 1173/3100/319
f 1641/3102/1783 1640/3101/1782 1635/3094/1776 1636/3095/1777
f 1642/3103/1784 1641/3102/1783 1636/3095/1777 1637/3096/1778
f 1643/3104/1785 1642/3103/1784 1637/3096/1778 1638/3097/1779
f 1644/3105/1786 1643/3104/1785 1638/3097/1779 1639/3098/1780
f 1639/3098/1780 996/3099/1781 994/3106/1787 1644/3105/1786
f 1173/3100/319 1640/3101/1782 1645/3108/1788 1174/3107/322
f 1646/3109/1789 1645/3108/1788 1640/3101/1782 1641/3102/1783
f 1647/3110/1790 1646/3109/1789 1641/3102/1783 1642/3103/1784
f 1648/3111/1791 1647/3110/1790 1642/3103/1784 1643/3104/1785
f 1649/3112/1792 1648/3111/1791 1643/3104/1785 1644/3105/1786
f 1644/3105/1786 994/3106/1787 992/3113/1793 1649/3112/1792
f 1174/3107/322 1645/3108/1788 1650/3115/1794 1175/3114/325
f 1651/3116/1795 1650/3115/1794 1645/3108/1788 1646/3109/1789
f 1652/3117/1796 1651/3116/1795 1646/3109/1789 1647/3110/1790
f 1653/3118/1797 1652/3117/1796 1647/3110/1790 1648/3111/1791
f 1654/3119/1798 1653/3118/1797 1648/3111/1791 1649/3112/1792
f 1649/3112/1792 992/3113/1793 990/3120/1799 1654/3119/1798
f 1175/3114/325 1650/3115/1794 1655/3122/1800 1176/3121/328
f 1656/3123/1801 1655/3122/1800 1650/3115/1794 1651/3116/1795
f 1657/3124/1802 1656/3123/1801 1651/3116/1795 1652/3117/1796
f 1658/3125/1803 1657/3124/1802 1652/3117/1796 1653/3118/1797
f 1659/3126/1804 1658/3125/1803 1653/3118/1797 1654/3119/1798
f 1654/3119/1798 990/3120/1799 988/3127/1805 1659/3126/1804
f 1176/3121/328 1655/3122/1800 1660/3129/1806 1177/3128/331
f 1661/3130/1807 1660/3129/1806 1655/3122/1800 1656/3123/1801
f 1662/3131/1808 1661/3130/1807 1656/3123/1801 1657/3124/1802
f 1663/3132/1809 1662/3131/1808 1657/3124/1802 1658/3125/1803
f 1664/3133/1810 1663/3132/1809 1658/3125/1803 1659/3126/1804
f 1659/3126/1804 988/3127/1805 986/3134/1811 1664/3133/1810
f 1177/3128/331 1660/3129/1806 1665/3136/1812 1178/3135/334
f 1666/3137/1813 1665/3136/1812 1660/3129/1806 1661/3130/1807
f 1667/3138/1814 1666/3137/1813 1661/3130/1807 1662/3131/1808
f 1668/3139/1815 1667/3138/1814 1662/3131/1808 1663/3132/1809
f 1669/3140/1816 1668/3139/1815 1663/3132/1809 1664/3133/1810
f 1664/3133/1810 986/3134/1811 984/3141/1817 1669/3140/1816
f 1178/3135/334 1665/3136/1812 1670/3143/1818 1179/3142/337
f 1671/3144/1819 1670/3143/1818 1665/3136/1812 1666/3137/1813
f 1672/3145/1820 1671/3144/1819 1666/3137/1813 1667/3138/1814
f 1673/3146/1821 1672/3145/1820 1667/3138/1814 1668/3139/1815
f 1674/3147/1822 1673/3146/1821 1668/3139/1815 1669/3140/1816
f 1669/3140/1816 984/3141/1817 982/3148/1823 1674/3147/1822
f 1179/3142/337 1670/3143/1818 1185/3150/1231 1081/3149/43
f 1186/3151/1232 1185/3150/1231 1670/3143/1818 1671/3144/1819
f 1187/3152/1234 1186/3151/1232 1671/3144/1819 1672/3145/1820
f 1188/3153/1236 1187/3152/1234 1672/3145/1820 1673/3146/1821
f 1189/3154/1238 1188/3153/1236 1673/3146/1821 1674/3147/1822
f 1674/3147/1822 982/3148/1823 1676/3155/1241 1189/3154/1238
f 1873/3159/1824 1875/3158/1825 1876/3157/1825 1874/3156/1824
f 1875/3158/1825 1877/3161/1826 1878/3160/1826 1876/3157/1825
f 1877/3161/1826 1879/3163/1827 1880/3162/1827 1878/3160/1826
f 1879/3163/1827 1881/3165/1828 1882/3164/1828 1880/3162/1827
f 1881/3165/1828 1883/3167/1829 1884/3166/1829 1882/3164/1828
f 1883/3167/1829 1885/3169/1830 1886/3168/1830 1884/3166/1829
f 1885/3169/1830 1887/3171/1831 1888/3170/1831 1886/3168/1830
f 1887/3171/1831 1889/3173/1832 1890/3172/1832 1888/3170/1831
f 1889/3173/1832 1891/3175/1833 1892/3174/1833 1890/3172/1832
f 1891/3175/1833 1893/3177/1834 1894/3176/1834 1892/3174/1833
f 1893/3177/1834 1895/3179/1835 1896/3178/1835 1894/3176/1834
f 1895/3179/1835 1897/3181/1836 1898/3180/1836 1896/3178/1835
f 1897/3181/1836 1899/3183/1837 1900/3182/1837 1898/3180/1836
f 1899/3183/1837 1901/3185/1838 1902/3184/1838 1900/3182/1837
f 1901/3185/1838 1903/3187/1839 1904/3186/1839 1902/3184/1838
f 1903/3187/1839 1905/3189/1840 1906/3188/1840 1904/3186/1839
f 1905/3189/1840 1907/3191/1841 1908/3190/1841 1906/3188/1840
f 1907/3191/1841 1909/3193/1842 1910/3192/1842 1908/3190/1841
f 1909/3193/1842 1911/3195/1843 1912/3194/1843 1910/3192/1842
f 1911/3195/1843 1913/3197/1844 1914/3196/1844 1912/3194/1843
f 1913/3197/1844 1915/3199/1845 1916/3198/1845 1914/3196/1844
f 1915/3199/1845 1917/3201/1846 1918/3200/1846 1916/3198/1845
f 1917/3201/1846 1919/3203/1847 1920/3202/1847 1918/3200/1846
f 1919/3203/1847 1921/3205/1848 1922/3204/1848 1920/3202/1847
f 1921/3205/1848 1923/3207/1849 1924/3206/1849 1922/3204/1848
f 1923/3207/1849 1925/3209/1850 1926/3208/1850 1924/3206/1849
f 1925/3209/1850 1927/3211/1851 1928/3210/1851 1926/3208/1850
f 1927/3211/1851 1929/3213/1852 1930/3212/1852 1928/3210/1851
f 1929/3213/1852 1931/3215/1853 1932/3214/1853 1930/3212/1852
f 1931/3215/1853 1933/3217/1854 1934/3216/1854 1932/3214/1853
f 1933/3217/1854 1935/3219/1855 1936/3218/1855 1934/3216/1854
f 1935/3219/1855 1937/3221/1856 1938/3220/1856 1936/3218/1855
f 1937/3221/1856 1939/3223/1857 1940/3222/1857 1938/3220/1856
f 1939/3223/1857 1941/3225/1858 1942/3224/1858 1940/3222/1857
f 1941/3225/1858 1943/3227/1859 1944/3226/1859 1942/3224/1858
f 1943/3227/1859 1945/3229/1860 1946/3228/1860 1944/3226/1859
f 1945/3229/1860 1947/3231/1861 1948/3230/1861 1946/3228/1860
f 1947/3231/1861 1949/3233/1862 1950/3232/1862 1948/3230/1861
f 1949/3233/1862 1951/3235/1863 1952/3234/1863 1950/3232/1862
f 1951/3235/1863 1953/3237/1864 1954/3236/1864 1952/3234/1863
f 1953/3237/1864 1955/3239/1865 1956/3238/1865 1954/3236/1864
f 1955/3239/1865 1957/3241/1866 1958/3240/1866 1956/3238/1865
f 1957/3241/1866 1959/3243/1867 1960/3242/1867 1958/3240/1866
f 1959/3243/1867 1961/3245/1868 1962/3244/1868 1960/3242/1867
f 1961/3245/1868 1963/3247/1869 1964/3246/1869 1962/3244/1868
f 1963/3247/1869 1965/3249/1870 1966/3248/1870 1964/3246/1869
f 1965/3249/1870 1967/3251/1871 1968/3250/1871 1966/3248/1870
f 1967/3251/1871 1969/3253/1872 1970/3252/1872 1968/3250/1871
f 1969/3253/1872 1971/3255/1873 1872/3254/1873 1970/3252/1872
f 1971/3255/1873 1871/3257/1874 1870/3256/1874 1872/3254/1873
f 1871/3257/1874 1869/3259/1875 1868/3258/1875 1870/3256/1874
f 1869/3259/1875 1867/3261/1876 1866/3260/1876 1868/3258/1875
f 1867/3261/1876 1865/3263/1877 1864/3262/1877 1866/3260/1876
f 1865/3263/1877 1863/3265/1878 1862/3264/1878 1864/3262/1877
f 1863/3265/1878 1861/3267/1879 1860/3266/1879 1862/3264/1878
f 1861/3267/1879 1859/3269/1880 1858/3268/1880 1860/3266/1879
f 1859/3269/1880 1857/3271/1881 1856/3270/1881 1858/3268/1880
f 1857/3271/1881 1855/3273/1882 1854/3272/1882 1856/3270/1881
f 1855/3273/1882 1853/3275/1883 1852/3274/1883 1854/3272/1882
f 1853/3275/1883 1851/3277/1884 1850/3276/1884 1852/3274/1883
f 1851/3277/1884 1849/3279/1885 1848/3278/1885 1850/3276/1884
f 1849/3279/1885 1847/3281/1886 1846/3280/1886 1848/3278/1885
f 1847/3281/1886 1845/3283/1887 1844/3282/1887 1846/3280/1886
f 1845/3283/1887 1843/3285/1888 1842/3284/1888 1844/3282/1887
f 1843/3285/1888 1841/3287/1889 1840/3286/1889 1842/3284/1888
f 1841/3287/1889 1839/3289/1890 1838/3288/1890 1840/3286/1889
f 1839/3289/1890 1837/3291/1891 1836/3290/1891 1838/3288/1890
f 1837/3291/1891 1835/3293/1892 1834/3292/1892 1836/3290/1891
f 1835/3293/1892 1833/3295/1893 1832/3294/1893 1834/3292/1892
f 1833/3295/1893 1831/3297/1894 1830/3296/1894 1832/3294/1893
f 1831/3297/1894 1829/3299/1895 1828/3298/1895 1830/3296/1894
f 1829/3299/1895 1827/3301/1896 1826/3300/1896 1828/3298/1895
f 1827/3301/1896 1825/3303/1897 1824/3302/1897 1826/3300/1896
f 1825/3303/1897 1823/3305/1898 1822/3304/1898 1824/3302/1897
f 1823/3305/1898 1821/3307/1899 1820/3306/1899 1822/3304/1898
f 1821/3307/1899 1819/3309/1900 1818/3308/1900 1820/3306/1899
f 1819/3309/1900 1817/3311/1901 1816/3310/1901 1818/3308/1900
f 1817/3311/1901 1815/3313/1902 1814/3312/1902 1816/3310/1901
f 1815/3313/1902 1813/3315/1903 1812/3314/1903 1814/3312/1902
f 1813/3315/1903 1811/3317/1904 1810/3316/1904 1812/3314/1903
f 1811/3317/1904 1809/3319/1905 1808/3318/1905 1810/3316/1904
f 1809/3319/1905 1807/3321/1906 1806/3320/1906 1808/3318/1905
f 1807/3321/1906 1805/3323/1907 1804/3322/1907 1806/3320/1906
f 1805/3323/1907 1803/3325/1908 1802/3324/1908 1804/3322/1907
f 1803/3325/1908 1801/3327/1909 1800/3326/1909 1802/3324/1908
f 1801/3327/1909 1799/3329/1910 1798/3328/1910 1800/3326/1909
f 1799/3329/1910 1797/3331/1911 1796/3330/1911 1798/3328/1910
f 1797/3331/1911 1795/3333/1912 1794/3332/1912 1796/3330/1911
f 1795/3333/1912 1793/3335/1913 1792/3334/1913 1794/3332/1912
f 1793/3335/1913 1791/3337/1914 1790/3336/1914 1792/3334/1913
f 1791/3337/1914 1789/3339/1915 1788/3338/1915 1790/3336/1914
f 1789/3339/1915 1787/3341/1916 1786/3340/1916 1788/3338/1915
f 1787/3341/1916 1785/3343/1917 1784/3342/1917 1786/3340/1916
f 1785/3343/1917 1783/3345/1918 1782/3344/1918 1784/3342/1917
f 1783/3345/1918 1781/3347/1919 1780/3346/1919 1782/3344/1918
f 1781/3347/1919 1779/3349/1920 1778/3348/1920 1780/3346/1919
f 1779/3349/1920 1777/3351/1921 1776/3350/1921 1778/3348/1920
f 1777/3351/1921 1775/3353/1922 1774/3352/1922 1776/3350/1921
f 1775/3353/1922 1873/3355/1824 1874/3354/1824 1774/3352/1922
f 1876/3359/1924 1678/3358/1924 1676/3357/1923 1874/3356/1923
f 1873/3363/1926 1675/3362/1926 1677/3361/1925 1875/3360/1925
f 1878/3367/1927 1680/3366/1927 1678/3365/1924 1876/3364/1924
f 1875/3360/1925 1677/3361/1925 1679/3369/1928 1877/3368/1928
f 1880/3371/1929 1682/3370/1929 1680/3366/1927 1878/3367/1927
f 1877/3368/1928 1679/3369/1928 1681/3373/1930 1879/3372/1930
f 1882/3375/1931 1684/3374/1931 1682/3370/1929 1880/3371/1929
f 1879/3372/1930 1681/3373/1930 1683/3377/1932 1881/3376/1932
f 1884/3379/1933 1686/3378/1933 1684/3374/1931 1882/3375/1931
f 1881/3376/1932 1683/3377/1932 1685/3381/1934 1883/3380/1934
f 1886/3383/1935 1688/3382/1935 1686/3378/1933 1884/3379/1933
f 1883/3380/1934 1685/3381/1934 1687/3385/1936 1885/3384/1936
f 1888/3387/1937 1690/3386/1937 1688/3382/1935 1886/3383/1935
f 1885/3384/1936 1687/3385/1936 1689/3389/1938 1887/3388/1938
f 1890/3391/1939 1692/3390/1939 1690/3386/1937 1888/3387/1937
f 1887/3388/1938 1689/3389/1938 1691/3393/1940 1889/3392/1940
f 1892/3395/1941 1694/3394/1941 1692/3390/1939 1890/3391/1939
f 1889/3392/1940 1691/3393/1940 1693/3397/1942 1891/3396/1942
f 1894/3399/1943 1696/3398/1943 1694/3394/1941 1892/3395/1941
f 1891/3396/1942 1693/3397/1942 1695/3401/1944 1893/3400/1944
f 1896/3403/1945 1698/3402/1945 1696/3398/1943 1894/3399/1943
f 1893/3400/1944 1695/3401/1944 1697/3405/1946 1895/3404/1946
f 1898/3407/1947 1700/3406/1947 1698/3402/1945 1896/3403/1945
f 1895/3404/1946 1697/3405/1946 1699/3409/1948 1897/3408/1948
f 1900/3411/1949 1702/3410/1949 1700/3406/1947 1898/3407/1947
f 1897/3408/1948 1699/3409/1948 1701/3413/1950 1899/3412/1950
f 1902/3415/1951 1704/3414/1951 1702/3410/1949 1900/3411/1949
f 1899/3412/1950 1701/3413/1950 1703/3417/1952 1901/3416/1952
f 1904/3419/1953 1706/3418/1953 1704/3414/1951 1902/3415/1951
f 1901/3416/1952 1703/3417/1952 1705/3421/1954 1903/3420/1954
f 1906/3423/1955 1708/3422/1955 1706/3418/1953 1904/3419/1953
f 1903/3420/1954 1705/3421/1954 1707/3425/1956 1905/3424/1956
f 1908/3427/1957 1710/3426/1957 1708/3422/1955 1906/3423/1955
f 1905/3424/1956 1707/3425/1956 1709/3429/1958 1907/3428/1958
f 1910/3431/1959 1712/3430/1959 1710/3426/1957 1908/3427/1957
f 1907/3428/1958 1709/3429/1958 1711/3433/1960 1909/3432/1960
f 1912/3435/1961 1714/3434/1961 1712/3430/1959 1910/3431/1959
f 1909/3432/1960 1711/3433/1960 1713/3437/1962 1911/3436/1962
f 1914/3439/1963 1716/3438/1963 1714/3434/1961 1912/3435/1961
f 1911/3436/1962 1713/3437/1962 1715/3441/1964 1913/3440/1964
f 1916/3443/1965 1718/3442/1965 1716/3438/1963 1914/3439/1963
f 1913/3440/1964 1715/3441/1964 1717/3445/1966 1915/3444/1966
f 1918/3447/1967 1720/3446/1967 1718/3442/1965 1916/3443/1965
f 1915/3444/1966 1717/3445/1966 1719/3449/1968 1917/3448/1968
f 1920/3451/1969 1722/3450/1969 1720/3446/1967 1918/3447/1967
f 1917/3448/1968 1719/3449/1968 1721/3453/1970 1919/3452/1970
f 1922/3455/1971 1724/3454/1971 1722/3450/1969 1920/3451/1969
f 1919/3452/1970 1721/3453/1970 1723/3457/1972 1921/3456/1972
f 1924/3459/1973 1726/3458/1973 1724/3454/1971 1922/3455/1971
f 1921/3456/1972 1723/3457/1972 1725/3461/1974 1923/3460/1974
f 1926/3463/1975 1728/3462/1975 1726/3458/1973 1924/3459/1973
f 1923/3460/1974 1725/3461/1974 1727/3465/1976 1925/3464/1976
f 1928/3467/1977 1730/3466/1977 1728/3462/1975 1926/3463/1975
f 1925/3464/1976 1727/3465/1976 1729/3469/1978 1927/3468/1978
f 1930/3471/1979 1732/3470/1979 1730/3466/1977 1928/3467/1977
f 1927/3468/1978 1729/3469/1978 1731/3473/1980 1929/3472/1980
f 1932/3475/1981 1734/3474/1981 1732/3470/1979 1930/3471/1979
f 1929/3472/1980 1731/3473/1980 1733/3477/1982 1931/3476/1982
f 1934/3479/1983 1736/3478/1983 1734/3474/1981 1932/3475/1981
f 1931/3476/1982 1733/3477/1982 1735/3481/1984 1933/3480/1984
f 1936/3483/1985 1738/3482/1985 1736/3478/1983 1934/3479/1983
f 1933/3480/1984 1735/3481/1984 1737/3485/1986 1935/3484/1986
f 1938/3487/1987 1740/3486/1987 1738/3482/1985 1936/3483/1985
f 1935/3484/1986 1737/3485/1986 1739/3489/1988 1937/3488/1988
f 1940/3491/1989 1742/3490/1989 1740/3486/1987 1938/3487/1987
f 1937/3488/1988 1739/3489/1988 1741/3493/1990 1939/3492/1990
f 1942/3495/1991 1744/3494/1991 1742/3490/1989 1940/3491/1989
f 1939/3492/1990 1741/3493/1990 1743/3497/1992 1941/3496/1992
f 1944/3499/1993 1746/3498/1993 1744/3494/1991 1942/3495/1991
f 1941/3496/1992 1743/3497/1992 1745/3501/1994 1943/3500/1994
f 1946/3503/1995 1748/3502/1995 1746/3498/1993 1944/3499/1993
f 1943/3500/1994 1745/3501/1994 1747/3505/1996 1945/3504/1996
f 1948/3507/1997 1750/3506/1997 1748/3502/1995 1946/3503/1995
f 1945/3504/1996 1747/3505/1996 1749/3509/1998 1947/3508/1998
f 1950/3511/1999 1752/3510/1999 1750/3506/1997 1948/3507/1997
f 1947/3508/1998 1749/3509/1998 1751/3513/2000 1949/3512/2000
f 1952/3515/2001 1754/3514/2001 1752/3510/1999 1950/3511/1999
f 1949/3512/2000 1751/3513/2000 1753/3517/2002 1951/3516/2002
f 1954/3519/2003 1756/3518/2003 1754/3514/2001 1952/3515/2001
f 1951/3516/2002 1753/3517/2002 1755/3521/2004 1953/3520/2004
f 1956/3523/2005 1758/3522/2005 1756/3518/2003 1954/3519/2003
f 1953/3520/2004 1755/3521/2004 1757/3525/2006 1955/3524/2006
f 1958/3527/2007 1760/3526/2007 1758/3522/2005 1956/3523/2005
f 1955/3524/2006 1757/3525/2006 1759/3529/2008 1957/3528/2008
f 1960/3531/2009 1762/3530/2009 1760/3526/2007 1958/3527/2007
f 1957/3528/2008 1759/3529/2008 1761/3533/2010 1959/3532/2010
f 1962/3535/2011 1764/3534/2011 1762/3530/2009 1960/3531/2009
f 1959/3532/2010 1761/3533/2010 1763/3537/2012 1961/3536/2012
f 1964/3539/2013 1766/3538/2013 1764/3534/2011 1962/3535/2011
f 1961/3536/2012 1763/3537/2012 1765/3541/2014 1963/3540/2014
f 1966/3543/2015 1768/3542/2015 1766/3538/2013 1964/3539/2013
f 1963/3540/2014 1765/3541/2014 1767/3545/2016 1965/3544/2016
f 1968/3547/2017 1770/3546/2017 1768/3542/2015 1966/3543/2015
f 1965/3544/2016 1767/3545/2016 1769/3549/2018 1967/3548/2018
f 1970/3551/2019 1772/3550/2019 1770/3546/2017 1968/3547/2017
f 1967/3548/2018 1769/3549/2018 1771/3553/2020 1969/3552/2020
f 1872/3555/2021 1080/3554/2021 1772/3550/2019 1970/3551/2019
f 1969/3552/2020 1771/3553/2020 1773/3557/2022 1971/3556/2022
f 1870/3559/2023 1078/3558/2023 1080/3554/2021 1872/3555/2021
f 1971/3556/2022 1773/3557/2022 1079/3561/2024 1871/3560/2024
f 1868/3563/2025 1076/3562/2025 1078/3558/2023 1870/3559/2023
f 1871/3560/2024 1079/3561/2024 1077/3565/2026 1869/3564/2026
f 1866/3567/2027 1074/3566/2027 1076/3562/2025 1868/3563/2025
f 1869/3564/2026 1077/3565/2026 1075/3569/2028 1867/3568/2028
f 1864/3571/2029 1072/3570/2029 1074/3566/2027 1866/3567/2027
f 1867/3568/2028 1075/3569/2028 1073/3573/2030 1865/3572/2030
f 1862/3575/2031 1070/3574/2031 1072/3570/2029 1864/3571/2029
f 1865/3572/2030 1073/3573/2030 1071/3577/2032 1863/3576/2032
f 1860/3579/2033 1068/3578/2033 1070/3574/2031 1862/3575/2031
f 1863/3576/2032 1071/3577/2032 1069/3581/2034 1861/3580/2034
f 1858/3583/2035 1066/3582/2035 1068/3578/2033 1860/3579/2033
f 1861/3580/2034 1069/3581/2034 1067/3585/2036 1859/3584/2036
f 1856/3587/2037 1064/3586/2037 1066/3582/2035 1858/3583/2035
f 1859/3584/2036 1067/3585/2036 1065/3589/2038 1857/3588/2038
f 1854/3591/2039 1062/3590/2039 1064/3586/2037 1856/3587/2037
f 1857/3588/2038 1065/3589/2038 1063/3593/2040 1855/3592/2040
f 1852/3595/2041 1060/3594/2041 1062/3590/2039 1854/3591/2039
f 1855/3592/2040 1063/3593/2040 1061/3597/2042 1853/3596/2042
f 1850/3599/2043 1058/3598/2043 1060/3594/2041 1852/3595/2041
f 1853/3596/2042 1061/3597/2042 1059/3601/2044 1851/3600/2044
f 1848/3603/2045 1056/3602/2045 1058/3598/2043 1850/3599/2043
f 1851/3600/2044 1059/3601/2044 1057/3605/2046 1849/3604/2046
f 1846/3607/2047 1054/3606/2047 1056/3602/2045 1848/3603/2045
f 1849/3604/2046 1057/3605/2046 1055/3609/2048 1847/3608/2048
f 1844/3611/2049 1052/3610/2049 1054/3606/2047 1846/3607/2047
f 1847/3608/2048 1055/3609/2048 1053/3613/2050 1845/3612/2050
f 1842/3615/2051 1050/3614/2051 1052/3610/2049 1844/3611/2049
f 1845/3612/2050 1053/3613/2050 1051/3617/2052 1843/3616/2052
f 1840/3619/2053 1048/3618/2053 1050/3614/2051 1842/3615/2051
f 1843/3616/2052 1051/3617/2052 1049/3621/2054 1841/3620/2054
f 1838/3623/2055 1046/3622/2055 1048/3618/2053 1840/3619/2053
f 1841/3620/2054 1049/3621/2054 1047/3625/2056 1839/3624/2056
f 1836/3627/2057 1044/3626/2057 1046/3622/2055 1838/3623/2055
f 1839/3624/2056 1047/3625/2056 1045/3629/2058 1837/3628/2058
f 1834/3631/2059 1042/3630/2059 1044/3626/2057 1836/3627/2057
f 1837/3628/2058 1045/3629/2058 1043/3633/2060 1835/3632/2060
f 1832/3635/2061 1040/3634/2061 1042/3630/2059 1834/3631/2059
f 1835/3632/2060 1043/3633/2060 1041/3637/2062 1833/3636/2062
f 1830/3639/2063 1038/3638/2063 1040/3634/2061 1832/3635/2061
f 1833/3636/2062 1041/3637/2062 1039/3641/2064 1831/3640/2064
f 1828/3643/2065 1036/3642/2065 1038/3638/2063 1830/3639/2063
f 1831/3640/2064 1039/3641/2064 1037/3645/2066 1829/3644/2066
f 1826/3647/2067 1034/3646/2067 1036/3642/2065 1828/3643/2065
f 1829/3644/2066 1037/3645/2066 1035/3649/2068 1827/3648/2068
f 1824/3651/2069 1032/3650/2069 1034/3646/2067 1826/3647/2067
f 1827/3648/2068 1035/3649/2068 1033/3653/2070 1825/3652/2070
f 1822/3655/2071 1030/3654/2071 1032/3650/2069 1824/3651/2069
f 1825/3652/2070 1033/3653/2070 1031/3657/2072 1823/3656/2072
f 1820/3659/2073 1028/3658/2073 1030/3654/2071 1822/3655/2071
f 1823/3656/2072 1031/3657/2072 1029/3661/2074 1821/3660/2074
f 1818/3663/2075 1026/3662/2075 1028/3658/2073 1820/3659/2073
f 1821/3660/2074 1029/3661/2074 1027/3665/2076 1819/3664/2076
f 1816/3667/2077 1024/3666/2077 1026/3662/2075 1818/3663/2075
f 1819/3664/2076 1027/3665/2076 1025/3669/2078 1817/3668/2078
f 1814/3671/2079 1022/3670/2079 1024/3666/2077 1816/3667/2077
f 1817/3668/2078 1025/3669/2078 1023/3673/2080 1815/3672/2080
f 1812/3675/2081 1020/3674/2081 1022/3670/2079 1814/3671/2079
f 1815/3672/2080 1023/3673/2080 1021/3677/2082 1813/3676/2082
f 1810/3679/2083 1018/3678/2083 1020/3674/2081 1812/3675/2081
f 1813/3676/2082 1021/3677/2082 1019/3681/2084 1811/3680/2084
f 1808/3683/2085 1016/3682/2085 1018/3678/2083 1810/3679/2083
f 1811/3680/2084 1019/3681/2084 1017/3685/2086 1809/3684/2086
f 1806/3687/2087 1014/3686/2087 1016/3682/2085 1808/3683/2085
f 1809/3684/2086 1017/3685/2086 1015/3689/2088 1807/3688/2088
f 1804/3691/2089 1012/3690/2089 1014/3686/2087 1806/3687/2087
f 1807/3688/2088 1015/3689/2088 1013/3693/2090 1805/3692/2090
f 1802/3695/2091 1010/3694/2091 1012/3690/2089 1804/3691/2089
f 1805/3692/2090 1013/3693/2090 1011/3697/2092 1803/3696/2092
f 1800/3699/2093 1008/3698/2093 1010/3694/2091 1802/3695/2091
f 1803/3696/2092 1011/3697/2092 1009/3701/2094 1801/3700/2094
f 1798/3703/2095 1006/3702/2095 1008/3698/2093 1800/3699/2093
f 1801/3700/2094 1009/3701/2094 1007/3705/2096 1799/3704/2096
f 1796/3707/2097 1004/3706/2097 1006/3702/2095 1798/3703/2095
f 1799/3704/2096 1007/3705/2096 1005/3709/2098 1797/3708/2098
f 1794/3711/2099 1002/3710/2099 1004/3706/2097 1796/3707/2097
f 1797/3708/2098 1005/3709/2098 1003/3713/2100 1795/3712/2100
f 1792/3715/2101 1000/3714/2101 1002/3710/2099 1794/3711/2099
f 1795/3712/2100 1003/3713/2100 1001/3717/2102 1793/3716/2102
f 1790/3719/2103 998/3718/2103 1000/3714/2101 1792/3715/2101
f 1793/3716/2102 1001/3717/2102 999/3721/2104 1791/3720/2104
f 1788/3723/2105 996/3722/2105 998/3718/2103 1790/3719/2103
f 1791/3720/2104 999/3721/2104 997/3725/2106 1789/3724/2106
f 1786/3727/2107 994/3726/2107 996/3722/2105 1788/3723/2105
f 1789/3724/2106 997/3725/2106 995/3729/2108 1787/3728/2108
f 1784/3731/2109 992/3730/2109 994/3726/2107 1786/3727/2107
f 1787/3728/2108 995/3729/2108 993/3733/2110 1785/3732/2110
f 1782/3735/2111 990/3734/2111 992/3730/2109 1784/3731/2109
f 1785/3732/2110 993/3733/2110 991/3737/2112 1783/3736/2112
f 1780/3739/2113 988/3738/2113 990/3734/2111 1782/3735/2111
f 1783/3736/2112 991/3737/2112 989/3741/2114 1781/3740/2114
f 1778/3743/2115 986/3742/2115 988/3738/2113 1780/3739/2113
f 1781/3740/2114 989/3741/2114 987/3745/2116 1779/3744/2116
f 1776/3747/2117 984/3746/2117 986/3742/2115 1778/3743/2115
f 1779/3744/2116 987/3745/2116 985/3749/2118 1777/3748/2118
f 1774/3751/2119 982/3750/2119 984/3746/2117 1776/3747/2117
f 1777/3748/2118 985/3749/2118 983/3753/2120 1775/3752/2120
f 1874/3356/1923 1676/3357/1923 982/3750/2119 1774/3751/2119
f 1775/3752/2120 983/3753/2120 1675/3755/1926 1873/3754/1926
f 2162/3759/2124 224/3758/2123 226/3757/2122 2166/3756/2121
f 2158/3763/2126 222/3762/2125 224/3761/2123 2162/3760/2124
f 2154/3765/2128 220/3764/2127 222/3762/2125 2158/3763/2126
f 2150/3767/2130 218/3766/2129 220/3764/2127 2154/3765/2128
f 2146/3769/2132 216/3768/2131 218/3766/2129 2150/3767/2130
f 2142/3771/2134 214/3770/2133 216/3768/2131 2146/3769/2132
f 2138/3773/2136 212/3772/2135 214/3770/2133 2142/3771/2134
f 2134/3775/2138 210/3774/2137 212/3772/2135 2138/3773/2136
f 2130/3777/2140 208/3776/2139 210/3774/2137 2134/3775/2138
f 2126/3779/2142 206/3778/2141 208/3776/2139 2130/3777/2140
f 2122/3781/2144 204/3780/2143 206/3778/2141 2126/3779/2142
f 2118/3783/2146 202/3782/2145 204/3780/2143 2122/3781/2144
f 2114/3785/2148 200/3784/2147 202/3782/2145 2118/3783/2146
f 2110/3787/2150 198/3786/2149 200/3784/2147 2114/3785/2148
f 2106/3789/2152 196/3788/2151 198/3786/2149 2110/3787/2150
f 2102/3791/2154 194/3790/2153 196/3788/2151 2106/3789/2152
f 2098/3793/2156 192/3792/2155 194/3790/2153 2102/3791/2154
f 2094/3795/2158 190/3794/2157 192/3792/2155 2098/3793/2156
f 2090/3797/2160 188/3796/2159 190/3794/2157 2094/3795/2158
f 2086/3799/2162 186/3798/2161 188/3796/2159 2090/3797/2160
f 2082/3801/2164 184/3800/2163 186/3798/2161 2086/3799/2162
f 2078/3803/2166 182/3802/2165 184/3800/2163 2082/3801/2164
f 2074/3805/2168 180/3804/2167 182/3802/2165 2078/3803/2166
f 2070/3807/2170 178/3806/2169 180/3804/2167 2074/3805/2168
f 2066/3809/2172 176/3808/2171 178/3806/2169 2070/3807/2170
f 2062/3811/2174 174/3810/2173 176/3808/2171 2066/3809/2172
f 2058/3813/2176 172/3812/2175 174/3810/2173 2062/3811/2174
f 2054/3815/2178 170/3814/2177 172/3812/2175 2058/3813/2176
f 2050/3817/2180 168/3816/2179 170/3814/2177 2054/3815/2178
f 2046/3819/2182 166/3818/2181 168/3816/2179 2050/3817/2180
f 2042/3821/2184 164/3820/2183 166/3818/2181 2046/3819/2182
f 2038/3823/2186 162/3822/2185 164/3820/2183 2042/3821/2184
f 2034/3825/2188 160/3824/2187 162/3822/2185 2038/3823/2186
f 2030/3827/2190 158/3826/2189 160/3824/2187 2034/3825/2188
f 2026/3829/2192 156/3828/2191 158/3826/2189 2030/3827/2190
f 2022/3831/2194 154/3830/2193 156/3828/2191 2026/3829/2192
f 2018/3833/2196 152/3832/2195 154/3830/2193 2022/3831/2194
f 2014/3835/2198 150/3834/2197 152/3832/2195 2018/3833/2196
f 2010/3837/2200 148/3836/2199 150/3834/2197 2014/3835/2198
f 2006/3839/2202 146/3838/2201 148/3836/2199 2010/3837/2200
f 2002/3841/2204 144/3840/2203 146/3838/2201 2006/3839/2202
f 1998/3843/2206 142/3842/2205 144/3840/2203 2002/3841/2204
f 1994/3845/2208 140/3844/2207 142/3842/2205 1998/3843/2206
f 1990/3847/2210 138/3846/2209 140/3844/2207 1994/3845/2208
f 1986/3849/2212 136/3848/2211 138/3846/2209 1990/3847/2210
f 1982/3851/2214 134/3850/2213 136/3848/2211 1986/3849/2212
f 1978/3853/2216 132/3852/2215 134/3850/2213 1982/3851/2214
f 1974/3855/2218 130/3854/2217 132/3852/2215 1978/3853/2216
f 2367/3857/2220 128/3856/2219 130/3854/2217 1974/3855/2218
f 2365/3859/2222 126/3858/2221 128/3856/2219 2367/3857/2220
f 2363/3861/2224 124/3860/2223 126/3858/2221 2365/3859/2222
f 2361/3863/2226 122/3862/2225 124/3860/2223 2363/3861/2224
f 2359/3865/2228 120/3864/2227 122/3862/2225 2361/3863/2226
f 2357/3867/2230 118/3866/2229 120/3864/2227 2359/3865/2228
f 2355/3869/2232 116/3868/2231 118/3866/2229 2357/3867/2230
f 2353/3871/2234 114/3870/2233 116/3868/2231 2355/3869/2232
f 2351/3873/2236 112/3872/2235 114/3870/2233 2353/3871/2234
f 2349/3875/2238 110/3874/2237 112/3872/2235 2351/3873/2236
f 2347/3877/2240 108/3876/2239 110/3874/2237 2349/3875/2238
f 2345/3879/2242 106/3878/2241 108/3876/2239 2347/3877/2240
f 2343/3881/2244 104/3880/2243 106/3878/2241 2345/3879/2242
f 2341/3883/2246 102/3882/2245 104/3880/2243 2343/3881/2244
f 2339/3885/2248 100/3884/2247 102/3882/2245 2341/3883/2246
f 2337/3887/2250 98/3886/2249 100/3884/2247 2339/3885/2248
f 2335/3889/2252 96/3888/2251 98/3886/2249 2337/3887/2250
f 2333/3891/2254 94/3890/2253 96/3888/2251 2335/3889/2252
f 2331/3893/2256 92/3892/2255 94/3890/2253 2333/3891/2254
f 2329/3895/2258 288/3894/2257 92/3892/2255 2331/3893/2256
f 2327/3897/2260 286/3896/2259 288/3894/2257 2329/3895/2258
f 2325/3899/2262 284/3898/2261 286/3896/2259 2327/3897/2260
f 2323/3901/2264 282/3900/2263 284/3898/2261 2325/3899/2262
f 2321/3903/2266 280/3902/2265 282/3900/2263 2323/3901/2264
f 2319/3905/2268 278/3904/2267 280/3902/2265 2321/3903/2266
f 2317/3907/2270 276/3906/2269 278/3904/2267 2319/3905/2268
f 2315/3909/2272 274/3908/2271 276/3906/2269 2317/3907/2270
f 2313/3911/2274 272/3910/2273 274/3908/2271 2315/3909/2272
f 2311/3913/2276 270/3912/2275 272/3910/2273 2313/3911/2274
f 2309/3915/2278 268/3914/2277 270/3912/2275 2311/3913/2276
f 2307/3917/2280 266/3916/2279 268/3914/2277 2309/3915/2278
f 2305/3919/2282 264/3918/2281 266/3916/2279 2307/3917/2280
f 2303/3921/2284 262/3920/2283 264/3918/2281 2305/3919/2282
f 2301/3923/2286 260/3922/2285 262/3920/2283 2303/3921/2284
f 2299/3925/2288 258/3924/2287 260/3922/2285 2301/3923/2286
f 2297/3927/2290 256/3926/2289 258/3924/2287 2299/3925/2288
f 2295/3929/2292 254/3928/2291 256/3926/2289 2297/3927/2290
f 2293/3931/2294 252/3930/2293 254/3928/2291 2295/3929/2292
f 2291/3933/2296 250/3932/2295 252/3930/2293 2293/3931/2294
f 2289/3935/2298 248/3934/2297 250/3932/2295 2291/3933/2296
f 2287/3937/2300 246/3936/2299 248/3934/2297 2289/3935/2298
f 2285/3939/2302 244/3938/2301 246/3936/2299 2287/3937/2300
f 2283/3941/2304 242/3940/2303 244/3938/2301 2285/3939/2302
f 2281/3943/2306 240/3942/2305 242/3940/2303 2283/3941/2304
f 2279/3945/2308 238/3944/2307 240/3942/2305 2281/3943/2306
f 2277/3947/2310 236/3946/2309 238/3944/2307 2279/3945/2308
f 2275/3949/2312 234/3948/2311 236/3946/2309 2277/3947/2310
f 2273/3951/2314 232/3950/2313 234/3948/2311 2275/3949/2312
f 2271/3953/2316 230/3952/2315 232/3950/2313 2273/3951/2314
f 2269/3955/2318 228/3954/2317 230/3952/2315 2271/3953/2316
f 2166/3756/2121 226/3757/2122 228/3954/2317 2269/3955/2318
f 2169/3959/2322 2165/3958/2321 2160/3957/2320 2164/3956/2319
f 2165/3958/2321 2161/3961/2324 2156/3960/2323 2160/3957/2320
f 2161/3961/2324 2157/3963/2326 2152/3962/2325 2156/3960/2323
f 2157/3963/2326 2153/3965/2328 2148/3964/2327 2152/3962/2325
f 2153/3965/2328 2149/3967/2330 2144/3966/2329 2148/3964/2327
f 2149/3967/2330 2145/3969/2332 2140/3968/2331 2144/3966/2329
f 2145/3969/2332 2141/3971/2334 2136/3970/2333 2140/3968/2331
f 2141/3971/2334 2137/3973/2336 2132/3972/2335 2136/3970/2333
f 2137/3973/2336 2133/3975/2338 2128/3974/2337 2132/3972/2335
f 2133/3975/2338 2129/3977/2340 2124/3976/2339 2128/3974/2337
f 2129/3977/2340 2125/3979/2342 2120/3978/2341 2124/3976/2339
f 2125/3979/2342 2121/3981/2344 2116/3980/2343 2120/3978/2341
f 2121/3981/2344 2117/3983/2346 2112/3982/2345 2116/3980/2343
f 2117/3983/2346 2113/3985/2348 2108/3984/2347 2112/3982/2345
f 2113/3985/2348 2109/3987/2350 2104/3986/2349 2108/3984/2347
f 2109/3987/2350 2105/3989/2352 2100/3988/2351 2104/3986/2349
f 2105/3989/2352 2101/3991/2354 2096/3990/2353 2100/3988/2351
f 2101/3991/2354 2097/3993/2356 2092/3992/2355 2096/3990/2353
f 2097/3993/2356 2093/3995/2358 2088/3994/2357 2092/3992/2355
f 2093/3995/2358 2089/3997/2360 2084/3996/2359 2088/3994/2357
f 2089/3997/2360 2085/3999/2362 2080/3998/2361 2084/3996/2359
f 2085/3999/2362 2081/4001/2364 2076/4000/2363 2080/3998/2361
f 2081/4001/2364 2077/4003/2366 2072/4002/2365 2076/4000/2363
f 2077/4003/2366 2073/4005/2368 2068/4004/2367 2072/4002/2365
f 2073/4005/2368 2069/4007/2370 2064/4006/2369 2068/4004/2367
f 2069/4007/2370 2065/4009/2372 2060/4008/2371 2064/4006/2369
f 2065/4009/2372 2061/4011/2374 2056/4010/2373 2060/4008/2371
f 2061/4011/2374 2057/4013/2376 2052/4012/2375 2056/4010/2373
f 2057/4013/2376 2053/4015/2378 2048/4014/2377 2052/4012/2375
f 2053/4015/2378 2049/4017/2380 2044/4016/2379 2048/4014/2377
f 2049/4017/2380 2045/4019/2382 2040/4018/2381 2044/4016/2379
f 2045/4019/2382 2041/4021/2384 2036/4020/2383 2040/4018/2381
f 2041/4021/2384 2037/4023/2386 2032/4022/2385 2036/4020/2383
f 2037/4023/2386 2033/4025/2388 2028/4024/2387 2032/4022/2385
f 2033/4025/2388 2029/4027/2390 2024/4026/2389 2028/4024/2387
f 2029/4027/2390 2025/4029/2392 2020/4028/2391 2024/4026/2389
f 2025/4029/2392 2021/4031/2394 2016/4030/2393 2020/4028/2391
f 2021/4031/2394 2017/4033/2396 2012/4032/2395 2016/4030/2393
f 2017/4033/2396 2013/4035/2398 2008/4034/2397 2012/4032/2395
f 2013/4035/2398 2009/4037/2400 2004/4036/2399 2008/4034/2397
f 2009/4037/2400 2005/4039/2402 2000/4038/2401 2004/4036/2399
f 2005/4039/2402 2001/4041/2404 1996/4040/2403 2000/4038/2401
f 2001/4041/2404 1997/4043/2406 1992/4042/2405 1996/4040/2403
f 1997/4043/2406 1993/4045/2408 1988/4044/2407 1992/4042/2405
f 1993/4045/2408 1989/4047/2410 1984/4046/2409 1988/4044/2407
f 1989/4047/2410 1985/4049/2412 1980/4048/2411 1984/4046/2409
f 1985/4049/2412 1981/4051/2414 1976/4050/2413 1980/4048/2411
f 1981/4051/2414 1977/4053/2416 1972/4052/2415 1976/4050/2413
f 1977/4053/2416 1973/4055/2418 2168/4054/2417 1972/4052/2415
f 1973/4055/2418 2267/4057/2420 2366/4056/2419 2168/4054/2417
f 2267/4057/2420 2265/4059/2422 2364/4058/2421 2366/4056/2419
f 2265/4059/2422 2263/4061/2424 2362/4060/2423 2364/4058/2421
f 2263/4061/2424 2261/4063/2426 2360/4062/2425 2362/4060/2423
f 2261/4063/2426 2259/4065/2428 2358/4064/2427 2360/4062/2425
f 2259/4065/2428 2257/4067/2430 2356/4066/2429 2358/4064/2427
f 2257/4067/2430 2255/4069/2432 2354/4068/2431 2356/4066/2429
f 2255/4069/2432 2253/4071/2434 2352/4070/2433 2354/4068/2431
f 2253/4071/2434 2251/4073/2436 2350/4072/2435 2352/4070/2433
f 2251/4073/2436 2249/4075/2438 2348/4074/2437 2350/4072/2435
f 2249/4075/2438 2247/4077/2440 2346/4076/2439 2348/4074/2437
f 2247/4077/2440 2245/4079/2442 2344/4078/2441 2346/4076/2439
f 2245/4079/2442 2243/4081/2444 2342/4080/2443 2344/4078/2441
f 2243/4081/2444 2241/4083/2446 2340/4082/2445 2342/4080/2443
f 2241/4083/2446 2239/4085/2448 2338/4084/2447 2340/4082/2445
f 2239/4085/2448 2237/4087/2450 2336/4086/2449 2338/4084/2447
f 2237/4087/2450 2235/4089/2452 2334/4088/2451 2336/4086/2449
f 2235/4089/2452 2233/4091/2454 2332/4090/2453 2334/4088/2451
f 2233/4091/2454 2231/4093/2456 2330/4092/2455 2332/4090/2453
f 2231/4093/2456 2229/4095/2458 2328/4094/2457 2330/4092/2455
f 2229/4095/2458 2227/4097/2460 2326/4096/2459 2328/4094/2457
f 2227/4097/2460 2225/4099/2462 2324/4098/2461 2326/4096/2459
f 2225/4099/2462 2223/4101/2464 2322/4100/2463 2324/4098/2461
f 2223/4101/2464 2221/4103/2466 2320/4102/2465 2322/4100/2463
f 2221/4103/2466 2219/4105/2468 2318/4104/2467 2320/4102/2465
f 2219/4105/2468 2217/4107/2470 2316/4106/2469 2318/4104/2467
f 2217/4107/2470 2215/4109/2472 2314/4108/2471 2316/4106/2469
f 2215/4109/2472 2213/4111/2474 2312/4110/2473 2314/4108/2471
f 2213/4111/2474 2211/4113/2476 2310/4112/2475 2312/4110/2473
f 2211/4113/2476 2209/4115/2478 2308/4114/2477 2310/4112/2475
f 2209/4115/2478 2207/4117/2480 2306/4116/2479 2308/4114/2477
f 2207/4117/2480 2205/4119/2482 2304/4118/2481 2306/4116/2479
f 2205/4119/2482 2203/4121/2484 2302/4120/2483 2304/4118/2481
f 2203/4121/2484 2201/4123/2486 2300/4122/2485 2302/4120/2483
f 2201/4123/2486 2199/4125/2488 2298/4124/2487 2300/4122/2485
f 2199/4125/2488 2197/4127/2490 2296/4126/2489 2298/4124/2487
f 2197/4127/2490 2195/4129/2492 2294/4128/2491 2296/4126/2489
f 2195/4129/2492 2193/4131/2494 2292/4130/2493 2294/4128/2491
f 2193/4131/2494 2191/4133/2496 2290/4132/2495 2292/4130/2493
f 2191/4133/2496 2189/4135/2498 2288/4134/2497 2290/4132/2495
f 2189/4135/2498 2187/4137/2500 2286/4136/2499 2288/4134/2497
f 2187/4137/2500 2185/4139/2502 2284/4138/2501 2286/4136/2499
f 2185/4139/2502 2183/4141/2504 2282/4140/2503 2284/4138/2501
f 2183/4141/2504 2181/4143/2506 2280/4142/2505 2282/4140/2503
f 2181/4143/2506 2179/4145/2508 2278/4144/2507 2280/4142/2505
f 2179/4145/2508 2177/4147/2510 2276/4146/2509 2278/4144/2507
f 2177/4147/2510 2175/4149/2512 2274/4148/2511 2276/4146/2509
f 2175/4149/2512 2173/4151/2514 2272/4150/2513 2274/4148/2511
f 2173/4151/2514 2171/4153/2516 2270/4152/2515 2272/4150/2513
f 2171/4153/2516 2169/4155/2322 2164/4154/2319 2270/4152/2515
f 2039/4159/408 2035/4158/406 2033/4157/2388 2037/4156/2386
f 2035/4158/406 2031/4161/404 2029/4160/2390 2033/4157/2388
f 2031/4161/404 2027/4163/402 2025/4162/2392 2029/4160/2390
f 2027/4163/402 2023/4165/400 2021/4164/2394 2025/4162/2392
f 2023/4165/400 2019/4167/398 2017/4166/2396 2021/4164/2394
f 2019/4167/398 2015/4169/396 2013/4168/2398 2017/4166/2396
f 2015/4169/396 2011/4171/394 2009/4170/2400 2013/4168/2398
f 2011/4171/394 2007/4173/392 2005/4172/2402 2009/4170/2400
f 2007/4173/392 2003/4175/390 2001/4174/2404 2005/4172/2402
f 2003/4175/390 1999/4177/388 1997/4176/2406 2001/4174/2404
f 1999/4177/388 1995/4179/386 1993/4178/2408 1997/4176/2406
f 1995/4179/386 1991/4181/384 1989/4180/2410 1993/4178/2408
f 1991/4181/384 1987/4183/382 1985/4182/2412 1989/4180/2410
f 1987/4183/382 1983/4185/380 1981/4184/2414 1985/4182/2412
f 1983/4185/380 1979/4187/378 1977/4186/2416 1981/4184/2414
f 1979/4187/378 1975/4189/376 1973/4188/2418 1977/4186/2416
f 1975/4189/376 2266/4191/374 2267/4190/2420 1973/4188/2418
f 2266/4191/374 2264/4193/372 2265/4192/2422 2267/4190/2420
f 2264/4193/372 2262/4195/370 2263/4194/2424 2265/4192/2422
f 2262/4195/370 2260/4197/368 2261/4196/2426 2263/4194/2424
f 2260/4197/368 2258/4199/366 2259/4198/2428 2261/4196/2426
f 2258/4199/366 2256/4201/364 2257/4200/2430 2259/4198/2428
f 2256/4201/364 2254/4203/362 2255/4202/2432 2257/4200/2430
f 2254/4203/362 2252/4205/360 2253/4204/2434 2255/4202/2432
f 2252/4205/360 2250/4207/358 2251/4206/2436 2253/4204/2434
f 2250/4207/358 2248/4209/356 2249/4208/2438 2251/4206/2436
f 2248/4209/356 2246/4211/354 2247/4210/2440 2249/4208/2438
f 2246/4211/354 2244/4213/352 2245/4212/2442 2247/4210/2440
f 2244/4213/352 2242/4215/350 2243/4214/2444 2245/4212/2442
f 2242/4215/350 2240/4217/348 2241/4216/2446 2243/4214/2444
f 2240/4217/348 2238/4219/346 2239/4218/2448 2241/4216/2446
f 2238/4219/346 2236/4221/344 2237/4220/2450 2239/4218/2448
f 2236/4221/344 2234/4223/340 2235/4222/2452 2237/4220/2450
f 2234/4223/340 2232/4225/341 2233/4224/2454 2235/4222/2452
f 2232/4225/341 2230/4227/536 2231/4226/2456 2233/4224/2454
f 2230/4227/536 2228/4229/534 2229/4228/2458 2231/4226/2456
f 2228/4229/534 2226/4231/532 2227/4230/2460 2229/4228/2458
f 2226/4231/532 2224/4233/530 2225/4232/2462 2227/4230/2460
f 2224/4233/530 2222/4235/528 2223/4234/2464 2225/4232/2462
f 2222/4235/528 2220/4237/526 2221/4236/2466 2223/4234/2464
f 2220/4237/526 2218/4239/524 2219/4238/2468 2221/4236/2466
f 2218/4239/524 2216/4241/522 2217/4240/2470 2219/4238/2468
f 2216/4241/522 2214/4243/520 2215/4242/2472 2217/4240/2470
f 2214/4243/520 2212/4245/518 2213/4244/2474 2215/4242/2472
f 2212/4245/518 2210/4247/516 2211/4246/2476 2213/4244/2474
f 2210/4247/516 2208/4249/514 2209/4248/2478 2211/4246/2476
f 2208/4249/514 2206/4251/512 2207/4250/2480 2209/4248/2478
f 2206/4251/512 2204/4253/510 2205/4252/2482 2207/4250/2480
f 2204/4253/510 2202/4255/508 2203/4254/2484 2205/4252/2482
f 2202/4255/508 2200/4257/506 2201/4256/2486 2203/4254/2484
f 2200/4257/506 2198/4259/504 2199/4258/2488 2201/4256/2486
f 2198/4259/504 2196/4261/502 2197/4260/2490 2199/4258/2488
f 2196/4261/502 2194/4263/500 2195/4262/2492 2197/4260/2490
f 2194/4263/500 2192/4265/498 2193/4264/2494 2195/4262/2492
f 2192/4265/498 2190/4267/496 2191/4266/2496 2193/4264/2494
f 2190/4267/496 2188/4269/494 2189/4268/2498 2191/4266/2496
f 2188/4269/494 2186/4271/492 2187/4270/2500 2189/4268/2498
f 2186/4271/492 2184/4273/490 2185/4272/2502 2187/4270/2500
f 2184/4273/490 2182/4275/488 2183/4274/2504 2185/4272/2502
f 2182/4275/488 2180/4277/486 2181/4276/2506 2183/4274/2504
f 2180/4277/486 2178/4279/484 2179/4278/2508 2181/4276/2506
f 2178/4279/484 2176/4281/482 2177/4280/2510 2179/4278/2508
f 2176/4281/482 2174/4283/480 2175/4282/2512 2177/4280/2510
f 2174/4283/480 2172/4285/478 2173/4284/2514 2175/4282/2512
f 2172/4285/478 2170/4287/476 2171/4286/2516 2173/4284/2514
f 2170/4287/476 2268/4289/474 2169/4288/2322 2171/4286/2516
f 2268/4289/474 2167/4291/472 2165/4290/2321 2169/4288/2322
f 2167/4291/472 2163/4293/470 2161/4292/2324 2165/4290/2321
f 2163/4293/470 2159/4295/468 2157/4294/2326 2161/4292/2324
f 2159/4295/468 2155/4297/466 2153/4296/2328 2157/4294/2326
f 2155/4297/466 2151/4299/464 2149/4298/2330 2153/4296/2328
f 2151/4299/464 2147/4301/462 2145/4300/2332 2149/4298/2330
f 2147/4301/462 2143/4303/460 2141/4302/2334 2145/4300/2332
f 2143/4303/460 2139/4305/458 2137/4304/2336 2141/4302/2334
f 2139/4305/458 2135/4307/456 2133/4306/2338 2137/4304/2336
f 2135/4307/456 2131/4309/454 2129/4308/2340 2133/4306/2338
f 2131/4309/454 2127/4311/452 2125/4310/2342 2129/4308/2340
f 2127/4311/452 2123/4313/450 2121/4312/2344 2125/4310/2342
f 2123/4313/450 2119/4315/448 2117/4314/2346 2121/4312/2344
f 2119/4315/448 2115/4317/446 2113/4316/2348 2117/4314/2346
f 2115/4317/446 2111/4319/444 2109/4318/2350 2113/4316/2348
f 2111/4319/444 2107/4321/442 2105/4320/2352 2109/4318/2350
f 2107/4321/442 2103/4323/440 2101/4322/2354 2105/4320/2352
f 2103/4323/440 2099/4325/438 2097/4324/2356 2101/4322/2354
f 2099/4325/438 2095/4327/436 2093/4326/2358 2097/4324/2356
f 2095/4327/436 2091/4329/434 2089/4328/2360 2093/4326/2358
f 2091/4329/434 2087/4331/432 2085/4330/2362 2089/4328/2360
f 2087/4331/432 2083/4333/430 2081/4332/2364 2085/4330/2362
f 2083/4333/430 2079/4335/428 2077/4334/2366 2081/4332/2364
f 2079/4335/428 2075/4337/426 2073/4336/2368 2077/4334/2366
f 2075/4337/426 2071/4339/424 2069/4338/2370 2073/4336/2368
f 2071/4339/424 2067/4341/422 2065/4340/2372 2069/4338/2370
f 2067/4341/422 2063/4343/420 2061/4342/2374 2065/4340/2372
f 2063/4343/420 2059/4345/418 2057/4344/2376 2061/4342/2374
f 2059/4345/418 2055/4347/416 2053/4346/2378 2057/4344/2376
f 2055/4347/416 2051/4349/414 2049/4348/2380 2053/4346/2378
f 2051/4349/414 2047/4351/412 2045/4350/2382 2049/4348/2380
f 2047/4351/412 2043/4353/410 2041/4352/2384 2045/4350/2382
f 2043/4353/410 2039/4355/408 2037/4354/2386 2041/4352/2384
f 2463/4359/2517 2465/4358/2518 2464/4357/2518 2462/4356/2517
f 2461/4363/2519 2463/4362/2517 2462/4361/2517 2460/4360/2519
f 2459/4365/2520 2461/4363/2519 2460/4360/2519 2458/4364/2520
f 2457/4367/2521 2459/4365/2520 2458/4364/2520 2456/4366/2521
f 2455/4369/2522 2457/4367/2521 2456/4366/2521 2454/4368/2522
f 2453/4371/2523 2455/4369/2522 2454/4368/2522 2452/4370/2523
f 2451/4373/2524 2453/4371/2523 2452/4370/2523 2450/4372/2524
f 2449/4375/2525 2451/4373/2524 2450/4372/2524 2448/4374/2525
f 2447/4377/2526 2449/4375/2525 2448/4374/2525 2446/4376/2526
f 2445/4379/2527 2447/4377/2526 2446/4376/2526 2444/4378/2527
f 2443/4381/2528 2445/4379/2527 2444/4378/2527 2442/4380/2528
f 2441/4383/2529 2443/4381/2528 2442/4380/2528 2440/4382/2529
f 2439/4385/2530 2441/4383/2529 2440/4382/2529 2438/4384/2530
f 2437/4387/2531 2439/4385/2530 2438/4384/2530 2436/4386/2531
f 2435/4389/2532 2437/4387/2531 2436/4386/2531 2434/4388/2532
f 2433/4391/2533 2435/4389/2532 2434/4388/2532 2432/4390/2533
f 2431/4393/2534 2433/4391/2533 2432/4390/2533 2430/4392/2534
f 2429/4395/2535 2431/4393/2534 2430/4392/2534 2428/4394/2535
f 2427/4397/2536 2429/4395/2535 2428/4394/2535 2426/4396/2536
f 2425/4399/2537 2427/4397/2536 2426/4396/2536 2424/4398/2537
f 2423/4401/2538 2425/4399/2537 2424/4398/2537 2422/4400/2538
f 2421/4403/2539 2423/4401/2538 2422/4400/2538 2420/4402/2539
f 2419/4405/2540 2421/4403/2539 2420/4402/2539 2418/4404/2540
f 2417/4407/2541 2419/4405/2540 2418/4404/2540 2416/4406/2541
f 2415/4409/2542 2417/4407/2541 2416/4406/2541 2414/4408/2542
f 2413/4411/2543 2415/4409/2542 2414/4408/2542 2412/4410/2543
f 2411/4413/2544 2413/4411/2543 2412/4410/2543 2410/4412/2544
f 2409/4415/2545 2411/4413/2544 2410/4412/2544 2408/4414/2545
f 2407/4417/2546 2409/4415/2545 2408/4414/2545 2406/4416/2546
f 2405/4419/2547 2407/4417/2546 2406/4416/2546 2404/4418/2547
f 2403/4421/2548 2405/4419/2547 2404/4418/2547 2402/4420/2548
f 2401/4423/2549 2403/4421/2548 2402/4420/2548 2400/4422/2549
f 2399/4425/2550 2401/4423/2549 2400/4422/2549 2398/4424/2550
f 2397/4427/2551 2399/4425/2550 2398/4424/2550 2396/4426/2551
f 2395/4429/2552 2397/4427/2551 2396/4426/2551 2394/4428/2552
f 2393/4431/2553 2395/4429/2552 2394/4428/2552 2392/4430/2553
f 2391/4433/2554 2393/4431/2553 2392/4430/2553 2390/4432/2554
f 2389/4435/2555 2391/4433/2554 2390/4432/2554 2388/4434/2555
f 2387/4437/2556 2389/4435/2555 2388/4434/2555 2386/4436/2556
f 2385/4439/2557 2387/4437/2556 2386/4436/2556 2384/4438/2557
f 2383/4441/2558 2385/4439/2557 2384/4438/2557 2382/4440/2558
f 2381/4443/2559 2383/4441/2558 2382/4440/2558 2380/4442/2559
f 2379/4445/2560 2381/4443/2559 2380/4442/2559 2378/4444/2560
f 2377/4447/2561 2379/4445/2560 2378/4444/2560 2376/4446/2561
f 2375/4449/2562 2377/4447/2561 2376/4446/2561 2374/4448/2562
f 2373/4451/2563 2375/4449/2562 2374/4448/2562 2372/4450/2563
f 2371/4453/2564 2373/4451/2563 2372/4450/2563 2370/4452/2564
f 2369/4455/2565 2371/4453/2564 2370/4452/2564 2368/4454/2565
f 2565/4457/2566 2369/4455/2565 2368/4454/2565 2466/4456/2566
f 2563/4459/2567 2565/4457/2566 2466/4456/2566 2564/4458/2567
f 2561/4461/2568 2563/4459/2567 2564/4458/2567 2562/4460/2568
f 2559/4463/2569 2561/4461/2568 2562/4460/2568 2560/4462/2569
f 2557/4465/2570 2559/4463/2569 2560/4462/2569 2558/4464/2570
f 2555/4467/2571 2557/4465/2570 2558/4464/2570 2556/4466/2571
f 2553/4469/2572 2555/4467/2571 2556/4466/2571 2554/4468/2572
f 2551/4471/2573 2553/4469/2572 2554/4468/2572 2552/4470/2573
f 2549/4473/2574 2551/4471/2573 2552/4470/2573 2550/4472/2574
f 2547/4475/2575 2549/4473/2574 2550/4472/2574 2548/4474/2575
f 2545/4477/2576 2547/4475/2575 2548/4474/2575 2546/4476/2576
f 2543/4479/2577 2545/4477/2576 2546/4476/2576 2544/4478/2577
f 2541/4481/2578 2543/4479/2577 2544/4478/2577 2542/4480/2578
f 2539/4483/2579 2541/4481/2578 2542/4480/2578 2540/4482/2579
f 2537/4485/2580 2539/4483/2579 2540/4482/2579 2538/4484/2580
f 2535/4487/2581 2537/4485/2580 2538/4484/2580 2536/4486/2581
f 2533/4489/2582 2535/4487/2581 2536/4486/2581 2534/4488/2582
f 2531/4491/2583 2533/4489/2582 2534/4488/2582 2532/4490/2583
f 2529/4493/2584 2531/4491/2583 2532/4490/2583 2530/4492/2584
f 2527/4495/2585 2529/4493/2584 2530/4492/2584 2528/4494/2585
f 2525/4497/2586 2527/4495/2585 2528/4494/2585 2526/4496/2586
f 2523/4499/2587 2525/4497/2586 2526/4496/2586 2524/4498/2587
f 2521/4501/2588 2523/4499/2587 2524/4498/2587 2522/4500/2588
f 2519/4503/2589 2521/4501/2588 2522/4500/2588 2520/4502/2589
f 2517/4505/2590 2519/4503/2589 2520/4502/2589 2518/4504/2590
f 2515/4507/2591 2517/4505/2590 2518/4504/2590 2516/4506/2591
f 2513/4509/2592 2515/4507/2591 2516/4506/2591 2514/4508/2592
f 2511/4511/2593 2513/4509/2592 2514/4508/2592 2512/4510/2593
f 2509/4513/2594 2511/4511/2593 2512/4510/2593 2510/4512/2594
f 2507/4515/2595 2509/4513/2594 2510/4512/2594 2508/4514/2595
f 2505/4517/2596 2507/4515/2595 2508/4514/2595 2506/4516/2596
f 2503/4519/2597 2505/4517/2596 2506/4516/2596 2504/4518/2597
f 2501/4521/2598 2503/4519/2597 2504/4518/2597 2502/4520/2598
f 2499/4523/2599 2501/4521/2598 2502/4520/2598 2500/4522/2599
f 2497/4525/2600 2499/4523/2599 2500/4522/2599 2498/4524/2600
f 2495/4527/2601 2497/4525/2600 2498/4524/2600 2496/4526/2601
f 2493/4529/2602 2495/4527/2601 2496/4526/2601 2494/4528/2602
f 2491/4531/2603 2493/4529/2602 2494/4528/2602 2492/4530/2603
f 2489/4533/2604 2491/4531/2603 2492/4530/2603 2490/4532/2604
f 2487/4535/2605 2489/4533/2604 2490/4532/2604 2488/4534/2605
f 2485/4537/2606 2487/4535/2605 2488/4534/2605 2486/4536/2606
f 2483/4539/2607 2485/4537/2606 2486/4536/2606 2484/4538/2607
f 2481/4541/2608 2483/4539/2607 2484/4538/2607 2482/4540/2608
f 2479/4543/2609 2481/4541/2608 2482/4540/2608 2480/4542/2609
f 2477/4545/2610 2479/4543/2609 2480/4542/2609 2478/4544/2610
f 2475/4547/2611 2477/4545/2610 2478/4544/2610 2476/4546/2611
f 2473/4549/2612 2475/4547/2611 2476/4546/2611 2474/4548/2612
f 2471/4551/2613 2473/4549/2612 2474/4548/2612 2472/4550/2613
f 2469/4553/2614 2471/4551/2613 2472/4550/2613 2470/4552/2614
f 2467/4555/2615 2469/4553/2614 2470/4552/2614 2468/4554/2615
f 2465/4358/2518 2467/4555/2615 2468/4554/2615 2464/4357/2518
f 2464/4559/2617 2164/4558/2617 2160/4557/2616 2462/4556/2616
f 2463/4563/2619 2162/4562/2619 2166/4561/2618 2465/4560/2618
f 2462/4556/2616 2160/4557/2616 2156/4565/2620 2460/4564/2620
f 2461/4569/2621 2158/4568/2621 2162/4567/2619 2463/4566/2619
f 2460/4564/2620 2156/4565/2620 2152/4571/2622 2458/4570/2622
f 2459/4573/2623 2154/4572/2623 2158/4568/2621 2461/4569/2621
f 2458/4570/2622 2152/4571/2622 2148/4575/2624 2456/4574/2624
f 2457/4577/2625 2150/4576/2625 2154/4572/2623 2459/4573/2623
f 2456/4574/2624 2148/4575/2624 2144/4579/2626 2454/4578/2626
f 2455/4581/2627 2146/4580/2627 2150/4576/2625 2457/4577/2625
f 2454/4578/2626 2144/4579/2626 2140/4583/2628 2452/4582/2628
f 2453/4585/2629 2142/4584/2629 2146/4580/2627 2455/4581/2627
f 2452/4582/2628 2140/4583/2628 2136/4587/2630 2450/4586/2630
f 2451/4589/2631 2138/4588/2631 2142/4584/2629 2453/4585/2629
f 2450/4586/2630 2136/4587/2630 2132/4591/2632 2448/4590/2632
f 2449/4593/2633 2134/4592/2633 2138/4588/2631 2451/4589/2631
f 2448/4590/2632 2132/4591/2632 2128/4595/2634 2446/4594/2634
f 2447/4597/2635 2130/4596/2635 2134/4592/2633 2449/4593/2633
f 2446/4594/2634 2128/4595/2634 2124/4599/2636 2444/4598/2636
f 2445/4601/2637 2126/4600/2637 2130/4596/2635 2447/4597/2635
f 2444/4598/2636 2124/4599/2636 2120/4603/2638 2442/4602/2638
f 2443/4605/2639 2122/4604/2639 2126/4600/2637 2445/4601/2637
f 2442/4602/2638 2120/4603/2638 2116/4607/2640 2440/4606/2640
f 2441/4609/2641 2118/4608/2641 2122/4604/2639 2443/4605/2639
f 2440/4606/2640 2116/4607/2640 2112/4611/2642 2438/4610/2642
f 2439/4613/2643 2114/4612/2643 2118/4608/2641 2441/4609/2641
f 2438/4610/2642 2112/4611/2642 2108/4615/2644 2436/4614/2644
f 2437/4617/2645 2110/4616/2645 2114/4612/2643 2439/4613/2643
f 2436/4614/2644 2108/4615/2644 2104/4619/2646 2434/4618/2646
f 2435/4621/2647 2106/4620/2647 2110/4616/2645 2437/4617/2645
f 2434/4618/2646 2104/4619/2646 2100/4623/2648 2432/4622/2648
f 2433/4625/2649 2102/4624/2649 2106/4620/2647 2435/4621/2647
f 2432/4622/2648 2100/4623/2648 2096/4627/2650 2430/4626/2650
f 2431/4629/2651 2098/4628/2651 2102/4624/2649 2433/4625/2649
f 2430/4626/2650 2096/4627/2650 2092/4631/2652 2428/4630/2652
f 2429/4633/2653 2094/4632/2653 2098/4628/2651 2431/4629/2651
f 2428/4630/2652 2092/4631/2652 2088/4635/2654 2426/4634/2654
f 2427/4637/2655 2090/4636/2655 2094/4632/2653 2429/4633/2653
f 2426/4634/2654 2088/4635/2654 2084/4639/2656 2424/4638/2656
f 2425/4641/2657 2086/4640/2657 2090/4636/2655 2427/4637/2655
f 2424/4638/2656 2084/4639/2656 2080/4643/2658 2422/4642/2658
f 2423/4645/2659 2082/4644/2659 2086/4640/2657 2425/4641/2657
f 2422/4642/2658 2080/4643/2658 2076/4647/2660 2420/4646/2660
f 2421/4649/2661 2078/4648/2661 2082/4644/2659 2423/4645/2659
f 2420/4646/2660 2076/4647/2660 2072/4651/2662 2418/4650/2662
f 2419/4653/2663 2074/4652/2663 2078/4648/2661 2421/4649/2661
f 2418/4650/2662 2072/4651/2662 2068/4655/2664 2416/4654/2664
f 2417/4657/2665 2070/4656/2665 2074/4652/2663 2419/4653/2663
f 2416/4654/2664 2068/4655/2664 2064/4659/2666 2414/4658/2666
f 2415/4661/2667 2066/4660/2667 2070/4656/2665 2417/4657/2665
f 2414/4658/2666 2064/4659/2666 2060/4663/2668 2412/4662/2668
f 2413/4665/2669 2062/4664/2669 2066/4660/2667 2415/4661/2667
f 2412/4662/2668 2060/4663/2668 2056/4667/2670 2410/4666/2670
f 2411/4669/2671 2058/4668/2671 2062/4664/2669 2413/4665/2669
f 2410/4666/2670 2056/4667/2670 2052/4671/2672 2408/4670/2672
f 2409/4673/2673 2054/4672/2673 2058/4668/2671 2411/4669/2671
f 2408/4670/2672 2052/4671/2672 2048/4675/2674 2406/4674/2674
f 2407/4677/2675 2050/4676/2675 2054/4672/2673 2409/4673/2673
f 2406/4674/2674 2048/4675/2674 2044/4679/2676 2404/4678/2676
f 2405/4681/2677 2046/4680/2677 2050/4676/2675 2407/4677/2675
f 2404/4678/2676 2044/4679/2676 2040/4683/2678 2402/4682/2678
f 2403/4685/2679 2042/4684/2679 2046/4680/2677 2405/4681/2677
f 2402/4682/2678 2040/4683/2678 2036/4687/2680 2400/4686/2680
f 2401/4689/2681 2038/4688/2681 2042/4684/2679 2403/4685/2679
f 2400/4686/2680 2036/4687/2680 2032/4691/2682 2398/4690/2682
f 2399/4693/2683 2034/4692/2683 2038/4688/2681 2401/4689/2681
f 2398/4690/2682 2032/4691/2682 2028/4695/2684 2396/4694/2684
f 2397/4697/2685 2030/4696/2685 2034/4692/2683 2399/4693/2683
f 2396/4694/2684 2028/4695/2684 2024/4699/2686 2394/4698/2686
f 2395/4701/2687 2026/4700/2687 2030/4696/2685 2397/4697/2685
f 2394/4698/2686 2024/4699/2686 2020/4703/2688 2392/4702/2688
f 2393/4705/2689 2022/4704/2689 2026/4700/2687 2395/4701/2687
f 2392/4702/2688 2020/4703/2688 2016/4707/2690 2390/4706/2690
f 2391/4709/2691 2018/4708/2691 2022/4704/2689 2393/4705/2689
f 2390/4706/2690 2016/4707/2690 2012/4711/2692 2388/4710/2692
f 2389/4713/2693 2014/4712/2693 2018/4708/2691 2391/4709/2691
f 2388/4710/2692 2012/4711/2692 2008/4715/2694 2386/4714/2694
f 2387/4717/2695 2010/4716/2695 2014/4712/2693 2389/4713/2693
f 2386/4714/2694 2008/4715/2694 2004/4719/2696 2384/4718/2696
f 2385/4721/2697 2006/4720/2697 2010/4716/2695 2387/4717/2695
f 2384/4718/2696 2004/4719/2696 2000/4723/2698 2382/4722/2698
f 2383/4725/2699 2002/4724/2699 2006/4720/2697 2385/4721/2697
f 2382/4722/2698 2000/4723/2698 1996/4727/2700 2380/4726/2700
f 2381/4729/2701 1998/4728/2701 2002/4724/2699 2383/4725/2699
f 2380/4726/2700 1996/4727/2700 1992/4731/2702 2378/4730/2702
f 2379/4733/2703 1994/4732/2703 1998/4728/2701 2381/4729/2701
f 2378/4730/2702 1992/4731/2702 1988/4735/2704 2376/4734/2704
f 2377/4737/2705 1990/4736/2705 1994/4732/2703 2379/4733/2703
f 2376/4734/2704 1988/4735/2704 1984/4739/2706 2374/4738/2706
f 2375/4741/2707 1986/4740/2707 1990/4736/2705 2377/4737/2705
f 2374/4738/2706 1984/4739/2706 1980/4743/2708 2372/4742/2708
f 2373/4745/2709 1982/4744/2709 1986/4740/2707 2375/4741/2707
f 2372/4742/2708 1980/4743/2708 1976/4747/2710 2370/4746/2710
f 2371/4749/2711 1978/4748/2711 1982/4744/2709 2373/4745/2709
f 2370/4746/2710 1976/4747/2710 1972/4751/2712 2368/4750/2712
f 2369/4753/2713 1974/4752/2713 1978/4748/2711 2371/4749/2711
f 2368/4750/2712 1972/4751/2712 2168/4755/2714 2466/4754/2714
f 2565/4757/2715 2367/4756/2715 1974/4752/2713 2369/4753/2713
f 2466/4754/2714 2168/4755/2714 2366/4759/2716 2564/4758/2716
f 2563/4761/2717 2365/4760/2717 2367/4756/2715 2565/4757/2715
f 2564/4758/2716 2366/4759/2716 2364/4763/2718 2562/4762/2718
f 2561/4765/2719 2363/4764/2719 2365/4760/2717 2563/4761/2717
f 2562/4762/2718 2364/4763/2718 2362/4767/2720 2560/4766/2720
f 2559/4769/2721 2361/4768/2721 2363/4764/2719 2561/4765/2719
f 2560/4766/2720 2362/4767/2720 2360/4771/2722 2558/4770/2722
f 2557/4773/2723 2359/4772/2723 2361/4768/2721 2559/4769/2721
f 2558/4770/2722 2360/4771/2722 2358/4775/2724 2556/4774/2724
f 2555/4777/2725 2357/4776/2725 2359/4772/2723 2557/4773/2723
f 2556/4774/2724 2358/4775/2724 2356/4779/2726 2554/4778/2726
f 2553/4781/2727 2355/4780/2727 2357/4776/2725 2555/4777/2725
f 2554/4778/2726 2356/4779/2726 2354/4783/2728 2552/4782/2728
f 2551/4785/2729 2353/4784/2729 2355/4780/2727 2553/4781/2727
f 2552/4782/2728 2354/4783/2728 2352/4787/2730 2550/4786/2730
f 2549/4789/2731 2351/4788/2731 2353/4784/2729 2551/4785/2729
f 2550/4786/2730 2352/4787/2730 2350/4791/2732 2548/4790/2732
f 2547/4793/2733 2349/4792/2733 2351/4788/2731 2549/4789/2731
f 2548/4790/2732 2350/4791/2732 2348/4795/2734 2546/4794/2734
f 2545/4797/2735 2347/4796/2735 2349/4792/2733 2547/4793/2733
f 2546/4794/2734 2348/4795/2734 2346/4799/2736 2544/4798/2736
f 2543/4801/2737 2345/4800/2737 2347/4796/2735 2545/4797/2735
f 2544/4798/2736 2346/4799/2736 2344/4803/2738 2542/4802/2738
f 2541/4805/2739 2343/4804/2739 2345/4800/2737 2543/4801/2737
f 2542/4802/2738 2344/4803/2738 2342/4807/2740 2540/4806/2740
f 2539/4809/2741 2341/4808/2741 2343/4804/2739 2541/4805/2739
f 2540/4806/2740 2342/4807/2740 2340/4811/2742 2538/4810/2742
f 2537/4813/2743 2339/4812/2743 2341/4808/2741 2539/4809/2741
f 2538/4810/2742 2340/4811/2742 2338/4815/2744 2536/4814/2744
f 2535/4817/2745 2337/4816/2745 2339/4812/2743 2537/4813/2743
f 2536/4814/2744 2338/4815/2744 2336/4819/2746 2534/4818/2746
f 2533/4821/2747 2335/4820/2747 2337/4816/2745 2535/4817/2745
f 2534/4818/2746 2336/4819/2746 2334/4823/2748 2532/4822/2748
f 2531/4825/2749 2333/4824/2749 2335/4820/2747 2533/4821/2747
f 2532/4822/2748 2334/4823/2748 2332/4827/2750 2530/4826/2750
f 2529/4829/2751 2331/4828/2751 2333/4824/2749 2531/4825/2749
f 2530/4826/2750 2332/4827/2750 2330/4831/2752 2528/4830/2752
f 2527/4833/2753 2329/4832/2753 2331/4828/2751 2529/4829/2751
f 2528/4830/2752 2330/4831/2752 2328/4835/2754 2526/4834/2754
f 2525/4837/2755 2327/4836/2755 2329/4832/2753 2527/4833/2753
f 2526/4834/2754 2328/4835/2754 2326/4839/2756 2524/4838/2756
f 2523/4841/2757 2325/4840/2757 2327/4836/2755 2525/4837/2755
f 2524/4838/2756 2326/4839/2756 2324/4843/2758 2522/4842/2758
f 2521/4845/2759 2323/4844/2759 2325/4840/2757 2523/4841/2757
f 2522/4842/2758 2324/4843/2758 2322/4847/2760 2520/4846/2760
f 2519/4849/2761 2321/4848/2761 2323/4844/2759 2521/4845/2759
f 2520/4846/2760 2322/4847/2760 2320/4851/2762 2518/4850/2762
f 2517/4853/2763 2319/4852/2763 2321/4848/2761 2519/4849/2761
f 2518/4850/2762 2320/4851/2762 2318/4855/2764 2516/4854/2764
f 2515/4857/2765 2317/4856/2765 2319/4852/2763 2517/4853/2763
f 2516/4854/2764 2318/4855/2764 2316/4859/2766 2514/4858/2766
f 2513/4861/2767 2315/4860/2767 2317/4856/2765 2515/4857/2765
f 2514/4858/2766 2316/4859/2766 2314/4863/2768 2512/4862/2768
f 2511/4865/2769 2313/4864/2769 2315/4860/2767 2513/4861/2767
f 2512/4862/2768 2314/4863/2768 2312/4867/2770 2510/4866/2770
f 2509/4869/2771 2311/4868/2771 2313/4864/2769 2511/4865/2769
f 2510/4866/2770 2312/4867/2770 2310/4871/2772 2508/4870/2772
f 2507/4873/2773 2309/4872/2773 2311/4868/2771 2509/4869/2771
f 2508/4870/2772 2310/4871/2772 2308/4875/2774 2506/4874/2774
f 2505/4877/2775 2307/4876/2775 2309/4872/2773 2507/4873/2773
f 2506/4874/2774 2308/4875/2774 2306/4879/2776 2504/4878/2776
f 2503/4881/2777 2305/4880/2777 2307/4876/2775 2505/4877/2775
f 2504/4878/2776 2306/4879/2776 2304/4883/2778 2502/4882/2778
f 2501/4885/2779 2303/4884/2779 2305/4880/2777 2503/4881/2777
f 2502/4882/2778 2304/4883/2778 2302/4887/2780 2500/4886/2780
f 2499/4889/2781 2301/4888/2781 2303/4884/2779 2501/4885/2779
f 2500/4886/2780 2302/4887/2780 2300/4891/2782 2498/4890/2782
f 2497/4893/2783 2299/4892/2783 2301/4888/2781 2499/4889/2781
f 2498/4890/2782 2300/4891/2782 2298/4895/2784 2496/4894/2784
f 2495/4897/2785 2297/4896/2785 2299/4892/2783 2497/4893/2783
f 2496/4894/2784 2298/4895/2784 2296/4899/2786 2494/4898/2786
f 2493/4901/2787 2295/4900/2787 2297/4896/2785 2495/4897/2785
f 2494/4898/2786 2296/4899/2786 2294/4903/2788 2492/4902/2788
f 2491/4905/2789 2293/4904/2789 2295/4900/2787 2493/4901/2787
f 2492/4902/2788 2294/4903/2788 2292/4907/2790 2490/4906/2790
f 2489/4909/2791 2291/4908/2791 2293/4904/2789 2491/4905/2789
f 2490/4906/2790 2292/4907/2790 2290/4911/2792 2488/4910/2792
f 2487/4913/2793 2289/4912/2793 2291/4908/2791 2489/4909/2791
f 2488/4910/2792 2290/4911/2792 2288/4915/2794 2486/4914/2794
f 2485/4917/2795 2287/4916/2795 2289/4912/2793 2487/4913/2793
f 2486/4914/2794 2288/4915/2794 2286/4919/2796 2484/4918/2796
f 2483/4921/2797 2285/4920/2797 2287/4916/2795 2485/4917/2795
f 2484/4918/2796 2286/4919/2796 2284/4923/2798 2482/4922/2798
f 2481/4925/2799 2283/4924/2799 2285/4920/2797 2483/4921/2797
f 2482/4922/2798 2284/4923/2798 2282/4927/2800 2480/4926/2800
f 2479/4929/2801 2281/4928/2801 2283/4924/2799 2481/4925/2799
f 2480/4926/2800 2282/4927/2800 2280/4931/2802 2478/4930/2802
f 2477/4933/2803 2279/4932/2803 2281/4928/2801 2479/4929/2801
f 2478/4930/2802 2280/4931/2802 2278/4935/2804 2476/4934/2804
f 2475/4937/2805 2277/4936/2805 2279/4932/2803 2477/4933/2803
f 2476/4934/2804 2278/4935/2804 2276/4939/2806 2474/4938/2806
f 2473/4941/2807 2275/4940/2807 2277/4936/2805 2475/4937/2805
f 2474/4938/2806 2276/4939/2806 2274/4943/2808 2472/4942/2808
f 2471/4945/2809 2273/4944/2809 2275/4940/2807 2473/4941/2807
f 2472/4942/2808 2274/4943/2808 2272/4947/2810 2470/4946/2810
f 2469/4949/2811 2271/4948/2811 2273/4944/2809 2471/4945/2809
f 2470/4946/2810 2272/4947/2810 2270/4951/2812 2468/4950/2812
f 2467/4953/2813 2269/4952/2813 2271/4948/2811 2469/4949/2811
f 2468/4950/2812 2270/4951/2812 2164/4955/2617 2464/4954/2617
f 2465/4560/2618 2166/4561/2618 2269/4952/2813 2467/4953/2813
f 2567/4959/2 93/4958/2 91/4957/2 2566/4956/2
f 2568/4963/2 95/4962/2 93/4961/2 2567/4960/2
f 2569/4965/2 97/4964/2 95/4962/2 2568/4963/2
f 2570/4967/2 99/4966/2 97/4964/2 2569/4965/2
f 2571/4969/2 101/4968/2 99/4966/2 2570/4967/2
f 2572/4971/2 103/4970/2 101/4968/2 2571/4969/2
f 2573/4973/2 105/4972/2 103/4970/2 2572/4971/2
f 2574/4975/2 107/4974/2 105/4972/2 2573/4973/2
f 2575/4977/2 109/4976/2 107/4974/2 2574/4975/2
f 2576/4979/2 111/4978/2 109/4976/2 2575/4977/2
f 2577/4981/2 113/4980/2 111/4978/2 2576/4979/2
f 2578/4983/2 115/4982/2 113/4980/2 2577/4981/2
f 2579/4985/2 117/4984/2 115/4982/2 2578/4983/2
f 2580/4987/2 119/4986/2 117/4984/2 2579/4985/2
f 2581/4989/2 121/4988/2 119/4986/2 2580/4987/2
f 2582/4991/2 123/4990/2 121/4988/2 2581/4989/2
f 2583/4993/2 125/4992/2 123/4990/2 2582/4991/2
f 2584/4995/2 127/4994/2 125/4992/2 2583/4993/2
f 2585/4997/2 129/4996/2 127/4994/2 2584/4995/2
f 2586/4999/2 131/4998/2 129/4996/2 2585/4997/2
f 2587/5001/2 133/5000/2 131/4998/2 2586/4999/2
f 2588/5003/2 135/5002/2 133/5000/2 2587/5001/2
f 2589/5005/2 137/5004/2 135/5002/2 2588/5003/2
f 2590/5007/2 139/5006/2 137/5004/2 2589/5005/2
f 2591/5009/2 141/5008/2 139/5006/2 2590/5007/2
f 2592/5011/2 143/5010/2 141/5008/2 2591/5009/2
f 2593/5013/2 145/5012/2 143/5010/2 2592/5011/2
f 2594/5015/2 147/5014/2 145/5012/2 2593/5013/2
f 2595/5017/2 149/5016/2 147/5014/2 2594/5015/2
f 2596/5019/2 151/5018/2 149/5016/2 2595/5017/2
f 2597/5021/2 153/5020/2 151/5018/2 2596/5019/2
f 2598/5023/2 155/5022/2 153/5020/2 2597/5021/2
f 2599/5025/2 157/5024/2 155/5022/2 2598/5023/2
f 2600/5027/2 159/5026/2 157/5024/2 2599/5025/2
f 2601/5029/2 161/5028/2 159/5026/2 2600/5027/2
f 2602/5031/2 163/5030/2 161/5028/2 2601/5029/2
f 2603/5033/2 165/5032/2 163/5030/2 2602/5031/2
f 2604/5035/2 167/5034/2 165/5032/2 2603/5033/2
f 2605/5037/2 169/5036/2 167/5034/2 2604/5035/2
f 2606/5039/2 171/5038/2 169/5036/2 2605/5037/2
f 2607/5041/2 173/5040/2 171/5038/2 2606/5039/2
f 2608/5043/2 175/5042/2 173/5040/2 2607/5041/2
f 2609/5045/2 177/5044/2 175/5042/2 2608/5043/2
f 2610/5047/2 179/5046/2 177/5044/2 2609/5045/2
f 2611/5049/2 181/5048/2 179/5046/2 2610/5047/2
f 2612/5051/2 183/5050/2 181/5048/2 2611/5049/2
f 2613/5053/2 185/5052/2 183/5050/2 2612/5051/2
f 2614/5055/2 187/5054/2 185/5052/2 2613/5053/2
f 2615/5057/2 189/5056/2 187/5054/2 2614/5055/2
f 2616/5059/2 191/5058/2 189/5056/2 2615/5057/2
f 2617/5061/2 193/5060/2 191/5058/2 2616/5059/2
f 2618/5063/2 195/5062/2 193/5060/2 2617/5061/2
f 2619/5065/2 197/5064/2 195/5062/2 2618/5063/2
f 2620/5067/2 199/5066/2 197/5064/2 2619/5065/2
f 2621/5069/2 201/5068/2 199/5066/2 2620/5067/2
f 2622/5071/2 203/5070/2 201/5068/2 2621/5069/2
f 2623/5073/2 205/5072/2 203/5070/2 2622/5071/2
f 2624/5075/2 207/5074/2 205/5072/2 2623/5073/2
f 2625/5077/2 209/5076/2 207/5074/2 2624/5075/2
f 2626/5079/2 211/5078/2 209/5076/2 2625/5077/2
f 2627/5081/2 213/5080/2 211/5078/2 2626/5079/2
f 2628/5083/2 215/5082/2 213/5080/2 2627/5081/2
f 2629/5085/2 217/5084/2 215/5082/2 2628/5083/2
f 2630/5087/2 219/5086/2 217/5084/2 2629/5085/2
f 2631/5089/2 221/5088/2 219/5086/2 2630/5087/2
f 2632/5091/2 223/5090/2 221/5088/2 2631/5089/2
f 2633/5093/2 225/5092/2 223/5090/2 2632/5091/2
f 2634/5095/2 227/5094/2 225/5092/2 2633/5093/2
f 2635/5097/2 229/5096/2 227/5094/2 2634/5095/2
f 2636/5099/2 231/5098/2 229/5096/2 2635/5097/2
f 2637/5101/2 233/5100/2 231/5098/2 2636/5099/2
f 2638/5103/2 235/5102/2 233/5100/2 2637/5101/2
f 2639/5105/2 237/5104/2 235/5102/2 2638/5103/2
f 2640/5107/2 239/5106/2 237/5104/2 2639/5105/2
f 2641/5109/2 241/5108/2 239/5106/2 2640/5107/2
f 2642/5111/2 243/5110/2 241/5108/2 2641/5109/2
f 2643/5113/2 245/5112/2 243/5110/2 2642/5111/2
f 2644/5115/2 247/5114/2 245/5112/2 2643/5113/2
f 2645/5117/2 249/5116/2 247/5114/2 2644/5115/2
f 2646/5119/2 251/5118/2 249/5116/2 2645/5117/2
f 2647/5121/2 253/5120/2 251/5118/2 2646/5119/2
f 2648/5123/2 255/5122/2 253/5120/2 2647/5121/2
f 2649/5125/2 257/5124/2 255/5122/2 2648/5123/2
f 2650/5127/2 259/5126/2 257/5124/2 2649/5125/2
f 2651/5129/2 261/5128/2 259/5126/2 2650/5127/2
f 2652/5131/2 263/5130/2 261/5128/2 2651/5129/2
f 2653/5133/2 265/5132/2 263/5130/2 2652/5131/2
f 2654/5135/2 267/5134/2 265/5132/2 2653/5133/2
f 2655/5137/2 269/5136/2 267/5134/2 2654/5135/2
f 2656/5139/2 271/5138/2 269/5136/2 2655/5137/2
f 2657/5141/2 273/5140/2 271/5138/2 2656/5139/2
f 2658/5143/2 275/5142/2 273/5140/2 2657/5141/2
f 2659/5145/2 277/5144/2 275/5142/2 2658/5143/2
f 2660/5147/2 279/5146/2 277/5144/2 2659/5145/2
f 2661/5149/2 281/5148/2 279/5146/2 2660/5147/2
f 2662/5151/2 283/5150/2 281/5148/2 2661/5149/2
f 2663/5153/2 285/5152/2 283/5150/2 2662/5151/2
f 2664/5155/2 287/5154/2 285/5152/2 2663/5153/2
f 2566/4956/2 91/4957/2 287/5154/2 2664/5155/2
f 2666/5159/2814 2567/5158/2814 2566/5157/3 2665/5156/3
f 2667/5163/2815 2568/5162/2815 2567/5161/2814 2666/5160/2814
f 2668/5165/2816 2569/5164/2816 2568/5162/2815 2667/5163/2815
f 2669/5167/2817 2570/5166/2817 2569/5164/2816 2668/5165/2816
f 2670/5169/2818 2571/5168/2818 2570/5166/2817 2669/5167/2817
f 2671/5171/2819 2572/5170/2819 2571/5168/2818 2670/5169/2818
f 2672/5173/2820 2573/5172/2820 2572/5170/2819 2671/5171/2819
f 2673/5175/2821 2574/5174/2821 2573/5172/2820 2672/5173/2820
f 2674/5177/2822 2575/5176/2822 2574/5174/2821 2673/5175/2821
f 2675/5179/2823 2576/5178/2823 2575/5176/2822 2674/5177/2822
f 2676/5181/2824 2577/5180/2824 2576/5178/2823 2675/5179/2823
f 2677/5183/2825 2578/5182/2825 2577/5180/2824 2676/5181/2824
f 2678/5185/2826 2579/5184/2826 2578/5182/2825 2677/5183/2825
f 2679/5187/2827 2580/5186/2827 2579/5184/2826 2678/5185/2826
f 2680/5189/2828 2581/5188/2828 2580/5186/2827 2679/5187/2827
f 2681/5191/2829 2582/5190/2829 2581/5188/2828 2680/5189/2828
f 2682/5193/2830 2583/5192/2830 2582/5190/2829 2681/5191/2829
f 2683/5195/2831 2584/5194/2831 2583/5192/2830 2682/5193/2830
f 2684/5197/2832 2585/5196/2832 2584/5194/2831 2683/5195/2831
f 2685/5199/2833 2586/5198/2833 2585/5196/2832 2684/5197/2832
f 2686/5201/2834 2587/5200/2834 2586/5198/2833 2685/5199/2833
f 2687/5203/2835 2588/5202/2835 2587/5200/2834 2686/5201/2834
f 2688/5205/2836 2589/5204/2836 2588/5202/2835 2687/5203/2835
f 2689/5207/2837 2590/5206/2837 2589/5204/2836 2688/5205/2836
f 2690/5209/2838 2591/5208/2838 2590/5206/2837 2689/5207/2837
f 2691/5211/2839 2592/5210/2839 2591/5208/2838 2690/5209/2838
f 2692/5213/2840 2593/5212/2840 2592/5210/2839 2691/5211/2839
f 2693/5215/2841 2594/5214/2841 2593/5212/2840 2692/5213/2840
f 2694/5217/2842 2595/5216/2842 2594/5214/2841 2693/5215/2841
f 2695/5219/2843 2596/5218/2843 2595/5216/2842 2694/5217/2842
f 2696/5221/2844 2597/5220/2844 2596/5218/2843 2695/5219/2843
f 2697/5223/2845 2598/5222/2845 2597/5220/2844 2696/5221/2844
f 2698/5225/2846 2599/5224/2846 2598/5222/2845 2697/5223/2845
f 2699/5227/2847 2600/5226/2847 2599/5224/2846 2698/5225/2846
f 2700/5229/2848 2601/5228/2848 2600/5226/2847 2699/5227/2847
f 2701/5231/2849 2602/5230/2849 2601/5228/2848 2700/5229/2848
f 2702/5233/2850 2603/5232/2850 2602/5230/2849 2701/5231/2849
f 2703/5235/2851 2604/5234/2851 2603/5232/2850 2702/5233/2850
f 2704/5237/2852 2605/5236/2852 2604/5234/2851 2703/5235/2851
f 2705/5239/2853 2606/5238/2853 2605/5236/2852 2704/5237/2852
f 2706/5241/2854 2607/5240/2854 2606/5238/2853 2705/5239/2853
f 2707/5243/2855 2608/5242/2855 2607/5240/2854 2706/5241/2854
f 2708/5245/2856 2609/5244/2856 2608/5242/2855 2707/5243/2855
f 2709/5247/2857 2610/5246/2857 2609/5244/2856 2708/5245/2856
f 2710/5249/2858 2611/5248/2858 2610/5246/2857 2709/5247/2857
f 2711/5251/2859 2612/5250/2859 2611/5248/2858 2710/5249/2858
f 2712/5253/2860 2613/5252/2860 2612/5250/2859 2711/5251/2859
f 2713/5255/2861 2614/5254/2861 2613/5252/2860 2712/5253/2860
f 2714/5257/2862 2615/5256/2862 2614/5254/2861 2713/5255/2861
f 2715/5259/2863 2616/5258/2863 2615/5256/2862 2714/5257/2862
f 2716/5261/2864 2617/5260/2864 2616/5258/2863 2715/5259/2863
f 2717/5263/2865 2618/5262/2865 2617/5260/2864 2716/5261/2864
f 2718/5265/2866 2619/5264/2866 2618/5262/2865 2717/5263/2865
f 2719/5267/2867 2620/5266/2867 2619/5264/2866 2718/5265/2866
f 2720/5269/2868 2621/5268/2868 2620/5266/2867 2719/5267/2867
f 2721/5271/2869 2622/5270/2869 2621/5268/2868 2720/5269/2868
f 2722/5273/2870 2623/5272/2870 2622/5270/2869 2721/5271/2869
f 2723/5275/2871 2624/5274/2871 2623/5272/2870 2722/5273/2870
f 2724/5277/2872 2625/5276/2872 2624/5274/2871 2723/5275/2871
f 2725/5279/2873 2626/5278/2873 2625/5276/2872 2724/5277/2872
f 2726/5281/2874 2627/5280/2874 2626/5278/2873 2725/5279/2873
f 2727/5283/2875 2628/5282/2875 2627/5280/2874 2726/5281/2874
f 2728/5285/2876 2629/5284/2876 2628/5282/2875 2727/5283/2875
f 2729/5287/2877 2630/5286/2877 2629/5284/2876 2728/5285/2876
f 2730/5289/2878 2631/5288/2878 2630/5286/2877 2729/5287/2877
f 2731/5291/2879 2632/5290/2879 2631/5288/2878 2730/5289/2878
f 2732/5293/2880 2633/5292/2880 2632/5290/2879 2731/5291/2879
f 2733/5295/2881 2634/5294/2881 2633/5292/2880 2732/5293/2880
f 2734/5297/2882 2635/5296/2882 2634/5294/2881 2733/5295/2881
f 2735/5299/2883 2636/5298/2883 2635/5296/2882 2734/5297/2882
f 2736/5301/2884 2637/5300/2884 2636/5298/2883 2735/5299/2883
f 2737/5303/2885 2638/5302/2885 2637/5300/2884 2736/5301/2884
f 2738/5305/2886 2639/5304/2886 2638/5302/2885 2737/5303/2885
f 2739/5307/2887 2640/5306/2887 2639/5304/2886 2738/5305/2886
f 2740/5309/2888 2641/5308/2888 2640/5306/2887 2739/5307/2887
f 2741/5311/2889 2642/5310/2889 2641/5308/2888 2740/5309/2888
f 2742/5313/2890 2643/5312/2890 2642/5310/2889 2741/5311/2889
f 2743/5315/2891 2644/5314/2891 2643/5312/2890 2742/5313/2890
f 2744/5317/2892 2645/5316/2892 2644/5314/2891 2743/5315/2891
f 2745/5319/2893 2646/5318/2893 2645/5316/2892 2744/5317/2892
f 2746/5321/2894 2647/5320/2894 2646/5318/2893 2745/5319/2893
f 2747/5323/2895 2648/5322/2895 2647/5320/2894 2746/5321/2894
f 2748/5325/2896 2649/5324/2896 2648/5322/2895 2747/5323/2895
f 2749/5327/2897 2650/5326/2897 2649/5324/2896 2748/5325/2896
f 2750/5329/2898 2651/5328/2898 2650/5326/2897 2749/5327/2897
f 2751/5331/2899 2652/5330/2899 2651/5328/2898 2750/5329/2898
f 2752/5333/2900 2653/5332/2900 2652/5330/2899 2751/5331/2899
f 2753/5335/2901 2654/5334/2901 2653/5332/2900 2752/5333/2900
f 2754/5337/2902 2655/5336/2902 2654/5334/2901 2753/5335/2901
f 2755/5339/2903 2656/5338/2903 2655/5336/2902 2754/5337/2902
f 2756/5341/2904 2657/5340/2904 2656/5338/2903 2755/5339/2903
f 2757/5343/2905 2658/5342/2905 2657/5340/2904 2756/5341/2904
f 2758/5345/2906 2659/5344/2906 2658/5342/2905 2757/5343/2905
f 2759/5347/2907 2660/5346/2907 2659/5344/2906 2758/5345/2906
f 2760/5349/2908 2661/5348/2908 2660/5346/2907 2759/5347/2907
f 2761/5351/2909 2662/5350/2909 2661/5348/2908 2760/5349/2908
f 2762/5353/2910 2663/5352/2910 2662/5350/2909 2761/5351/2909
f 2763/5355/2911 2664/5354/2911 2663/5352/2910 2762/5353/2910
f 2665/5156/3 2566/5157/3 2664/5354/2911 2763/5355/2911
f 2765/5359/2 2666/5358/2 2665/5357/2 2764/5356/2
f 2766/5363/2 2667/5362/2 2666/5361/2 2765/5360/2
f 2767/5365/2 2668/5364/2 2667/5362/2 2766/5363/2
f 2768/5367/2 2669/5366/2 2668/5364/2 2767/5365/2
f 2769/5369/2 2670/5368/2 2669/5366/2 2768/5367/2
f 2770/5371/2 2671/5370/2 2670/5368/2 2769/5369/2
f 2771/5373/2 2672/5372/2 2671/5370/2 2770/5371/2
f 2772/5375/2 2673/5374/2 2672/5372/2 2771/5373/2
f 2773/5377/2 2674/5376/2 2673/5374/2 2772/5375/2
f 2774/5379/2 2675/5378/2 2674/5376/2 2773/5377/2
f 2775/5381/2 2676/5380/2 2675/5378/2 2774/5379/2
f 2776/5383/2 2677/5382/2 2676/5380/2 2775/5381/2
f 2777/5385/2 2678/5384/2 2677/5382/2 2776/5383/2
f 2778/5387/2 2679/5386/2 2678/5384/2 2777/5385/2
f 2779/5389/2 2680/5388/2 2679/5386/2 2778/5387/2
f 2780/5391/2 2681/5390/2 2680/5388/2 2779/5389/2
f 2781/5393/2 2682/5392/2 2681/5390/2 2780/5391/2
f 2782/5395/2 2683/5394/2 2682/5392/2 2781/5393/2
f 2783/5397/2 2684/5396/2 2683/5394/2 2782/5395/2
f 2784/5399/2 2685/5398/2 2684/5396/2 2783/5397/2
f 2785/5401/2 2686/5400/2 2685/5398/2 2784/5399/2
f 2786/5403/2 2687/5402/2 2686/5400/2 2785/5401/2
f 2787/5405/2 2688/5404/2 2687/5402/2 2786/5403/2
f 2788/5407/2 2689/5406/2 2688/5404/2 2787/5405/2
f 2789/5409/2 2690/5408/2 2689/5406/2 2788/5407/2
f 2790/5411/2 2691/5410/2 2690/5408/2 2789/5409/2
f 2791/5413/2 2692/5412/2 2691/5410/2 2790/5411/2
f 2792/5415/2 2693/5414/2 2692/5412/2 2791/5413/2
f 2793/5417/2 2694/5416/2 2693/5414/2 2792/5415/2
f 2794/5419/2 2695/5418/2 2694/5416/2 2793/5417/2
f 2795/5421/2 2696/5420/2 2695/5418/2 2794/5419/2
f 2796/5423/2 2697/5422/2 2696/5420/2 2795/5421/2
f 2797/5425/2 2698/5424/2 2697/5422/2 2796/5423/2
f 2798/5427/2 2699/5426/2 2698/5424/2 2797/5425/2
f 2799/5429/2 2700/5428/2 2699/5426/2 2798/5427/2
f 2800/5431/2 2701/5430/2 2700/5428/2 2799/5429/2
f 2801/5433/2 2702/5432/2 2701/5430/2 2800/5431/2
f 2802/5435/2 2703/5434/2 2702/5432/2 2801/5433/2
f 2803/5437/2 2704/5436/2 2703/5434/2 2802/5435/2
f 2804/5439/2 2705/5438/2 2704/5436/2 2803/5437/2
f 2805/5441/2 2706/5440/2 2705/5438/2 2804/5439/2
f 2806/5443/2 2707/5442/2 2706/5440/2 2805/5441/2
f 2807/5445/2 2708/5444/2 2707/5442/2 2806/5443/2
f 2808/5447/2 2709/5446/2 2708/5444/2 2807/5445/2
f 2809/5449/2 2710/5448/2 2709/5446/2 2808/5447/2
f 2810/5451/2 2711/5450/2 2710/5448/2 2809/5449/2
f 2811/5453/2 2712/5452/2 2711/5450/2 2810/5451/2
f 2812/5455/2 2713/5454/2 2712/5452/2 2811/5453/2
f 2813/5457/2 2714/5456/2 2713/5454/2 2812/5455/2
f 2814/5459/2 2715/5458/2 2714/5456/2 2813/5457/2
f 2815/5461/2 2716/5460/2 2715/5458/2 2814/5459/2
f 2816/5463/2 2717/5462/2 2716/5460/2 2815/5461/2
f 2817/5465/2 2718/5464/2 2717/5462/2 2816/5463/2
f 2818/5467/2 2719/5466/2 2718/5464/2 2817/5465/2
f 2819/5469/2 2720/5468/2 2719/5466/2 2818/5467/2
f 2820/5471/2 2721/5470/2 2720/5468/2 2819/5469/2
f 2821/5473/2 2722/5472/2 2721/5470/2 2820/5471/2
f 2822/5475/2 2723/5474/2 2722/5472/2 2821/5473/2
f 2823/5477/2 2724/5476/2 2723/5474/2 2822/5475/2
f 2824/5479/2 2725/5478/2 2724/5476/2 2823/5477/2
f 2825/5481/2 2726/5480/2 2725/5478/2 2824/5479/2
f 2826/5483/2 2727/5482/2 2726/5480/2 2825/5481/2
f 2827/5485/2 2728/5484/2 2727/5482/2 2826/5483/2
f 2828/5487/2 2729/5486/2 2728/5484/2 2827/5485/2
f 2829/5489/2 2730/5488/2 2729/5486/2 2828/5487/2
f 2830/5491/2 2731/5490/2 2730/5488/2 2829/5489/2
f 2831/5493/2 2732/5492/2 2731/5490/2 2830/5491/2
f 2832/5495/2 2733/5494/2 2732/5492/2 2831/5493/2
f 2833/5497/2 2734/5496/2 2733/5494/2 2832/5495/2
f 2834/5499/2 2735/5498/2 2734/5496/2 2833/5497/2
f 2835/5501/2 2736/5500/2 2735/5498/2 2834/5499/2
f 2836/5503/2 2737/5502/2 2736/5500/2 2835/5501/2
f 2837/5505/2 2738/5504/2 2737/5502/2 2836/5503/2
f 2838/5507/2 2739/5506/2 2738/5504/2 2837/5505/2
f 2839/5509/2 2740/5508/2 2739/5506/2 2838/5507/2
f 2840/5511/2 2741/5510/2 2740/5508/2 2839/5509/2
f 2841/5513/2 2742/5512/2 2741/5510/2 2840/5511/2
f 2842/5515/2 2743/5514/2 2742/5512/2 2841/5513/2
f 2843/5517/2 2744/5516/2 2743/5514/2 2842/5515/2
f 2844/5519/2 2745/5518/2 2744/5516/2 2843/5517/2
f 2845/5521/2 2746/5520/2 2745/5518/2 2844/5519/2
f 2846/5523/2 2747/5522/2 2746/5520/2 2845/5521/2
f 2847/5525/2 2748/5524/2 2747/5522/2 2846/5523/2
f 2848/5527/2 2749/5526/2 2748/5524/2 2847/5525/2
f 2849/5529/2 2750/5528/2 2749/5526/2 2848/5527/2
f 2850/5531/2 2751/5530/2 2750/5528/2 2849/5529/2
f 2851/5533/2 2752/5532/2 2751/5530/2 2850/5531/2
f 2852/5535/2 2753/5534/2 2752/5532/2 2851/5533/2
f 2853/5537/2 2754/5536/2 2753/5534/2 2852/5535/2
f 2854/5539/2 2755/5538/2 2754/5536/2 2853/5537/2
f 2855/5541/2 2756/5540/2 2755/5538/2 2854/5539/2
f 2856/5543/2 2757/5542/2 2756/5540/2 2855/5541/2
f 2857/5545/2 2758/5544/2 2757/5542/2 2856/5543/2
f 2858/5547/2 2759/5546/2 2758/5544/2 2857/5545/2
f 2859/5549/2 2760/5548/2 2759/5546/2 2858/5547/2
f 2860/5551/2 2761/5550/2 2760/5548/2 2859/5549/2
f 2861/5553/2 2762/5552/2 2761/5550/2 2860/5551/2
f 2862/5555/2 2763/5554/2 2762/5552/2 2861/5553/2
f 2764/5356/2 2665/5357/2 2763/5554/2 2862/5555/2
f 2864/5559/2912 2765/5558/2912 2764/5557/7 2863/5556/7
f 2865/5563/2913 2766/5562/2913 2765/5561/2912 2864/5560/2912
f 2866/5565/2914 2767/5564/2914 2766/5562/2913 2865/5563/2913
f 2867/5567/2915 2768/5566/2915 2767/5564/2914 2866/5565/2914
f 2868/5569/2916 2769/5568/2916 2768/5566/2915 2867/5567/2915
f 2869/5571/2917 2770/5570/2917 2769/5568/2916 2868/5569/2916
f 2870/5573/2918 2771/5572/2918 2770/5570/2917 2869/5571/2917
f 2871/5575/2919 2772/5574/2919 2771/5572/2918 2870/5573/2918
f 2872/5577/2920 2773/5576/2920 2772/5574/2919 2871/5575/2919
f 2873/5579/2921 2774/5578/2921 2773/5576/2920 2872/5577/2920
f 2874/5581/2922 2775/5580/2922 2774/5578/2921 2873/5579/2921
f 2875/5583/2923 2776/5582/2923 2775/5580/2922 2874/5581/2922
f 2876/5585/2924 2777/5584/2924 2776/5582/2923 2875/5583/2923
f 2877/5587/2925 2778/5586/2925 2777/5584/2924 2876/5585/2924
f 2878/5589/2926 2779/5588/2926 2778/5586/2925 2877/5587/2925
f 2879/5591/2927 2780/5590/2927 2779/5588/2926 2878/5589/2926
f 2880/5593/2928 2781/5592/2928 2780/5590/2927 2879/5591/2927
f 2881/5595/2929 2782/5594/2929 2781/5592/2928 2880/5593/2928
f 2882/5597/2930 2783/5596/2930 2782/5594/2929 2881/5595/2929
f 2883/5599/2931 2784/5598/2931 2783/5596/2930 2882/5597/2930
f 2884/5601/2932 2785/5600/2932 2784/5598/2931 2883/5599/2931
f 2885/5603/2933 2786/5602/2933 2785/5600/2932 2884/5601/2932
f 2886/5605/2934 2787/5604/2934 2786/5602/2933 2885/5603/2933
f 2887/5607/2935 2788/5606/2935 2787/5604/2934 2886/5605/2934
f 2888/5609/2936 2789/5608/2936 2788/5606/2935 2887/5607/2935
f 2889/5611/2937 2790/5610/2937 2789/5608/2936 2888/5609/2936
f 2890/5613/2938 2791/5612/2938 2790/5610/2937 2889/5611/2937
f 2891/5615/2939 2792/5614/2939 2791/5612/2938 2890/5613/2938
f 2892/5617/2940 2793/5616/2940 2792/5614/2939 2891/5615/2939
f 2893/5619/2941 2794/5618/2941 2793/5616/2940 2892/5617/2940
f 2894/5621/2942 2795/5620/2942 2794/5618/2941 2893/5619/2941
f 2895/5623/2943 2796/5622/2943 2795/5620/2942 2894/5621/2942
f 2896/5625/2944 2797/5624/2944 2796/5622/2943 2895/5623/2943
f 2897/5627/2945 2798/5626/2945 2797/5624/2944 2896/5625/2944
f 2898/5629/2946 2799/5628/2946 2798/5626/2945 2897/5627/2945
f 2899/5631/2947 2800/5630/2947 2799/5628/2946 2898/5629/2946
f 2900/5633/2948 2801/5632/2948 2800/5630/2947 2899/5631/2947
f 2901/5635/2949 2802/5634/2949 2801/5632/2948 2900/5633/2948
f 2902/5637/2950 2803/5636/2950 2802/5634/2949 2901/5635/2949
f 2903/5639/2951 2804/5638/2951 2803/5636/2950 2902/5637/2950
f 2904/5641/2952 2805/5640/2952 2804/5638/2951 2903/5639/2951
f 2905/5643/2953 2806/5642/2953 2805/5640/2952 2904/5641/2952
f 2906/5645/2954 2807/5644/2954 2806/5642/2953 2905/5643/2953
f 2907/5647/2955 2808/5646/2955 2807/5644/2954 2906/5645/2954
f 2908/5649/2956 2809/5648/2956 2808/5646/2955 2907/5647/2955
f 2909/5651/2957 2810/5650/2957 2809/5648/2956 2908/5649/2956
f 2910/5653/2958 2811/5652/2958 2810/5650/2957 2909/5651/2957
f 2911/5655/2959 2812/5654/2959 2811/5652/2958 2910/5653/2958
f 2912/5657/2960 2813/5656/2960 2812/5654/2959 2911/5655/2959
f 2913/5659/2961 2814/5658/2961 2813/5656/2960 2912/5657/2960
f 2914/5661/2962 2815/5660/2962 2814/5658/2961 2913/5659/2961
f 2915/5663/2963 2816/5662/2963 2815/5660/2962 2914/5661/2962
f 2916/5665/2964 2817/5664/2964 2816/5662/2963 2915/5663/2963
f 2917/5667/2965 2818/5666/2965 2817/5664/2964 2916/5665/2964
f 2918/5669/2966 2819/5668/2966 2818/5666/2965 2917/5667/2965
f 2919/5671/2967 2820/5670/2967 2819/5668/2966 2918/5669/2966
f 2920/5673/2968 2821/5672/2968 2820/5670/2967 2919/5671/2967
f 2921/5675/2969 2822/5674/2969 2821/5672/2968 2920/5673/2968
f 2922/5677/2970 2823/5676/2970 2822/5674/2969 2921/5675/2969
f 2923/5679/2971 2824/5678/2971 2823/5676/2970 2922/5677/2970
f 2924/5681/2972 2825/5680/2972 2824/5678/2971 2923/5679/2971
f 2925/5683/2973 2826/5682/2973 2825/5680/2972 2924/5681/2972
f 2926/5685/2974 2827/5684/2974 2826/5682/2973 2925/5683/2973
f 2927/5687/2975 2828/5686/2975 2827/5684/2974 2926/5685/2974
f 2928/5689/2976 2829/5688/2976 2828/5686/2975 2927/5687/2975
f 2929/5691/2977 2830/5690/2977 2829/5688/2976 2928/5689/2976
f 2930/5693/2978 2831/5692/2978 2830/5690/2977 2929/5691/2977
f 2931/5695/2979 2832/5694/2979 2831/5692/2978 2930/5693/2978
f 2932/5697/2980 2833/5696/2980 2832/5694/2979 2931/5695/2979
f 2933/5699/2981 2834/5698/2981 2833/5696/2980 2932/5697/2980
f 2934/5701/2982 2835/5700/2982 2834/5698/2981 2933/5699/2981
f 2935/5703/2983 2836/5702/2983 2835/5700/2982 2934/5701/2982
f 2936/5705/2984 2837/5704/2984 2836/5702/2983 2935/5703/2983
f 2937/5707/2985 2838/5706/2985 2837/5704/2984 2936/5705/2984
f 2938/5709/2986 2839/5708/2986 2838/5706/2985 2937/5707/2985
f 2939/5711/2987 2840/5710/2987 2839/5708/2986 2938/5709/2986
f 2940/5713/2988 2841/5712/2988 2840/5710/2987 2939/5711/2987
f 2941/5715/2989 2842/5714/2989 2841/5712/2988 2940/5713/2988
f 2942/5717/2990 2843/5716/2990 2842/5714/2989 2941/5715/2989
f 2943/5719/2991 2844/5718/2991 2843/5716/2990 2942/5717/2990
f 2944/5721/2992 2845/5720/2992 2844/5718/2991 2943/5719/2991
f 2945/5723/2993 2846/5722/2993 2845/5720/2992 2944/5721/2992
f 2946/5725/2994 2847/5724/2994 2846/5722/2993 2945/5723/2993
f 2947/5727/2995 2848/5726/2995 2847/5724/2994 2946/5725/2994
f 2948/5729/2996 2849/5728/2996 2848/5726/2995 2947/5727/2995
f 2949/5731/2997 2850/5730/2997 2849/5728/2996 2948/5729/2996
f 2950/5733/2998 2851/5732/2998 2850/5730/2997 2949/5731/2997
f 2951/5735/2999 2852/5734/2999 2851/5732/2998 2950/5733/2998
f 2952/5737/3000 2853/5736/3000 2852/5734/2999 2951/5735/2999
f 2953/5739/3001 2854/5738/3001 2853/5736/3000 2952/5737/3000
f 2954/5741/3002 2855/5740/3002 2854/5738/3001 2953/5739/3001
f 2955/5743/3003 2856/5742/3003 2855/5740/3002 2954/5741/3002
f 2956/5745/3004 2857/5744/3004 2856/5742/3003 2955/5743/3003
f 2957/5747/3005 2858/5746/3005 2857/5744/3004 2956/5745/3004
f 2958/5749/3006 2859/5748/3006 2858/5746/3005 2957/5747/3005
f 2959/5751/3007 2860/5750/3007 2859/5748/3006 2958/5749/3006
f 2960/5753/3008 2861/5752/3008 2860/5750/3007 2959/5751/3007
f 2961/5755/3009 2862/5754/3009 2861/5752/3008 2960/5753/3008
f 2863/5556/7 2764/5557/7 2862/5754/3009 2961/5755/3009
f 2963/5759/2 2864/5758/2 2863/5757/2 2962/5756/2
f 2964/5763/2 2865/5762/2 2864/5761/2 2963/5760/2
f 2965/5765/2 2866/5764/2 2865/5762/2 2964/5763/2
f 2966/5767/2 2867/5766/2 2866/5764/2 2965/5765/2
f 2967/5769/2 2868/5768/2 2867/5766/2 2966/5767/2
f 2968/5771/2 2869/5770/2 2868/5768/2 2967/5769/2
f 2969/5773/2 2870/5772/2 2869/5770/2 2968/5771/2
f 2970/5775/2 2871/5774/2 2870/5772/2 2969/5773/2
f 2971/5777/2 2872/5776/2 2871/5774/2 2970/5775/2
f 2972/5779/2 2873/5778/2 2872/5776/2 2971/5777/2
f 2973/5781/2 2874/5780/2 2873/5778/2 2972/5779/2
f 2974/5783/2 2875/5782/2 2874/5780/2 2973/5781/2
f 2975/5785/2 2876/5784/2 2875/5782/2 2974/5783/2
f 2976/5787/2 2877/5786/2 2876/5784/2 2975/5785/2
f 2977/5789/2 2878/5788/2 2877/5786/2 2976/5787/2
f 2978/5791/2 2879/5790/2 2878/5788/2 2977/5789/2
f 2979/5793/2 2880/5792/2 2879/5790/2 2978/5791/2
f 2980/5795/2 2881/5794/2 2880/5792/2 2979/5793/2
f 2981/5797/2 2882/5796/2 2881/5794/2 2980/5795/2
f 2982/5799/2 2883/5798/2 2882/5796/2 2981/5797/2
f 2983/5801/2 2884/5800/2 2883/5798/2 2982/5799/2
f 2984/5803/2 2885/5802/2 2884/5800/2 2983/5801/2
f 2985/5805/2 2886/5804/2 2885/5802/2 2984/5803/2
f 2986/5807/2 2887/5806/2 2886/5804/2 2985/5805/2
f 2987/5809/2 2888/5808/2 2887/5806/2 2986/5807/2
f 2988/5811/2 2889/5810/2 2888/5808/2 2987/5809/2
f 2989/5813/2 2890/5812/2 2889/5810/2 2988/5811/2
f 2990/5815/2 2891/5814/2 2890/5812/2 2989/5813/2
f 2991/5817/2 2892/5816/2 2891/5814/2 2990/5815/2
f 2992/5819/2 2893/5818/2 2892/5816/2 2991/5817/2
f 2993/5821/2 2894/5820/2 2893/5818/2 2992/5819/2
f 2994/5823/2 2895/5822/2 2894/5820/2 2993/5821/2
f 2995/5825/2 2896/5824/2 2895/5822/2 2994/5823/2
f 2996/5827/2 2897/5826/2 2896/5824/2 2995/5825/2
f 2997/5829/2 2898/5828/2 2897/5826/2 2996/5827/2
f 2998/5831/2 2899/5830/2 2898/5828/2 2997/5829/2
f 2999/5833/2 2900/5832/2 2899/5830/2 2998/5831/2
f 3000/5835/2 2901/5834/2 2900/5832/2 2999/5833/2
f 3001/5837/2 2902/5836/2 2901/5834/2 3000/5835/2
f 3002/5839/2 2903/5838/2 2902/5836/2 3001/5837/2
f 3003/5841/2 2904/5840/2 2903/5838/2 3002/5839/2
f 3004/5843/2 2905/5842/2 2904/5840/2 3003/5841/2
f 3005/5845/2 2906/5844/2 2905/5842/2 3004/5843/2
f 3006/5847/2 2907/5846/2 2906/5844/2 3005/5845/2
f 3007/5849/2 2908/5848/2 2907/5846/2 3006/5847/2
f 3008/5851/2 2909/5850/2 2908/5848/2 3007/5849/2
f 3009/5853/2 2910/5852/2 2909/5850/2 3008/5851/2
f 3010/5855/2 2911/5854/2 2910/5852/2 3009/5853/2
f 3011/5857/2 2912/5856/2 2911/5854/2 3010/5855/2
f 3012/5859/2 2913/5858/2 2912/5856/2 3011/5857/2
f 3013/5861/2 2914/5860/2 2913/5858/2 3012/5859/2
f 3014/5863/2 2915/5862/2 2914/5860/2 3013/5861/2
f 3015/5865/2 2916/5864/2 2915/5862/2 3014/5863/2
f 3016/5867/2 2917/5866/2 2916/5864/2 3015/5865/2
f 3017/5869/2 2918/5868/2 2917/5866/2 3016/5867/2
f 3018/5871/2 2919/5870/2 2918/5868/2 3017/5869/2
f 3019/5873/2 2920/5872/2 2919/5870/2 3018/5871/2
f 3020/5875/2 2921/5874/2 2920/5872/2 3019/5873/2
f 3021/5877/2 2922/5876/2 2921/5874/2 3020/5875/2
f 3022/5879/2 2923/5878/2 2922/5876/2 3021/5877/2
f 3023/5881/2 2924/5880/2 2923/5878/2 3022/5879/2
f 3024/5883/2 2925/5882/2 2924/5880/2 3023/5881/2
f 3025/5885/2 2926/5884/2 2925/5882/2 3024/5883/2
f 3026/5887/2 2927/5886/2 2926/5884/2 3025/5885/2
f 3027/5889/2 2928/5888/2 2927/5886/2 3026/5887/2
f 3028/5891/2 2929/5890/2 2928/5888/2 3027/5889/2
f 3029/5893/2 2930/5892/2 2929/5890/2 3028/5891/2
f 3030/5895/2 2931/5894/2 2930/5892/2 3029/5893/2
f 3031/5897/2 2932/5896/2 2931/5894/2 3030/5895/2
f 3032/5899/2 2933/5898/2 2932/5896/2 3031/5897/2
f 3033/5901/2 2934/5900/2 2933/5898/2 3032/5899/2
f 3034/5903/2 2935/5902/2 2934/5900/2 3033/5901/2
f 3035/5905/2 2936/5904/2 2935/5902/2 3034/5903/2
f 3036/5907/2 2937/5906/2 2936/5904/2 3035/5905/2
f 3037/5909/2 2938/5908/2 2937/5906/2 3036/5907/2
f 3038/5911/2 2939/5910/2 2938/5908/2 3037/5909/2
f 3039/5913/2 2940/5912/2 2939/5910/2 3038/5911/2
f 3040/5915/2 2941/5914/2 2940/5912/2 3039/5913/2
f 3041/5917/2 2942/5916/2 2941/5914/2 3040/5915/2
f 3042/5919/2 2943/5918/2 2942/5916/2 3041/5917/2
f 3043/5921/2 2944/5920/2 2943/5918/2 3042/5919/2
f 3044/5923/2 2945/5922/2 2944/5920/2 3043/5921/2
f 3045/5925/2 2946/5924/2 2945/5922/2 3044/5923/2
f 3046/5927/2 2947/5926/2 2946/5924/2 3045/5925/2
f 3047/5929/2 2948/5928/2 2947/5926/2 3046/5927/2
f 3048/5931/2 2949/5930/2 2948/5928/2 3047/5929/2
f 3049/5933/2 2950/5932/2 2949/5930/2 3048/5931/2
f 3050/5935/2 2951/5934/2 2950/5932/2 3049/5933/2
f 3051/5937/2 2952/5936/2 2951/5934/2 3050/5935/2
f 3052/5939/2 2953/5938/2 2952/5936/2 3051/5937/2
f 3053/5941/2 2954/5940/2 2953/5938/2 3052/5939/2
f 3054/5943/2 2955/5942/2 2954/5940/2 3053/5941/2
f 3055/5945/2 2956/5944/2 2955/5942/2 3054/5943/2
f 3056/5947/2 2957/5946/2 2956/5944/2 3055/5945/2
f 3057/5949/2 2958/5948/2 2957/5946/2 3056/5947/2
f 3058/5951/2 2959/5950/2 2958/5948/2 3057/5949/2
f 3059/5953/2 2960/5952/2 2959/5950/2 3058/5951/2
f 3060/5955/2 2961/5954/2 2960/5952/2 3059/5953/2
f 2962/5756/2 2863/5757/2 2961/5954/2 3060/5955/2
f 3062/5959/3012 2963/5958/3011 2962/5957/3 3061/5956/3010
f 3063/5963/3014 2964/5962/3013 2963/5961/3011 3062/5960/3012
f 3064/5965/3016 2965/5964/3015 2964/5962/3013 3063/5963/3014
f 3065/5967/3018 2966/5966/3017 2965/5964/3015 3064/5965/3016
f 3066/5969/3020 2967/5968/3019 2966/5966/3017 3065/5967/3018
f 3067/5971/3022 2968/5970/3021 2967/5968/3019 3066/5969/3020
f 3068/5973/3024 2969/5972/3023 2968/5970/3021 3067/5971/3022
f 3069/5975/3026 2970/5974/3025 2969/5972/3023 3068/5973/3024
f 3070/5977/3028 2971/5976/3027 2970/5974/3025 3069/5975/3026
f 3071/5979/3030 2972/5978/3029 2971/5976/3027 3070/5977/3028
f 3072/5981/3032 2973/5980/3031 2972/5978/3029 3071/5979/3030
f 3073/5983/3034 2974/5982/3033 2973/5980/3031 3072/5981/3032
f 3074/5985/3036 2975/5984/3035 2974/5982/3033 3073/5983/3034
f 3075/5987/3038 2976/5986/3037 2975/5984/3035 3074/5985/3036
f 3076/5989/3040 2977/5988/3039 2976/5986/3037 3075/5987/3038
f 3077/5991/3042 2978/5990/3041 2977/5988/3039 3076/5989/3040
f 3078/5993/3044 2979/5992/3043 2978/5990/3041 3077/5991/3042
f 3079/5995/3046 2980/5994/3045 2979/5992/3043 3078/5993/3044
f 3080/5997/3048 2981/5996/3047 2980/5994/3045 3079/5995/3046
f 3081/5999/3050 2982/5998/3049 2981/5996/3047 3080/5997/3048
f 3082/6001/3052 2983/6000/3051 2982/5998/3049 3081/5999/3050
f 3083/6003/3054 2984/6002/3053 2983/6000/3051 3082/6001/3052
f 3084/6005/3056 2985/6004/3055 2984/6002/3053 3083/6003/3054
f 3085/6007/3058 2986/6006/3057 2985/6004/3055 3084/6005/3056
f 3086/6009/3060 2987/6008/3059 2986/6006/3057 3085/6007/3058
f 3087/6011/3062 2988/6010/3061 2987/6008/3059 3086/6009/3060
f 3088/6013/3064 2989/6012/3063 2988/6010/3061 3087/6011/3062
f 3089/6015/3066 2990/6014/3065 2989/6012/3063 3088/6013/3064
f 3090/6017/3068 2991/6016/3067 2990/6014/3065 3089/6015/3066
f 3091/6019/3070 2992/6018/3069 2991/6016/3067 3090/6017/3068
f 3092/6021/3072 2993/6020/3071 2992/6018/3069 3091/6019/3070
f 3093/6023/3074 2994/6022/3073 2993/6020/3071 3092/6021/3072
f 3094/6025/3076 2995/6024/3075 2994/6022/3073 3093/6023/3074
f 3095/6027/3078 2996/6026/3077 2995/6024/3075 3094/6025/3076
f 3096/6029/3080 2997/6028/3079 2996/6026/3077 3095/6027/3078
f 3097/6031/3082 2998/6030/3081 2997/6028/3079 3096/6029/3080
f 3098/6033/3084 2999/6032/3083 2998/6030/3081 3097/6031/3082
f 3099/6035/3086 3000/6034/3085 2999/6032/3083 3098/6033/3084
f 3100/6037/3088 3001/6036/3087 3000/6034/3085 3099/6035/3086
f 3101/6039/3090 3002/6038/3089 3001/6036/3087 3100/6037/3088
f 3102/6041/3092 3003/6040/3091 3002/6038/3089 3101/6039/3090
f 3103/6043/3094 3004/6042/3093 3003/6040/3091 3102/6041/3092
f 3104/6045/3096 3005/6044/3095 3004/6042/3093 3103/6043/3094
f 3105/6047/3098 3006/6046/3097 3005/6044/3095 3104/6045/3096
f 3106/6049/3100 3007/6048/3099 3006/6046/3097 3105/6047/3098
f 3107/6051/3102 3008/6050/3101 3007/6048/3099 3106/6049/3100
f 3108/6053/3104 3009/6052/3103 3008/6050/3101 3107/6051/3102
f 3109/6055/3106 3010/6054/3105 3009/6052/3103 3108/6053/3104
f 3110/6057/3108 3011/6056/3107 3010/6054/3105 3109/6055/3106
f 3111/6059/3110 3012/6058/3109 3011/6056/3107 3110/6057/3108
f 3112/6061/3112 3013/6060/3111 3012/6058/3109 3111/6059/3110
f 3113/6063/3114 3014/6062/3113 3013/6060/3111 3112/6061/3112
f 3114/6065/3116 3015/6064/3115 3014/6062/3113 3113/6063/3114
f 3115/6067/3118 3016/6066/3117 3015/6064/3115 3114/6065/3116
f 3116/6069/3120 3017/6068/3119 3016/6066/3117 3115/6067/3118
f 3117/6071/3122 3018/6070/3121 3017/6068/3119 3116/6069/3120
f 3118/6073/3124 3019/6072/3123 3018/6070/3121 3117/6071/3122
f 3119/6075/3126 3020/6074/3125 3019/6072/3123 3118/6073/3124
f 3120/6077/3128 3021/6076/3127 3020/6074/3125 3119/6075/3126
f 3121/6079/3130 3022/6078/3129 3021/6076/3127 3120/6077/3128
f 3122/6081/3132 3023/6080/3131 3022/6078/3129 3121/6079/3130
f 3123/6083/3134 3024/6082/3133 3023/6080/3131 3122/6081/3132
f 3124/6085/3136 3025/6084/3135 3024/6082/3133 3123/6083/3134
f 3125/6087/3138 3026/6086/3137 3025/6084/3135 3124/6085/3136
f 3126/6089/3140 3027/6088/3139 3026/6086/3137 3125/6087/3138
f 3127/6091/3142 3028/6090/3141 3027/6088/3139 3126/6089/3140
f 3128/6093/3144 3029/6092/3143 3028/6090/3141 3127/6091/3142
f 3129/6095/3146 3030/6094/3145 3029/6092/3143 3128/6093/3144
f 3130/6097/3148 3031/6096/3147 3030/6094/3145 3129/6095/3146
f 3131/6099/3150 3032/6098/3149 3031/6096/3147 3130/6097/3148
f 3132/6101/3152 3033/6100/3151 3032/6098/3149 3131/6099/3150
f 3133/6103/3154 3034/6102/3153 3033/6100/3151 3132/6101/3152
f 3134/6105/3156 3035/6104/3155 3034/6102/3153 3133/6103/3154
f 3135/6107/3158 3036/6106/3157 3035/6104/3155 3134/6105/3156
f 3136/6109/3160 3037/6108/3159 3036/6106/3157 3135/6107/3158
f 3137/6111/3162 3038/6110/3161 3037/6108/3159 3136/6109/3160
f 3138/6113/3164 3039/6112/3163 3038/6110/3161 3137/6111/3162
f 3139/6115/3166 3040/6114/3165 3039/6112/3163 3138/6113/3164
f 3140/6117/3168 3041/6116/3167 3040/6114/3165 3139/6115/3166
f 3141/6119/3170 3042/6118/3169 3041/6116/3167 3140/6117/3168
f 3142/6121/3172 3043/6120/3171 3042/6118/3169 3141/6119/3170
f 3143/6123/3174 3044/6122/3173 3043/6120/3171 3142/6121/3172
f 3144/6125/3176 3045/6124/3175 3044/6122/3173 3143/6123/3174
f 3145/6127/3178 3046/6126/3177 3045/6124/3175 3144/6125/3176
f 3146/6129/3180 3047/6128/3179 3046/6126/3177 3145/6127/3178
f 3147/6131/3182 3048/6130/3181 3047/6128/3179 3146/6129/3180
f 3148/6133/3184 3049/6132/3183 3048/6130/3181 3147/6131/3182
f 3149/6135/3186 3050/6134/3185 3049/6132/3183 3148/6133/3184
f 3150/6137/3188 3051/6136/3187 3050/6134/3185 3149/6135/3186
f 3151/6139/3190 3052/6138/3189 3051/6136/3187 3150/6137/3188
f 3152/6141/3192 3053/6140/3191 3052/6138/3189 3151/6139/3190
f 3153/6143/3194 3054/6142/3193 3053/6140/3191 3152/6141/3192
f 3154/6145/3196 3055/6144/3195 3054/6142/3193 3153/6143/3194
f 3155/6147/3198 3056/6146/3197 3055/6144/3195 3154/6145/3196
f 3156/6149/3200 3057/6148/3199 3056/6146/3197 3155/6147/3198
f 3157/6151/3202 3058/6150/3201 3057/6148/3199 3156/6149/3200
f 3158/6153/3204 3059/6152/3203 3058/6150/3201 3157/6151/3202
f 3159/6155/3206 3060/6154/3205 3059/6152/3203 3158/6153/3204
f 3061/5956/3010 2962/5957/3 3060/6154/3205 3159/6155/3206
f 3161/6159/3208 3062/6158/3012 3061/6157/3010 3160/6156/3207
f 3162/6163/3209 3063/6162/3014 3062/6161/3012 3161/6160/3208
f 3163/6165/3210 3064/6164/3016 3063/6162/3014 3162/6163/3209
f 3164/6167/3211 3065/6166/3018 3064/6164/3016 3163/6165/3210
f 3165/6169/3212 3066/6168/3020 3065/6166/3018 3164/6167/3211
f 3166/6171/3213 3067/6170/3022 3066/6168/3020 3165/6169/3212
f 3167/6173/3214 3068/6172/3024 3067/6170/3022 3166/6171/3213
f 3168/6175/3215 3069/6174/3026 3068/6172/3024 3167/6173/3214
f 3169/6177/3216 3070/6176/3028 3069/6174/3026 3168/6175/3215
f 3170/6179/3217 3071/6178/3030 3070/6176/3028 3169/6177/3216
f 3171/6181/3218 3072/6180/3032 3071/6178/3030 3170/6179/3217
f 3172/6183/3219 3073/6182/3034 3072/6180/3032 3171/6181/3218
f 3173/6185/3220 3074/6184/3036 3073/6182/3034 3172/6183/3219
f 3174/6187/3221 3075/6186/3038 3074/6184/3036 3173/6185/3220
f 3175/6189/3222 3076/6188/3040 3075/6186/3038 3174/6187/3221
f 3176/6191/3223 3077/6190/3042 3076/6188/3040 3175/6189/3222
f 3177/6193/3224 3078/6192/3044 3077/6190/3042 3176/6191/3223
f 3178/6195/3225 3079/6194/3046 3078/6192/3044 3177/6193/3224
f 3179/6197/3226 3080/6196/3048 3079/6194/3046 3178/6195/3225
f 3180/6199/3227 3081/6198/3050 3080/6196/3048 3179/6197/3226
f 3181/6201/3228 3082/6200/3052 3081/6198/3050 3180/6199/3227
f 3182/6203/3229 3083/6202/3054 3082/6200/3052 3181/6201/3228
f 3183/6205/3230 3084/6204/3056 3083/6202/3054 3182/6203/3229
f 3184/6207/3231 3085/6206/3058 3084/6204/3056 3183/6205/3230
f 3185/6209/3232 3086/6208/3060 3085/6206/3058 3184/6207/3231
f 3186/6211/3233 3087/6210/3062 3086/6208/3060 3185/6209/3232
f 3187/6213/3234 3088/6212/3064 3087/6210/3062 3186/6211/3233
f 3188/6215/3235 3089/6214/3066 3088/6212/3064 3187/6213/3234
f 3189/6217/3236 3090/6216/3068 3089/6214/3066 3188/6215/3235
f 3190/6219/3237 3091/6218/3070 3090/6216/3068 3189/6217/3236
f 3191/6221/3238 3092/6220/3072 3091/6218/3070 3190/6219/3237
f 3192/6223/3239 3093/6222/3074 3092/6220/3072 3191/6221/3238
f 3193/6225/3240 3094/6224/3076 3093/6222/3074 3192/6223/3239
f 3194/6227/3241 3095/6226/3078 3094/6224/3076 3193/6225/3240
f 3195/6229/3242 3096/6228/3080 3095/6226/3078 3194/6227/3241
f 3196/6231/3243 3097/6230/3082 3096/6228/3080 3195/6229/3242
f 3197/6233/3244 3098/6232/3084 3097/6230/3082 3196/6231/3243
f 3198/6235/3245 3099/6234/3086 3098/6232/3084 3197/6233/3244
f 3199/6237/3246 3100/6236/3088 3099/6234/3086 3198/6235/3245
f 3200/6239/3247 3101/6238/3090 3100/6236/3088 3199/6237/3246
f 3201/6241/3248 3102/6240/3092 3101/6238/3090 3200/6239/3247
f 3202/6243/3249 3103/6242/3094 3102/6240/3092 3201/6241/3248
f 3203/6245/3250 3104/6244/3096 3103/6242/3094 3202/6243/3249
f 3204/6247/3251 3105/6246/3098 3104/6244/3096 3203/6245/3250
f 3205/6249/3252 3106/6248/3100 3105/6246/3098 3204/6247/3251
f 3206/6251/3253 3107/6250/3102 3106/6248/3100 3205/6249/3252
f 3207/6253/3254 3108/6252/3104 3107/6250/3102 3206/6251/3253
f 3208/6255/3255 3109/6254/3106 3108/6252/3104 3207/6253/3254
f 3209/6257/3256 3110/6256/3108 3109/6254/3106 3208/6255/3255
f 3210/6259/3257 3111/6258/3110 3110/6256/3108 3209/6257/3256
f 3211/6261/3258 3112/6260/3112 3111/6258/3110 3210/6259/3257
f 3212/6263/3259 3113/6262/3114 3112/6260/3112 3211/6261/3258
f 3213/6265/3260 3114/6264/3116 3113/6262/3114 3212/6263/3259
f 3214/6267/3261 3115/6266/3118 3114/6264/3116 3213/6265/3260
f 3215/6269/3262 3116/6268/3120 3115/6266/3118 3214/6267/3261
f 3216/6271/3263 3117/6270/3122 3116/6268/3120 3215/6269/3262
f 3217/6273/3264 3118/6272/3124 3117/6270/3122 3216/6271/3263
f 3218/6275/3265 3119/6274/3126 3118/6272/3124 3217/6273/3264
f 3219/6277/3266 3120/6276/3128 3119/6274/3126 3218/6275/3265
f 3220/6279/3267 3121/6278/3130 3120/6276/3128 3219/6277/3266
f 3221/6281/3268 3122/6280/3132 3121/6278/3130 3220/6279/3267
f 3222/6283/3269 3123/6282/3134 3122/6280/3132 3221/6281/3268
f 3223/6285/3270 3124/6284/3136 3123/6282/3134 3222/6283/3269
f 3224/6287/3271 3125/6286/3138 3124/6284/3136 3223/6285/3270
f 3225/6289/3272 3126/6288/3140 3125/6286/3138 3224/6287/3271
f 3226/6291/3273 3127/6290/3142 3126/6288/3140 3225/6289/3272
f 3227/6293/3274 3128/6292/3144 3127/6290/3142 3226/6291/3273
f 3228/6295/3275 3129/6294/3146 3128/6292/3144 3227/6293/3274
f 3229/6297/3276 3130/6296/3148 3129/6294/3146 3228/6295/3275
f 3230/6299/3277 3131/6298/3150 3130/6296/3148 3229/6297/3276
f 3231/6301/3278 3132/6300/3152 3131/6298/3150 3230/6299/3277
f 3232/6303/3279 3133/6302/3154 3132/6300/3152 3231/6301/3278
f 3233/6305/3280 3134/6304/3156 3133/6302/3154 3232/6303/3279
f 3234/6307/3281 3135/6306/3158 3134/6304/3156 3233/6305/3280
f 3235/6309/3282 3136/6308/3160 3135/6306/3158 3234/6307/3281
f 3236/6311/3283 3137/6310/3162 3136/6308/3160 3235/6309/3282
f 3237/6313/3284 3138/6312/3164 3137/6310/3162 3236/6311/3283
f 3238/6315/3285 3139/6314/3166 3138/6312/3164 3237/6313/3284
f 3239/6317/3286 3140/6316/3168 3139/6314/3166 3238/6315/3285
f 3240/6319/3287 3141/6318/3170 3140/6316/3168 3239/6317/3286
f 3241/6321/3288 3142/6320/3172 3141/6318/3170 3240/6319/3287
f 3242/6323/3289 3143/6322/3174 3142/6320/3172 3241/6321/3288
f 3243/6325/3290 3144/6324/3176 3143/6322/3174 3242/6323/3289
f 3244/6327/3291 3145/6326/3178 3144/6324/3176 3243/6325/3290
f 3245/6329/3292 3146/6328/3180 3145/6326/3178 3244/6327/3291
f 3246/6331/3293 3147/6330/3182 3146/6328/3180 3245/6329/3292
f 3247/6333/3294 3148/6332/3184 3147/6330/3182 3246/6331/3293
f 3248/6335/3295 3149/6334/3186 3148/6332/3184 3247/6333/3294
f 3249/6337/3296 3150/6336/3188 3149/6334/3186 3248/6335/3295
f 3250/6339/3297 3151/6338/3190 3150/6336/3188 3249/6337/3296
f 3251/6341/3298 3152/6340/3192 3151/6338/3190 3250/6339/3297
f 3252/6343/3299 3153/6342/3194 3152/6340/3192 3251/6341/3298
f 3253/6345/3300 3154/6344/3196 3153/6342/3194 3252/6343/3299
f 3254/6347/3301 3155/6346/3198 3154/6344/3196 3253/6345/3300
f 3255/6349/3302 3156/6348/3200 3155/6346/3198 3254/6347/3301
f 3256/6351/3303 3157/6350/3202 3156/6348/3200 3255/6349/3302
f 3257/6353/3304 3158/6352/3204 3157/6350/3202 3256/6351/3303
f 3258/6355/3305 3159/6354/3206 3158/6352/3204 3257/6353/3304
f 3160/6156/3207 3061/6157/3010 3159/6354/3206 3258/6355/3305
f 3260/6359/2 3161/6358/2 3160/6357/2 3259/6356/2
f 3261/6363/2 3162/6362/2 3161/6361/2 3260/6360/2
f 3262/6365/2 3163/6364/2 3162/6362/2 3261/6363/2
f 3263/6367/2 3164/6366/2 3163/6364/2 3262/6365/2
f 3264/6369/2 3165/6368/2 3164/6366/2 3263/6367/2
f 3265/6371/2 3166/6370/2 3165/6368/2 3264/6369/2
f 3266/6373/2 3167/6372/2 3166/6370/2 3265/6371/2
f 3267/6375/2 3168/6374/2 3167/6372/2 3266/6373/2
f 3268/6377/2 3169/6376/2 3168/6374/2 3267/6375/2
f 3269/6379/2 3170/6378/2 3169/6376/2 3268/6377/2
f 3270/6381/2 3171/6380/2 3170/6378/2 3269/6379/2
f 3271/6383/2 3172/6382/2 3171/6380/2 3270/6381/2
f 3272/6385/2 3173/6384/2 3172/6382/2 3271/6383/2
f 3273/6387/2 3174/6386/2 3173/6384/2 3272/6385/2
f 3274/6389/2 3175/6388/2 3174/6386/2 3273/6387/2
f 3275/6391/2 3176/6390/2 3175/6388/2 3274/6389/2
f 3276/6393/2 3177/6392/2 3176/6390/2 3275/6391/2
f 3277/6395/2 3178/6394/2 3177/6392/2 3276/6393/2
f 3278/6397/2 3179/6396/2 3178/6394/2 3277/6395/2
f 3279/6399/2 3180/6398/2 3179/6396/2 3278/6397/2
f 3280/6401/2 3181/6400/2 3180/6398/2 3279/6399/2
f 3281/6403/2 3182/6402/2 3181/6400/2 3280/6401/2
f 3282/6405/2 3183/6404/2 3182/6402/2 3281/6403/2
f 3283/6407/2 3184/6406/2 3183/6404/2 3282/6405/2
f 3284/6409/2 3185/6408/2 3184/6406/2 3283/6407/2
f 3285/6411/2 3186/6410/2 3185/6408/2 3284/6409/2
f 3286/6413/2 3187/6412/2 3186/6410/2 3285/6411/2
f 3287/6415/2 3188/6414/2 3187/6412/2 3286/6413/2
f 3288/6417/2 3189/6416/2 3188/6414/2 3287/6415/2
f 3289/6419/2 3190/6418/2 3189/6416/2 3288/6417/2
f 3290/6421/2 3191/6420/2 3190/6418/2 3289/6419/2
f 3291/6423/2 3192/6422/2 3191/6420/2 3290/6421/2
f 3292/6425/2 3193/6424/2 3192/6422/2 3291/6423/2
f 3293/6427/2 3194/6426/2 3193/6424/2 3292/6425/2
f 3294/6429/2 3195/6428/2 3194/6426/2 3293/6427/2
f 3295/6431/2 3196/6430/2 3195/6428/2 3294/6429/2
f 3296/6433/2 3197/6432/2 3196/6430/2 3295/6431/2
f 3297/6435/2 3198/6434/2 3197/6432/2 3296/6433/2
f 3298/6437/2 3199/6436/2 3198/6434/2 3297/6435/2
f 3299/6439/2 3200/6438/2 3199/6436/2 3298/6437/2
f 3300/6441/2 3201/6440/2 3200/6438/2 3299/6439/2
f 3301/6443/2 3202/6442/2 3201/6440/2 3300/6441/2
f 3302/6445/2 3203/6444/2 3202/6442/2 3301/6443/2
f 3303/6447/2 3204/6446/2 3203/6444/2 3302/6445/2
f 3304/6449/2 3205/6448/2 3204/6446/2 3303/6447/2
f 3305/6451/2 3206/6450/2 3205/6448/2 3304/6449/2
f 3306/6453/2 3207/6452/2 3206/6450/2 3305/6451/2
f 3307/6455/2 3208/6454/2 3207/6452/2 3306/6453/2
f 3308/6457/2 3209/6456/2 3208/6454/2 3307/6455/2
f 3309/6459/2 3210/6458/2 3209/6456/2 3308/6457/2
f 3310/6461/2 3211/6460/2 3210/6458/2 3309/6459/2
f 3311/6463/2 3212/6462/2 3211/6460/2 3310/6461/2
f 3312/6465/2 3213/6464/2 3212/6462/2 3311/6463/2
f 3313/6467/2 3214/6466/2 3213/6464/2 3312/6465/2
f 3314/6469/2 3215/6468/2 3214/6466/2 3313/6467/2
f 3315/6471/2 3216/6470/2 3215/6468/2 3314/6469/2
f 3316/6473/2 3217/6472/2 3216/6470/2 3315/6471/2
f 3317/6475/2 3218/6474/2 3217/6472/2 3316/6473/2
f 3318/6477/2 3219/6476/2 3218/6474/2 3317/6475/2
f 3319/6479/2 3220/6478/2 3219/6476/2 3318/6477/2
f 3320/6481/2 3221/6480/2 3220/6478/2 3319/6479/2
f 3321/6483/2 3222/6482/2 3221/6480/2 3320/6481/2
f 3322/6485/2 3223/6484/2 3222/6482/2 3321/6483/2
f 3323/6487/2 3224/6486/2 3223/6484/2 3322/6485/2
f 3324/6489/2 3225/6488/2 3224/6486/2 3323/6487/2
f 3325/6491/2 3226/6490/2 3225/6488/2 3324/6489/2
f 3326/6493/2 3227/6492/2 3226/6490/2 3325/6491/2
f 3327/6495/2 3228/6494/2 3227/6492/2 3326/6493/2
f 3328/6497/2 3229/6496/2 3228/6494/2 3327/6495/2
f 3329/6499/2 3230/6498/2 3229/6496/2 3328/6497/2
f 3330/6501/2 3231/6500/2 3230/6498/2 3329/6499/2
f 3331/6503/2 3232/6502/2 3231/6500/2 3330/6501/2
f 3332/6505/2 3233/6504/2 3232/6502/2 3331/6503/2
f 3333/6507/2 3234/6506/2 3233/6504/2 3332/6505/2
f 3334/6509/2 3235/6508/2 3234/6506/2 3333/6507/2
f 3335/6511/2 3236/6510/2 3235/6508/2 3334/6509/2
f 3336/6513/2 3237/6512/2 3236/6510/2 3335/6511/2
f 3337/6515/2 3238/6514/2 3237/6512/2 3336/6513/2
f 3338/6517/2 3239/6516/2 3238/6514/2 3337/6515/2
f 3339/6519/2 3240/6518/2 3239/6516/2 3338/6517/2
f 3340/6521/2 3241/6520/2 3240/6518/2 3339/6519/2
f 3341/6523/2 3242/6522/2 3241/6520/2 3340/6521/2
f 3342/6525/2 3243/6524/2 3242/6522/2 3341/6523/2
f 3343/6527/2 3244/6526/2 3243/6524/2 3342/6525/2
f 3344/6529/2 3245/6528/2 3244/6526/2 3343/6527/2
f 3345/6531/2 3246/6530/2 3245/6528/2 3344/6529/2
f 3346/6533/2 3247/6532/2 3246/6530/2 3345/6531/2
f 3347/6535/2 3248/6534/2 3247/6532/2 3346/6533/2
f 3348/6537/2 3249/6536/2 3248/6534/2 3347/6535/2
f 3349/6539/2 3250/6538/2 3249/6536/2 3348/6537/2
f 3350/6541/2 3251/6540/2 3250/6538/2 3349/6539/2
f 3351/6543/2 3252/6542/2 3251/6540/2 3350/6541/2
f 3352/6545/2 3253/6544/2 3252/6542/2 3351/6543/2
f 3353/6547/2 3254/6546/2 3253/6544/2 3352/6545/2
f 3354/6549/2 3255/6548/2 3254/6546/2 3353/6547/2
f 3355/6551/2 3256/6550/2 3255/6548/2 3354/6549/2
f 3356/6553/2 3257/6552/2 3256/6550/2 3355/6551/2
f 3357/6555/2 3258/6554/2 3257/6552/2 3356/6553/2
f 3259/6356/2 3160/6357/2 3258/6554/2 3357/6555/2
f 3359/6559/3307 3260/6558/3307 3259/6557/3306 3358/6556/3306
f 3360/6561/3308 3261/6560/3308 3260/6558/3307 3359/6559/3307
f 3361/6563/3309 3262/6562/3309 3261/6560/3308 3360/6561/3308
f 3362/6565/3310 3263/6564/3310 3262/6562/3309 3361/6563/3309
f 3363/6567/3311 3264/6566/3311 3263/6564/3310 3362/6565/3310
f 3364/6569/3312 3265/6568/3312 3264/6566/3311 3363/6567/3311
f 3365/6571/3313 3266/6570/3313 3265/6568/3312 3364/6569/3312
f 3366/6573/3314 3267/6572/3314 3266/6570/3313 3365/6571/3313
f 3367/6575/3315 3268/6574/3315 3267/6572/3314 3366/6573/3314
f 3368/6577/3316 3269/6576/3316 3268/6574/3315 3367/6575/3315
f 3369/6579/3317 3270/6578/3317 3269/6576/3316 3368/6577/3316
f 3370/6581/3318 3271/6580/3318 3270/6578/3317 3369/6579/3317
f 3371/6583/3319 3272/6582/3319 3271/6580/3318 3370/6581/3318
f 3372/6585/3320 3273/6584/3320 3272/6582/3319 3371/6583/3319
f 3373/6587/3321 3274/6586/3321 3273/6584/3320 3372/6585/3320
f 3374/6589/3322 3275/6588/3322 3274/6586/3321 3373/6587/3321
f 3375/6591/3323 3276/6590/3323 3275/6588/3322 3374/6589/3322
f 3376/6593/3324 3277/6592/3324 3276/6590/3323 3375/6591/3323
f 3377/6595/3325 3278/6594/3325 3277/6592/3324 3376/6593/3324
f 3378/6597/3326 3279/6596/3326 3278/6594/3325 3377/6595/3325
f 3379/6599/3327 3280/6598/3327 3279/6596/3326 3378/6597/3326
f 3380/6601/3328 3281/6600/3328 3280/6598/3327 3379/6599/3327
f 3381/6603/3329 3282/6602/3329 3281/6600/3328 3380/6601/3328
f 3382/6605/3330 3283/6604/3330 3282/6602/3329 3381/6603/3329
f 3383/6607/3331 3284/6606/3331 3283/6604/3330 3382/6605/3330
f 3384/6609/3332 3285/6608/3332 3284/6606/3331 3383/6607/3331
f 3385/6611/3333 3286/6610/3333 3285/6608/3332 3384/6609/3332
f 3386/6613/3334 3287/6612/3334 3286/6610/3333 3385/6611/3333
f 3387/6615/3335 3288/6614/3335 3287/6612/3334 3386/6613/3334
f 3388/6617/3336 3289/6616/3336 3288/6614/3335 3387/6615/3335
f 3389/6619/3337 3290/6618/3337 3289/6616/3336 3388/6617/3336
f 3390/6621/3338 3291/6620/3338 3290/6618/3337 3389/6619/3337
f 3391/6623/3339 3292/6622/3339 3291/6620/3338 3390/6621/3338
f 3392/6625/3340 3293/6624/3340 3292/6622/3339 3391/6623/3339
f 3393/6627/3341 3294/6626/3341 3293/6624/3340 3392/6625/3340
f 3394/6629/3342 3295/6628/3342 3294/6626/3341 3393/6627/3341
f 3395/6631/3343 3296/6630/3343 3295/6628/3342 3394/6629/3342
f 3396/6633/3344 3297/6632/3344 3296/6630/3343 3395/6631/3343
f 3397/6635/3345 3298/6634/3345 3297/6632/3344 3396/6633/3344
f 3398/6637/3346 3299/6636/3346 3298/6634/3345 3397/6635/3345
f 3399/6639/3347 3300/6638/3347 3299/6636/3346 3398/6637/3346
f 3400/6641/3348 3301/6640/3348 3300/6638/3347 3399/6639/3347
f 3401/6643/3349 3302/6642/3349 3301/6640/3348 3400/6641/3348
f 3402/6645/3350 3303/6644/3350 3302/6642/3349 3401/6643/3349
f 3403/6647/3351 3304/6646/3351 3303/6644/3350 3402/6645/3350
f 3404/6649/3352 3305/6648/3352 3304/6646/3351 3403/6647/3351
f 3405/6651/3353 3306/6650/3353 3305/6648/3352 3404/6649/3352
f 3406/6653/3354 3307/6652/3354 3306/6650/3353 3405/6651/3353
f 3407/6655/3355 3308/6654/3355 3307/6652/3354 3406/6653/3354
f 3408/6657/3356 3309/6656/3356 3308/6654/3355 3407/6655/3355
f 3409/6659/3357 3310/6658/3357 3309/6656/3356 3408/6657/3356
f 3410/6661/3358 3311/6660/3358 3310/6658/3357 3409/6659/3357
f 3411/6663/3359 3312/6662/3359 3311/6660/3358 3410/6661/3358
f 3412/6665/3360 3313/6664/3360 3312/6662/3359 3411/6663/3359
f 3413/6667/3361 3314/6666/3361 3313/6664/3360 3412/6665/3360
f 3414/6669/3362 3315/6668/3362 3314/6666/3361 3413/6667/3361
f 3415/6671/3363 3316/6670/3363 3315/6668/3362 3414/6669/3362
f 3416/6673/3364 3317/6672/3364 3316/6670/3363 3415/6671/3363
f 3417/6675/3365 3318/6674/3365 3317/6672/3364 3416/6673/3364
f 3418/6677/3366 3319/6676/3366 3318/6674/3365 3417/6675/3365
f 3419/6679/3367 3320/6678/3367 3319/6676/3366 3418/6677/3366
f 3420/6681/3368 3321/6680/3368 3320/6678/3367 3419/6679/3367
f 3421/6683/3369 3322/6682/3369 3321/6680/3368 3420/6681/3368
f 3422/6685/3370 3323/6684/3370 3322/6682/3369 3421/6683/3369
f 3423/6687/3371 3324/6686/3371 3323/6684/3370 3422/6685/3370
f 3424/6689/3372 3325/6688/3372 3324/6686/3371 3423/6687/3371
f 3425/6691/3373 3326/6690/3373 3325/6688/3372 3424/6689/3372
f 3426/6693/3374 3327/6692/3374 3326/6690/3373 3425/6691/3373
f 3427/6695/3375 3328/6694/3375 3327/6692/3374 3426/6693/3374
f 3428/6697/3376 3329/6696/3376 3328/6694/3375 3427/6695/3375
f 3429/6699/3377 3330/6698/3377 3329/6696/3376 3428/6697/3376
f 3430/6701/3378 3331/6700/3378 3330/6698/3377 3429/6699/3377
f 3431/6703/3379 3332/6702/3379 3331/6700/3378 3430/6701/3378
f 3432/6705/3380 3333/6704/3380 3332/6702/3379 3431/6703/3379
f 3433/6707/3381 3334/6706/3381 3333/6704/3380 3432/6705/3380
f 3434/6709/3382 3335/6708/3382 3334/6706/3381 3433/6707/3381
f 3435/6711/3383 3336/6710/3383 3335/6708/3382 3434/6709/3382
f 3436/6713/3384 3337/6712/3384 3336/6710/3383 3435/6711/3383
f 3437/6715/3385 3338/6714/3385 3337/6712/3384 3436/6713/3384
f 3438/6717/3386 3339/6716/3386 3338/6714/3385 3437/6715/3385
f 3439/6719/3387 3340/6718/3387 3339/6716/3386 3438/6717/3386
f 3440/6721/3388 3341/6720/3388 3340/6718/3387 3439/6719/3387
f 3441/6723/3389 3342/6722/3389 3341/6720/3388 3440/6721/3388
f 3442/6725/3390 3343/6724/3390 3342/6722/3389 3441/6723/3389
f 3443/6727/3391 3344/6726/3391 3343/6724/3390 3442/6725/3390
f 3444/6729/3392 3345/6728/3392 3344/6726/3391 3443/6727/3391
f 3445/6731/3393 3346/6730/3393 3345/6728/3392 3444/6729/3392
f 3446/6733/3394 3347/6732/3394 3346/6730/3393 3445/6731/3393
f 3447/6735/3395 3348/6734/3395 3347/6732/3394 3446/6733/3394
f 3448/6737/3396 3349/6736/3396 3348/6734/3395 3447/6735/3395
f 3449/6739/3397 3350/6738/3397 3349/6736/3396 3448/6737/3396
f 3450/6741/3398 3351/6740/3398 3350/6738/3397 3449/6739/3397
f 3451/6743/3399 3352/6742/3399 3351/6740/3398 3450/6741/3398
f 3452/6745/3400 3353/6744/3400 3352/6742/3399 3451/6743/3399
f 3453/6747/3401 3354/6746/3401 3353/6744/3400 3452/6745/3400
f 3454/6749/3402 3355/6748/3402 3354/6746/3401 3453/6747/3401
f 3455/6751/3403 3356/6750/3403 3355/6748/3402 3454/6749/3402
f 3456/6753/3404 3357/6752/3404 3356/6750/3403 3455/6751/3403
f 3358/6755/3306 3259/6754/3306 3357/6752/3404 3456/6753/3404
f 3559/6759/3406 228/6758/2317 226/6757/2122 3557/6756/3405
f 3561/6761/3407 230/6760/2315 228/6758/2317 3559/6759/3406
f 3563/6763/3408 232/6762/2313 230/6760/2315 3561/6761/3407
f 3565/6765/3409 234/6764/2311 232/6762/2313 3563/6763/3408
f 3567/6767/3410 236/6766/2309 234/6764/2311 3565/6765/3409
f 3569/6769/3411 238/6768/2307 236/6766/2309 3567/6767/3410
f 3571/6771/3412 240/6770/2305 238/6768/2307 3569/6769/3411
f 3573/6773/3413 242/6772/2303 240/6770/2305 3571/6771/3412
f 3575/6775/3414 244/6774/2301 242/6772/2303 3573/6773/3413
f 3577/6777/3415 246/6776/2299 244/6774/2301 3575/6775/3414
f 3579/6779/3416 248/6778/2297 246/6776/2299 3577/6777/3415
f 3581/6781/3417 250/6780/2295 248/6778/2297 3579/6779/3416
f 3583/6783/3418 252/6782/2293 250/6780/2295 3581/6781/3417
f 3585/6785/3419 254/6784/2291 252/6782/2293 3583/6783/3418
f 3587/6787/3420 256/6786/2289 254/6784/2291 3585/6785/3419
f 3589/6789/3421 258/6788/2287 256/6786/2289 3587/6787/3420
f 3591/6791/3422 260/6790/2285 258/6788/2287 3589/6789/3421
f 3593/6793/3423 262/6792/2283 260/6790/2285 3591/6791/3422
f 3595/6795/3424 264/6794/2281 262/6792/2283 3593/6793/3423
f 3597/6797/3425 266/6796/2279 264/6794/2281 3595/6795/3424
f 3599/6799/3426 268/6798/2277 266/6796/2279 3597/6797/3425
f 3601/6801/3427 270/6800/2275 268/6798/2277 3599/6799/3426
f 3603/6803/3428 272/6802/2273 270/6800/2275 3601/6801/3427
f 3605/6805/3429 274/6804/2271 272/6802/2273 3603/6803/3428
f 3607/6807/3430 276/6806/2269 274/6804/2271 3605/6805/3429
f 3609/6809/3431 278/6808/2267 276/6806/2269 3607/6807/3430
f 3611/6811/3432 280/6810/2265 278/6808/2267 3609/6809/3431
f 3613/6813/3433 282/6812/2263 280/6810/2265 3611/6811/3432
f 3615/6815/3434 284/6814/2261 282/6812/2263 3613/6813/3433
f 3617/6817/3435 286/6816/2259 284/6814/2261 3615/6815/3434
f 3619/6819/3436 288/6818/2257 286/6816/2259 3617/6817/3435
f 3621/6821/3437 92/6820/2255 288/6818/2257 3619/6819/3436
f 3623/6825/3438 94/6824/2253 92/6823/2255 3621/6822/3437
f 3625/6827/3439 96/6826/2251 94/6824/2253 3623/6825/3438
f 3627/6829/3440 98/6828/2249 96/6826/2251 3625/6827/3439
f 3629/6831/3441 100/6830/2247 98/6828/2249 3627/6829/3440
f 3631/6833/3442 102/6832/2245 100/6830/2247 3629/6831/3441
f 3633/6835/3443 104/6834/2243 102/6832/2245 3631/6833/3442
f 3635/6837/3444 106/6836/2241 104/6834/2243 3633/6835/3443
f 3637/6839/3445 108/6838/2239 106/6836/2241 3635/6837/3444
f 3639/6841/3446 110/6840/2237 108/6838/2239 3637/6839/3445
f 3641/6843/3447 112/6842/2235 110/6840/2237 3639/6841/3446
f 3643/6845/3448 114/6844/2233 112/6842/2235 3641/6843/3447
f 3645/6847/3449 116/6846/2231 114/6844/2233 3643/6845/3448
f 3647/6849/3450 118/6848/2229 116/6846/2231 3645/6847/3449
f 3649/6851/3451 120/6850/2227 118/6848/2229 3647/6849/3450
f 3651/6853/3452 122/6852/2225 120/6850/2227 3649/6851/3451
f 3653/6855/3453 124/6854/2223 122/6852/2225 3651/6853/3452
f 3555/6857/3454 126/6856/2221 124/6854/2223 3653/6855/3453
f 3553/6859/3455 128/6858/2219 126/6856/2221 3555/6857/3454
f 3551/6861/3456 130/6860/2217 128/6858/2219 3553/6859/3455
f 3549/6863/3457 132/6862/2215 130/6860/2217 3551/6861/3456
f 3547/6865/3458 134/6864/2213 132/6862/2215 3549/6863/3457
f 3545/6867/3459 136/6866/2211 134/6864/2213 3547/6865/3458
f 3543/6869/3460 138/6868/2209 136/6866/2211 3545/6867/3459
f 3541/6871/3461 140/6870/2207 138/6868/2209 3543/6869/3460
f 3539/6873/3462 142/6872/2205 140/6870/2207 3541/6871/3461
f 3537/6875/3463 144/6874/2203 142/6872/2205 3539/6873/3462
f 3535/6877/3464 146/6876/2201 144/6874/2203 3537/6875/3463
f 3533/6879/3465 148/6878/2199 146/6876/2201 3535/6877/3464
f 3531/6881/3466 150/6880/2197 148/6878/2199 3533/6879/3465
f 3529/6883/3467 152/6882/2195 150/6880/2197 3531/6881/3466
f 3527/6885/3468 154/6884/2193 152/6882/2195 3529/6883/3467
f 3525/6887/3469 156/6886/2191 154/6884/2193 3527/6885/3468
f 3523/6889/3470 158/6888/2189 156/6886/2191 3525/6887/3469
f 3521/6891/3471 160/6890/2187 158/6888/2189 3523/6889/3470
f 3519/6893/3472 162/6892/2185 160/6890/2187 3521/6891/3471
f 3517/6895/3473 164/6894/2183 162/6892/2185 3519/6893/3472
f 3515/6897/3474 166/6896/2181 164/6894/2183 3517/6895/3473
f 3513/6899/3475 168/6898/2179 166/6896/2181 3515/6897/3474
f 3511/6901/3476 170/6900/2177 168/6898/2179 3513/6899/3475
f 3509/6903/3477 172/6902/2175 170/6900/2177 3511/6901/3476
f 3507/6905/3478 174/6904/2173 172/6902/2175 3509/6903/3477
f 3505/6907/3479 176/6906/2171 174/6904/2173 3507/6905/3478
f 3503/6909/3480 178/6908/2169 176/6906/2171 3505/6907/3479
f 3501/6911/3481 180/6910/2167 178/6908/2169 3503/6909/3480
f 3499/6913/3482 182/6912/2165 180/6910/2167 3501/6911/3481
f 3497/6915/3483 184/6914/2163 182/6912/2165 3499/6913/3482
f 3495/6917/3484 186/6916/2161 184/6914/2163 3497/6915/3483
f 3493/6919/3485 188/6918/2159 186/6916/2161 3495/6917/3484
f 3491/6921/3486 190/6920/2157 188/6918/2159 3493/6919/3485
f 3489/6923/3487 192/6922/2155 190/6920/2157 3491/6921/3486
f 3487/6925/3488 194/6924/2153 192/6922/2155 3489/6923/3487
f 3485/6927/3489 196/6926/2151 194/6924/2153 3487/6925/3488
f 3483/6929/3490 198/6928/2149 196/6926/2151 3485/6927/3489
f 3481/6931/3491 200/6930/2147 198/6928/2149 3483/6929/3490
f 3479/6933/3492 202/6932/2145 200/6930/2147 3481/6931/3491
f 3477/6935/3493 204/6934/2143 202/6932/2145 3479/6933/3492
f 3475/6937/3494 206/6936/2141 204/6934/2143 3477/6935/3493
f 3473/6939/3495 208/6938/2139 206/6936/2141 3475/6937/3494
f 3471/6941/3496 210/6940/2137 208/6938/2139 3473/6939/3495
f 3469/6943/3497 212/6942/2135 210/6940/2137 3471/6941/3496
f 3467/6945/3498 214/6944/2133 212/6942/2135 3469/6943/3497
f 3465/6947/3499 216/6946/2131 214/6944/2133 3467/6945/3498
f 3463/6949/3500 218/6948/2129 216/6946/2131 3465/6947/3499
f 3461/6951/3501 220/6950/2127 218/6948/2129 3463/6949/3500
f 3459/6953/3502 222/6952/2125 220/6950/2127 3461/6951/3501
f 3457/6955/3503 224/6954/2123 222/6952/2125 3459/6953/3502
f 3557/6756/3405 226/6757/2122 224/6954/2123 3457/6955/3503
f 3818/6959/3504 3820/6958/3505 3821/6957/3505 3819/6956/3504
f 3820/6958/3505 3822/6961/3506 3823/6960/3506 3821/6957/3505
f 3822/6961/3506 3824/6963/3507 3825/6962/3507 3823/6960/3506
f 3824/6963/3507 3826/6965/3508 3827/6964/3508 3825/6962/3507
f 3826/6965/3508 3828/6967/3509 3829/6966/3509 3827/6964/3508
f 3828/6967/3509 3830/6969/3510 3831/6968/3510 3829/6966/3509
f 3830/6969/3510 3832/6971/3511 3833/6970/3511 3831/6968/3510
f 3832/6971/3511 3834/6973/3512 3835/6972/3512 3833/6970/3511
f 3834/6973/3512 3836/6975/3513 3837/6974/3513 3835/6972/3512
f 3836/6975/3513 3838/6977/3514 3839/6976/3514 3837/6974/3513
f 3838/6977/3514 3840/6979/3515 3841/6978/3515 3839/6976/3514
f 3840/6979/3515 3842/6981/3516 3843/6980/3516 3841/6978/3515
f 3842/6981/3516 3844/6983/3517 3845/6982/3517 3843/6980/3516
f 3844/6983/3517 3846/6985/3518 3847/6984/3518 3845/6982/3517
f 3846/6985/3518 3848/6987/3519 3849/6986/3519 3847/6984/3518
f 3848/6987/3519 3850/6989/3520 3851/6988/3520 3849/6986/3519
f 3850/6989/3520 3852/6991/3521 3753/6990/3521 3851/6988/3520
f 3852/6991/3521 3752/6993/3522 3751/6992/3522 3753/6990/3521
f 3752/6993/3522 3750/6995/3523 3749/6994/3523 3751/6992/3522
f 3750/6995/3523 3748/6997/3524 3747/6996/3524 3749/6994/3523
f 3748/6997/3524 3746/6999/3525 3745/6998/3525 3747/6996/3524
f 3746/6999/3525 3744/7001/3526 3743/7000/3526 3745/6998/3525
f 3744/7001/3526 3742/7003/3527 3741/7002/3527 3743/7000/3526
f 3742/7003/3527 3740/7005/3528 3739/7004/3528 3741/7002/3527
f 3740/7005/3528 3738/7007/3529 3737/7006/3529 3739/7004/3528
f 3738/7007/3529 3736/7009/3530 3735/7008/3530 3737/7006/3529
f 3736/7009/3530 3734/7011/3531 3733/7010/3531 3735/7008/3530
f 3734/7011/3531 3732/7013/3532 3731/7012/3532 3733/7010/3531
f 3732/7013/3532 3730/7015/3533 3729/7014/3533 3731/7012/3532
f 3730/7015/3533 3728/7017/3534 3727/7016/3534 3729/7014/3533
f 3728/7017/3534 3726/7019/3535 3725/7018/3535 3727/7016/3534
f 3726/7019/3535 3724/7021/3536 3723/7020/3536 3725/7018/3535
f 3724/7021/3536 3722/7023/3537 3721/7022/3537 3723/7020/3536
f 3722/7023/3537 3720/7025/3538 3719/7024/3538 3721/7022/3537
f 3720/7025/3538 3718/7027/3539 3717/7026/3539 3719/7024/3538
f 3718/7027/3539 3716/7029/3540 3715/7028/3540 3717/7026/3539
f 3716/7029/3540 3714/7031/3541 3713/7030/3541 3715/7028/3540
f 3714/7031/3541 3712/7033/3542 3711/7032/3542 3713/7030/3541
f 3712/7033/3542 3710/7035/3543 3709/7034/3543 3711/7032/3542
f 3710/7035/3543 3708/7037/3544 3707/7036/3544 3709/7034/3543
f 3708/7037/3544 3706/7039/3545 3705/7038/3545 3707/7036/3544
f 3706/7039/3545 3704/7041/3546 3703/7040/3546 3705/7038/3545
f 3704/7041/3546 3702/7043/3547 3701/7042/3547 3703/7040/3546
f 3702/7043/3547 3700/7045/3548 3699/7044/3548 3701/7042/3547
f 3700/7045/3548 3698/7047/3549 3697/7046/3549 3699/7044/3548
f 3698/7047/3549 3696/7049/3550 3695/7048/3550 3697/7046/3549
f 3696/7049/3550 3694/7051/3551 3693/7050/3551 3695/7048/3550
f 3694/7051/3551 3692/7053/3552 3691/7052/3552 3693/7050/3551
f 3692/7053/3552 3690/7055/3553 3689/7054/3553 3691/7052/3552
f 3690/7055/3553 3688/7057/3554 3687/7056/3554 3689/7054/3553
f 3688/7057/3554 3686/7059/3555 3685/7058/3555 3687/7056/3554
f 3686/7059/3555 3684/7061/3556 3683/7060/3556 3685/7058/3555
f 3684/7061/3556 3682/7063/3557 3681/7062/3557 3683/7060/3556
f 3682/7063/3557 3680/7065/3558 3679/7064/3558 3681/7062/3557
f 3680/7065/3558 3678/7067/3559 3677/7066/3559 3679/7064/3558
f 3678/7067/3559 3676/7069/3560 3675/7068/3560 3677/7066/3559
f 3676/7069/3560 3674/7071/3561 3673/7070/3561 3675/7068/3560
f 3674/7071/3561 3672/7073/3562 3671/7072/3562 3673/7070/3561
f 3672/7073/3562 3670/7075/3563 3669/7074/3563 3671/7072/3562
f 3670/7075/3563 3668/7077/3564 3667/7076/3564 3669/7074/3563
f 3668/7077/3564 3666/7079/3565 3665/7078/3565 3667/7076/3564
f 3666/7079/3565 3664/7081/3566 3663/7080/3566 3665/7078/3565
f 3664/7081/3566 3662/7083/3567 3661/7082/3567 3663/7080/3566
f 3662/7083/3567 3660/7085/3568 3659/7084/3568 3661/7082/3567
f 3660/7085/3568 3658/7087/3569 3657/7086/3569 3659/7084/3568
f 3658/7087/3569 3656/7089/3570 3655/7088/3570 3657/7086/3569
f 3656/7089/3570 3754/7091/3571 3755/7090/3571 3655/7088/3570
f 3754/7091/3571 3756/7093/3572 3757/7092/3572 3755/7090/3571
f 3756/7093/3572 3758/7095/3573 3759/7094/3573 3757/7092/3572
f 3758/7095/3573 3760/7097/3574 3761/7096/3574 3759/7094/3573
f 3760/7097/3574 3762/7099/3575 3763/7098/3575 3761/7096/3574
f 3762/7099/3575 3764/7101/3576 3765/7100/3576 3763/7098/3575
f 3764/7101/3576 3766/7103/3577 3767/7102/3577 3765/7100/3576
f 3766/7103/3577 3768/7105/3578 3769/7104/3578 3767/7102/3577
f 3768/7105/3578 3770/7107/3579 3771/7106/3579 3769/7104/3578
f 3770/7107/3579 3772/7109/3580 3773/7108/3580 3771/7106/3579
f 3772/7109/3580 3774/7111/3581 3775/7110/3581 3773/7108/3580
f 3774/7111/3581 3776/7113/3582 3777/7112/3582 3775/7110/3581
f 3776/7113/3582 3778/7115/3583 3779/7114/3583 3777/7112/3582
f 3778/7115/3583 3780/7117/3584 3781/7116/3584 3779/7114/3583
f 3780/7117/3584 3782/7119/3585 3783/7118/3585 3781/7116/3584
f 3782/7119/3585 3784/7121/3586 3785/7120/3586 3783/7118/3585
f 3784/7121/3586 3786/7123/3587 3787/7122/3587 3785/7120/3586
f 3786/7123/3587 3788/7125/3588 3789/7124/3588 3787/7122/3587
f 3788/7125/3588 3790/7127/3589 3791/7126/3589 3789/7124/3588
f 3790/7127/3589 3792/7129/3590 3793/7128/3590 3791/7126/3589
f 3792/7129/3590 3794/7131/3591 3795/7130/3591 3793/7128/3590
f 3794/7131/3591 3796/7133/3592 3797/7132/3592 3795/7130/3591
f 3796/7133/3592 3798/7135/3593 3799/7134/3593 3797/7132/3592
f 3798/7135/3593 3800/7137/3594 3801/7136/3594 3799/7134/3593
f 3800/7137/3594 3802/7139/3595 3803/7138/3595 3801/7136/3594
f 3802/7139/3595 3804/7141/3596 3805/7140/3596 3803/7138/3595
f 3804/7141/3596 3806/7143/3597 3807/7142/3597 3805/7140/3596
f 3806/7143/3597 3808/7145/3598 3809/7144/3598 3807/7142/3597
f 3808/7145/3598 3810/7147/3599 3811/7146/3599 3809/7144/3598
f 3810/7147/3599 3812/7149/3600 3813/7148/3600 3811/7146/3599
f 3812/7149/3600 3814/7151/3601 3815/7150/3601 3813/7148/3600
f 3814/7151/3601 3816/7153/3602 3817/7152/3602 3815/7150/3601
f 3816/7153/3602 3818/7155/3504 3819/7154/3504 3817/7152/3602
f 3821/7159/3604 3623/7158/3604 3621/7157/3603 3819/7156/3603
f 3818/7163/3606 3620/7162/3606 3622/7161/3605 3820/7160/3605
f 3823/7167/3607 3625/7166/3607 3623/7165/3604 3821/7164/3604
f 3820/7160/3605 3622/7161/3605 3624/7169/3608 3822/7168/3608
f 3825/7171/3609 3627/7170/3609 3625/7166/3607 3823/7167/3607
f 3822/7168/3608 3624/7169/3608 3626/7173/3610 3824/7172/3610
f 3827/7175/3611 3629/7174/3611 3627/7170/3609 3825/7171/3609
f 3824/7172/3610 3626/7173/3610 3628/7177/3612 3826/7176/3612
f 3829/7179/3613 3631/7178/3613 3629/7174/3611 3827/7175/3611
f 3826/7176/3612 3628/7177/3612 3630/7181/3614 3828/7180/3614
f 3831/7183/3615 3633/7182/3615 3631/7178/3613 3829/7179/3613
f 3828/7180/3614 3630/7181/3614 3632/7185/3616 3830/7184/3616
f 3833/7187/3617 3635/7186/3617 3633/7182/3615 3831/7183/3615
f 3830/7184/3616 3632/7185/3616 3634/7189/3618 3832/7188/3618
f 3835/7191/3619 3637/7190/3619 3635/7186/3617 3833/7187/3617
f 3832/7188/3618 3634/7189/3618 3636/7193/3620 3834/7192/3620
f 3837/7195/3621 3639/7194/3621 3637/7190/3619 3835/7191/3619
f 3834/7192/3620 3636/7193/3620 3638/7197/3622 3836/7196/3622
f 3839/7199/3623 3641/7198/3623 3639/7194/3621 3837/7195/3621
f 3836/7196/3622 3638/7197/3622 3640/7201/3624 3838/7200/3624
f 3841/7203/3625 3643/7202/3625 3641/7198/3623 3839/7199/3623
f 3838/7200/3624 3640/7201/3624 3642/7205/3626 3840/7204/3626
f 3843/7207/3627 3645/7206/3627 3643/7202/3625 3841/7203/3625
f 3840/7204/3626 3642/7205/3626 3644/7209/3628 3842/7208/3628
f 3845/7211/3629 3647/7210/3629 3645/7206/3627 3843/7207/3627
f 3842/7208/3628 3644/7209/3628 3646/7213/3630 3844/7212/3630
f 3847/7215/3631 3649/7214/3631 3647/7210/3629 3845/7211/3629
f 3844/7212/3630 3646/7213/3630 3648/7217/3632 3846/7216/3632
f 3849/7219/3633 3651/7218/3633 3649/7214/3631 3847/7215/3631
f 3846/7216/3632 3648/7217/3632 3650/7221/3634 3848/7220/3634
f 3851/7223/3635 3653/7222/3635 3651/7218/3633 3849/7219/3633
f 3848/7220/3634 3650/7221/3634 3652/7225/3636 3850/7224/3636
f 3753/7227/3637 3555/7226/3637 3653/7222/3635 3851/7223/3635
f 3850/7224/3636 3652/7225/3636 3654/7229/3638 3852/7228/3638
f 3751/7231/3639 3553/7230/3639 3555/7226/3637 3753/7227/3637
f 3852/7228/3638 3654/7229/3638 3554/7233/3640 3752/7232/3640
f 3749/7235/3641 3551/7234/3641 3553/7230/3639 3751/7231/3639
f 3752/7232/3640 3554/7233/3640 3552/7237/3642 3750/7236/3642
f 3747/7239/3643 3549/7238/3643 3551/7234/3641 3749/7235/3641
f 3750/7236/3642 3552/7237/3642 3550/7241/3644 3748/7240/3644
f 3745/7243/3645 3547/7242/3645 3549/7238/3643 3747/7239/3643
f 3748/7240/3644 3550/7241/3644 3548/7245/3646 3746/7244/3646
f 3743/7247/3647 3545/7246/3647 3547/7242/3645 3745/7243/3645
f 3746/7244/3646 3548/7245/3646 3546/7249/3648 3744/7248/3648
f 3741/7251/3649 3543/7250/3649 3545/7246/3647 3743/7247/3647
f 3744/7248/3648 3546/7249/3648 3544/7253/3650 3742/7252/3650
f 3739/7255/3651 3541/7254/3651 3543/7250/3649 3741/7251/3649
f 3742/7252/3650 3544/7253/3650 3542/7257/3652 3740/7256/3652
f 3737/7259/3653 3539/7258/3653 3541/7254/3651 3739/7255/3651
f 3740/7256/3652 3542/7257/3652 3540/7261/3654 3738/7260/3654
f 3735/7263/3655 3537/7262/3655 3539/7258/3653 3737/7259/3653
f 3738/7260/3654 3540/7261/3654 3538/7265/3656 3736/7264/3656
f 3733/7267/3657 3535/7266/3657 3537/7262/3655 3735/7263/3655
f 3736/7264/3656 3538/7265/3656 3536/7269/3658 3734/7268/3658
f 3731/7271/3659 3533/7270/3659 3535/7266/3657 3733/7267/3657
f 3734/7268/3658 3536/7269/3658 3534/7273/3660 3732/7272/3660
f 3729/7275/3661 3531/7274/3661 3533/7270/3659 3731/7271/3659
f 3732/7272/3660 3534/7273/3660 3532/7277/3662 3730/7276/3662
f 3727/7279/3663 3529/7278/3663 3531/7274/3661 3729/7275/3661
f 3730/7276/3662 3532/7277/3662 3530/7281/3664 3728/7280/3664
f 3725/7283/3665 3527/7282/3665 3529/7278/3663 3727/7279/3663
f 3728/7280/3664 3530/7281/3664 3528/7285/3666 3726/7284/3666
f 3723/7287/3667 3525/7286/3667 3527/7282/3665 3725/7283/3665
f 3726/7284/3666 3528/7285/3666 3526/7289/3668 3724/7288/3668
f 3721/7291/3669 3523/7290/3669 3525/7286/3667 3723/7287/3667
f 3724/7288/3668 3526/7289/3668 3524/7293/3670 3722/7292/3670
f 3719/7295/3671 3521/7294/3671 3523/7290/3669 3721/7291/3669
f 3722/7292/3670 3524/7293/3670 3522/7297/3672 3720/7296/3672
f 3717/7299/3673 3519/7298/3673 3521/7294/3671 3719/7295/3671
f 3720/7296/3672 3522/7297/3672 3520/7301/3674 3718/7300/3674
f 3715/7303/3675 3517/7302/3675 3519/7298/3673 3717/7299/3673
f 3718/7300/3674 3520/7301/3674 3518/7305/3676 3716/7304/3676
f 3713/7307/3677 3515/7306/3677 3517/7302/3675 3715/7303/3675
f 3716/7304/3676 3518/7305/3676 3516/7309/3678 3714/7308/3678
f 3711/7311/3679 3513/7310/3679 3515/7306/3677 3713/7307/3677
f 3714/7308/3678 3516/7309/3678 3514/7313/3680 3712/7312/3680
f 3709/7315/3681 3511/7314/3681 3513/7310/3679 3711/7311/3679
f 3712/7312/3680 3514/7313/3680 3512/7317/3682 3710/7316/3682
f 3707/7319/3683 3509/7318/3683 3511/7314/3681 3709/7315/3681
f 3710/7316/3682 3512/7317/3682 3510/7321/3684 3708/7320/3684
f 3705/7323/3685 3507/7322/3685 3509/7318/3683 3707/7319/3683
f 3708/7320/3684 3510/7321/3684 3508/7325/3686 3706/7324/3686
f 3703/7327/3687 3505/7326/3687 3507/7322/3685 3705/7323/3685
f 3706/7324/3686 3508/7325/3686 3506/7329/3688 3704/7328/3688
f 3701/7331/3689 3503/7330/3689 3505/7326/3687 3703/7327/3687
f 3704/7328/3688 3506/7329/3688 3504/7333/3690 3702/7332/3690
f 3699/7335/3691 3501/7334/3691 3503/7330/3689 3701/7331/3689
f 3702/7332/3690 3504/7333/3690 3502/7337/3692 3700/7336/3692
f 3697/7339/3693 3499/7338/3693 3501/7334/3691 3699/7335/3691
f 3700/7336/3692 3502/7337/3692 3500/7341/3694 3698/7340/3694
f 3695/7343/3695 3497/7342/3695 3499/7338/3693 3697/7339/3693
f 3698/7340/3694 3500/7341/3694 3498/7345/3696 3696/7344/3696
f 3693/7347/3697 3495/7346/3697 3497/7342/3695 3695/7343/3695
f 3696/7344/3696 3498/7345/3696 3496/7349/3698 3694/7348/3698
f 3691/7351/3699 3493/7350/3699 3495/7346/3697 3693/7347/3697
f 3694/7348/3698 3496/7349/3698 3494/7353/3700 3692/7352/3700
f 3689/7355/3701 3491/7354/3701 3493/7350/3699 3691/7351/3699
f 3692/7352/3700 3494/7353/3700 3492/7357/3702 3690/7356/3702
f 3687/7359/3703 3489/7358/3703 3491/7354/3701 3689/7355/3701
f 3690/7356/3702 3492/7357/3702 3490/7361/3704 3688/7360/3704
f 3685/7363/3705 3487/7362/3705 3489/7358/3703 3687/7359/3703
f 3688/7360/3704 3490/7361/3704 3488/7365/3706 3686/7364/3706
f 3683/7367/3707 3485/7366/3707 3487/7362/3705 3685/7363/3705
f 3686/7364/3706 3488/7365/3706 3486/7369/3708 3684/7368/3708
f 3681/7371/3709 3483/7370/3709 3485/7366/3707 3683/7367/3707
f 3684/7368/3708 3486/7369/3708 3484/7373/3710 3682/7372/3710
f 3679/7375/3711 3481/7374/3711 3483/7370/3709 3681/7371/3709
f 3682/7372/3710 3484/7373/3710 3482/7377/3712 3680/7376/3712
f 3677/7379/3713 3479/7378/3713 3481/7374/3711 3679/7375/3711
f 3680/7376/3712 3482/7377/3712 3480/7381/3714 3678/7380/3714
f 3675/7383/3715 3477/7382/3715 3479/7378/3713 3677/7379/3713
f 3678/7380/3714 3480/7381/3714 3478/7385/3716 3676/7384/3716
f 3673/7387/3717 3475/7386/3717 3477/7382/3715 3675/7383/3715
f 3676/7384/3716 3478/7385/3716 3476/7389/3718 3674/7388/3718
f 3671/7391/3719 3473/7390/3719 3475/7386/3717 3673/7387/3717
f 3674/7388/3718 3476/7389/3718 3474/7393/3720 3672/7392/3720
f 3669/7395/3721 3471/7394/3721 3473/7390/3719 3671/7391/3719
f 3672/7392/3720 3474/7393/3720 3472/7397/3722 3670/7396/3722
f 3667/7399/3723 3469/7398/3723 3471/7394/3721 3669/7395/3721
f 3670/7396/3722 3472/7397/3722 3470/7401/3724 3668/7400/3724
f 3665/7403/3725 3467/7402/3725 3469/7398/3723 3667/7399/3723
f 3668/7400/3724 3470/7401/3724 3468/7405/3726 3666/7404/3726
f 3663/7407/3727 3465/7406/3727 3467/7402/3725 3665/7403/3725
f 3666/7404/3726 3468/7405/3726 3466/7409/3728 3664/7408/3728
f 3661/7411/3729 3463/7410/3729 3465/7406/3727 3663/7407/3727
f 3664/7408/3728 3466/7409/3728 3464/7413/3730 3662/7412/3730
f 3659/7415/3731 3461/7414/3731 3463/7410/3729 3661/7411/3729
f 3662/7412/3730 3464/7413/3730 3462/7417/3732 3660/7416/3732
f 3657/7419/3733 3459/7418/3733 3461/7414/3731 3659/7415/3731
f 3660/7416/3732 3462/7417/3732 3460/7421/3734 3658/7420/3734
f 3655/7423/3735 3457/7422/3735 3459/7418/3733 3657/7419/3733
f 3658/7420/3734 3460/7421/3734 3458/7425/3736 3656/7424/3736
f 3755/7427/3737 3557/7426/3737 3457/7422/3735 3655/7423/3735
f 3656/7424/3736 3458/7425/3736 3556/7429/3738 3754/7428/3738
f 3757/7431/3739 3559/7430/3739 3557/7426/3737 3755/7427/3737
f 3754/7428/3738 3556/7429/3738 3558/7433/3740 3756/7432/3740
f 3759/7435/3741 3561/7434/3741 3559/7430/3739 3757/7431/3739
f 3756/7432/3740 3558/7433/3740 3560/7437/3742 3758/7436/3742
f 3761/7439/3743 3563/7438/3743 3561/7434/3741 3759/7435/3741
f 3758/7436/3742 3560/7437/3742 3562/7441/3744 3760/7440/3744
f 3763/7443/3745 3565/7442/3745 3563/7438/3743 3761/7439/3743
f 3760/7440/3744 3562/7441/3744 3564/7445/3746 3762/7444/3746
f 3765/7447/3747 3567/7446/3747 3565/7442/3745 3763/7443/3745
f 3762/7444/3746 3564/7445/3746 3566/7449/3748 3764/7448/3748
f 3767/7451/3749 3569/7450/3749 3567/7446/3747 3765/7447/3747
f 3764/7448/3748 3566/7449/3748 3568/7453/3750 3766/7452/3750
f 3769/7455/3751 3571/7454/3751 3569/7450/3749 3767/7451/3749
f 3766/7452/3750 3568/7453/3750 3570/7457/3752 3768/7456/3752
f 3771/7459/3753 3573/7458/3753 3571/7454/3751 3769/7455/3751
f 3768/7456/3752 3570/7457/3752 3572/7461/3754 3770/7460/3754
f 3773/7463/3755 3575/7462/3755 3573/7458/3753 3771/7459/3753
f 3770/7460/3754 3572/7461/3754 3574/7465/3756 3772/7464/3756
f 3775/7467/3757 3577/7466/3757 3575/7462/3755 3773/7463/3755
f 3772/7464/3756 3574/7465/3756 3576/7469/3758 3774/7468/3758
f 3777/7471/3759 3579/7470/3759 3577/7466/3757 3775/7467/3757
f 3774/7468/3758 3576/7469/3758 3578/7473/3760 3776/7472/3760
f 3779/7475/3761 3581/7474/3761 3579/7470/3759 3777/7471/3759
f 3776/7472/3760 3578/7473/3760 3580/7477/3762 3778/7476/3762
f 3781/7479/3763 3583/7478/3763 3581/7474/3761 3779/7475/3761
f 3778/7476/3762 3580/7477/3762 3582/7481/3764 3780/7480/3764
f 3783/7483/3765 3585/7482/3765 3583/7478/3763 3781/7479/3763
f 3780/7480/3764 3582/7481/3764 3584/7485/3766 3782/7484/3766
f 3785/7487/3767 3587/7486/3767 3585/7482/3765 3783/7483/3765
f 3782/7484/3766 3584/7485/3766 3586/7489/3768 3784/7488/3768
f 3787/7491/3769 3589/7490/3769 3587/7486/3767 3785/7487/3767
f 3784/7488/3768 3586/7489/3768 3588/7493/3770 3786/7492/3770
f 3789/7495/3771 3591/7494/3771 3589/7490/3769 3787/7491/3769
f 3786/7492/3770 3588/7493/3770 3590/7497/3772 3788/7496/3772
f 3791/7499/3773 3593/7498/3773 3591/7494/3771 3789/7495/3771
f 3788/7496/3772 3590/7497/3772 3592/7501/3774 3790/7500/3774
f 3793/7503/3775 3595/7502/3775 3593/7498/3773 3791/7499/3773
f 3790/7500/3774 3592/7501/3774 3594/7505/3776 3792/7504/3776
f 3795/7507/3777 3597/7506/3777 3595/7502/3775 3793/7503/3775
f 3792/7504/3776 3594/7505/3776 3596/7509/3778 3794/7508/3778
f 3797/7511/3779 3599/7510/3779 3597/7506/3777 3795/7507/3777
f 3794/7508/3778 3596/7509/3778 3598/7513/3780 3796/7512/3780
f 3799/7515/3781 3601/7514/3781 3599/7510/3779 3797/7511/3779
f 3796/7512/3780 3598/7513/3780 3600/7517/3782 3798/7516/3782
f 3801/7519/3783 3603/7518/3783 3601/7514/3781 3799/7515/3781
f 3798/7516/3782 3600/7517/3782 3602/7521/3784 3800/7520/3784
f 3803/7523/3785 3605/7522/3785 3603/7518/3783 3801/7519/3783
f 3800/7520/3784 3602/7521/3784 3604/7525/3786 3802/7524/3786
f 3805/7527/3787 3607/7526/3787 3605/7522/3785 3803/7523/3785
f 3802/7524/3786 3604/7525/3786 3606/7529/3788 3804/7528/3788
f 3807/7531/3789 3609/7530/3789 3607/7526/3787 3805/7527/3787
f 3804/7528/3788 3606/7529/3788 3608/7533/3790 3806/7532/3790
f 3809/7535/3791 3611/7534/3791 3609/7530/3789 3807/7531/3789
f 3806/7532/3790 3608/7533/3790 3610/7537/3792 3808/7536/3792
f 3811/7539/3793 3613/7538/3793 3611/7534/3791 3809/7535/3791
f 3808/7536/3792 3610/7537/3792 3612/7541/3794 3810/7540/3794
f 3813/7543/3795 3615/7542/3795 3613/7538/3793 3811/7539/3793
f 3810/7540/3794 3612/7541/3794 3614/7545/3796 3812/7544/3796
f 3815/7547/3797 3617/7546/3797 3615/7542/3795 3813/7543/3795
f 3812/7544/3796 3614/7545/3796 3616/7549/3798 3814/7548/3798
f 3817/7551/3799 3619/7550/3799 3617/7546/3797 3815/7547/3797
f 3814/7548/3798 3616/7549/3798 3618/7553/3800 3816/7552/3800
f 3819/7156/3603 3621/7157/3603 3619/7550/3799 3817/7551/3799
f 3816/7552/3800 3618/7553/3800 3620/7555/3606 3818/7554/3606
f 4051/7559/3802 3472/7558/3802 3474/7557/3801 4053/7556/3801
f 4053/7556/3801 3474/7557/3801 3476/7561/3803 4055/7560/3803
f 4055/7560/3803 3476/7561/3803 3478/7563/3804 4057/7562/3804
f 4057/7562/3804 3478/7563/3804 3480/7565/3805 4059/7564/3805
f 4059/7564/3805 3480/7565/3805 3482/7567/3806 4061/7566/3806
f 4061/7566/3806 3482/7567/3806 3484/7569/3807 4063/7568/3807
f 4063/7568/3807 3484/7569/3807 3486/7571/3808 4065/7570/3808
f 4065/7570/3808 3486/7571/3808 3488/7573/3809 4067/7572/3809
f 4067/7572/3809 3488/7573/3809 3490/7575/3810 4069/7574/3810
f 4069/7574/3810 3490/7575/3810 3492/7577/3811 4071/7576/3811
f 4071/7576/3811 3492/7577/3811 3494/7579/3812 4073/7578/3812
f 4073/7578/3812 3494/7579/3812 3496/7581/3813 4075/7580/3813
f 4075/7580/3813 3496/7581/3813 3498/7583/3814 4077/7582/3814
f 4077/7582/3814 3498/7583/3814 3500/7585/3815 4079/7584/3815
f 4079/7584/3815 3500/7585/3815 3502/7587/3816 4081/7586/3816
f 4081/7586/3816 3502/7587/3816 3504/7589/3817 4083/7588/3817
f 4083/7588/3817 3504/7589/3817 3506/7591/3818 4085/7590/3818
f 4085/7590/3818 3506/7591/3818 3508/7593/3819 4087/7592/3819
f 4087/7592/3819 3508/7593/3819 3510/7595/3820 4089/7594/3820
f 4089/7594/3820 3510/7595/3820 3512/7597/3821 4091/7596/3821
f 4091/7596/3821 3512/7597/3821 3514/7599/3822 4093/7598/3822
f 4093/7598/3822 3514/7599/3822 3516/7601/3823 4095/7600/3823
f 4095/7600/3823 3516/7601/3823 3518/7603/3824 4097/7602/3824
f 4097/7602/3824 3518/7603/3824 3520/7605/3825 4099/7604/3825
f 4099/7604/3825 3520/7605/3825 3522/7607/3826 4101/7606/3826
f 4101/7606/3826 3522/7607/3826 3524/7609/3827 4103/7608/3827
f 4103/7608/3827 3524/7609/3827 3526/7611/3828 4105/7610/3828
f 4105/7610/3828 3526/7611/3828 3528/7613/3829 4107/7612/3829
f 4107/7612/3829 3528/7613/3829 3530/7615/3830 4109/7614/3830
f 4109/7614/3830 3530/7615/3830 3532/7617/3831 4111/7616/3831
f 4111/7616/3831 3532/7617/3831 3534/7619/3832 4113/7618/3832
f 4113/7618/3832 3534/7619/3832 3536/7621/3833 4115/7620/3833
f 4115/7620/3833 3536/7621/3833 3538/7623/3834 4117/7622/3834
f 4117/7622/3834 3538/7623/3834 3540/7625/3835 4119/7624/3835
f 4119/7624/3835 3540/7625/3835 3542/7627/3836 4121/7626/3836
f 4121/7626/3836 3542/7627/3836 3544/7629/3837 4123/7628/3837
f 4123/7628/3837 3544/7629/3837 3546/7631/3838 4125/7630/3838
f 4125/7630/3838 3546/7631/3838 3548/7633/3839 4127/7632/3839
f 4127/7632/3839 3548/7633/3839 3550/7635/3840 4129/7634/3840
f 4129/7634/3840 3550/7635/3840 3552/7637/3841 4131/7636/3841
f 4131/7636/3841 3552/7637/3841 3554/7639/3842 4133/7638/3842
f 4133/7638/3842 3554/7639/3842 3654/7641/3843 4135/7640/3843
f 4135/7640/3843 3654/7641/3843 3652/7643/3844 4137/7642/3844
f 4137/7642/3844 3652/7643/3844 3650/7645/3845 4139/7644/3845
f 4139/7644/3845 3650/7645/3845 3648/7647/3846 4141/7646/3846
f 4141/7646/3846 3648/7647/3846 3646/7649/3847 4143/7648/3847
f 4143/7648/3847 3646/7649/3847 3644/7651/3848 4145/7650/3848
f 4145/7650/3848 3644/7651/3848 3642/7653/3849 4147/7652/3849
f 4147/7652/3849 3642/7653/3849 3640/7655/3850 4149/7654/3850
f 4149/7654/3850 3640/7655/3850 3638/7657/3851 4151/7656/3851
f 4151/7656/3851 3638/7657/3851 3636/7659/3852 4153/7658/3852
f 4153/7658/3852 3636/7659/3852 3634/7661/3853 4155/7660/3853
f 4155/7660/3853 3634/7661/3853 3632/7663/3854 4157/7662/3854
f 4157/7662/3854 3632/7663/3854 3630/7665/3855 4159/7664/3855
f 4159/7664/3855 3630/7665/3855 3628/7667/3856 4161/7666/3856
f 4161/7666/3856 3628/7667/3856 3626/7669/3857 4163/7668/3857
f 4163/7668/3857 3626/7669/3857 3624/7671/3858 4165/7670/3858
f 4165/7670/3858 3624/7671/3858 3622/7673/3859 4167/7672/3859
f 4167/7672/3859 3622/7673/3859 3620/7675/3860 4169/7674/3860
f 4169/7679/3860 3620/7678/3860 3618/7677/3861 4171/7676/3861
f 4171/7676/3861 3618/7677/3861 3616/7681/3862 4173/7680/3862
f 4173/7680/3862 3616/7681/3862 3614/7683/3863 4175/7682/3863
f 4175/7682/3863 3614/7683/3863 3612/7685/3864 4177/7684/3864
f 4177/7684/3864 3612/7685/3864 3610/7687/3865 4179/7686/3865
f 4179/7686/3865 3610/7687/3865 3608/7689/3866 4181/7688/3866
f 4181/7688/3866 3608/7689/3866 3606/7691/3867 4183/7690/3867
f 4183/7690/3867 3606/7691/3867 3604/7693/3868 4185/7692/3868
f 4185/7692/3868 3604/7693/3868 3602/7695/3869 4187/7694/3869
f 4187/7694/3869 3602/7695/3869 3600/7697/3870 4189/7696/3870
f 4189/7696/3870 3600/7697/3870 3598/7699/3871 4191/7698/3871
f 4191/7698/3871 3598/7699/3871 3596/7701/3872 4193/7700/3872
f 4193/7700/3872 3596/7701/3872 3594/7703/3873 4195/7702/3873
f 4195/7702/3873 3594/7703/3873 3592/7705/3874 4197/7704/3874
f 4197/7704/3874 3592/7705/3874 3590/7707/3875 4199/7706/3875
f 4199/7706/3875 3590/7707/3875 3588/7709/3876 4201/7708/3876
f 4201/7708/3876 3588/7709/3876 3586/7711/3877 4203/7710/3877
f 4203/7710/3877 3586/7711/3877 3584/7713/3878 4205/7712/3878
f 4205/7712/3878 3584/7713/3878 3582/7715/3879 4207/7714/3879
f 4207/7714/3879 3582/7715/3879 3580/7717/3880 4209/7716/3880
f 4209/7716/3880 3580/7717/3880 3578/7719/3881 4211/7718/3881
f 4211/7718/3881 3578/7719/3881 3576/7721/3882 4213/7720/3882
f 4213/7720/3882 3576/7721/3882 3574/7723/3883 4215/7722/3883
f 4215/7722/3883 3574/7723/3883 3572/7725/3884 4217/7724/3884
f 4217/7724/3884 3572/7725/3884 3570/7727/3885 4219/7726/3885
f 4219/7726/3885 3570/7727/3885 3568/7729/3886 4221/7728/3886
f 4221/7728/3886 3568/7729/3886 3566/7731/3887 4223/7730/3887
f 4223/7730/3887 3566/7731/3887 3564/7733/3888 4225/7732/3888
f 4225/7732/3888 3564/7733/3888 3562/7735/3889 4227/7734/3889
f 4227/7734/3889 3562/7735/3889 3560/7737/3890 4229/7736/3890
f 4229/7736/3890 3560/7737/3890 3558/7739/3891 4231/7738/3891
f 4231/7738/3891 3558/7739/3891 3556/7741/3892 4233/7740/3892
f 4233/7740/3892 3556/7741/3892 3458/7743/3893 4235/7742/3893
f 4235/7742/3893 3458/7743/3893 3460/7745/3894 4237/7744/3894
f 4237/7744/3894 3460/7745/3894 3462/7747/3895 4239/7746/3895
f 4239/7746/3895 3462/7747/3895 3464/7749/3896 4241/7748/3896
f 4241/7748/3896 3464/7749/3896 3466/7751/3897 4243/7750/3897
f 4243/7750/3897 3466/7751/3897 3468/7753/3898 4245/7752/3898
f 4245/7752/3898 3468/7753/3898 3470/7755/3899 4247/7754/3899
f 4247/7754/3899 3470/7755/3899 3472/7558/3802 4051/7559/3802
f 4049/7759/3901 4238/7758/3901 4240/7757/3900 4047/7756/3900
f 4047/7756/3900 4240/7757/3900 4242/7761/3902 4045/7760/3902
f 4045/7760/3902 4242/7761/3902 4244/7763/3903 4043/7762/3903
f 4043/7762/3903 4244/7763/3903 4246/7765/3904 4041/7764/3904
f 4041/7764/3904 4246/7765/3904 4248/7767/3905 4039/7766/3905
f 4039/7766/3905 4248/7767/3905 4052/7769/3906 4037/7768/3906
f 4037/7768/3906 4052/7769/3906 4054/7771/3907 4035/7770/3907
f 4035/7770/3907 4054/7771/3907 4056/7773/3908 4033/7772/3908
f 4033/7772/3908 4056/7773/3908 4058/7775/3909 4031/7774/3909
f 4031/7774/3909 4058/7775/3909 4060/7777/3910 4029/7776/3910
f 4029/7776/3910 4060/7777/3910 4062/7779/3911 4027/7778/3911
f 4027/7778/3911 4062/7779/3911 4064/7781/3912 4025/7780/3912
f 4025/7780/3912 4064/7781/3912 4066/7783/3913 4023/7782/3913
f 4023/7782/3913 4066/7783/3913 4068/7785/3914 4021/7784/3914
f 4021/7784/3914 4068/7785/3914 4070/7787/3915 4019/7786/3915
f 4019/7786/3915 4070/7787/3915 4072/7789/3916 4017/7788/3916
f 4017/7788/3916 4072/7789/3916 4074/7791/3917 4015/7790/3917
f 4015/7790/3917 4074/7791/3917 4076/7793/3918 4013/7792/3918
f 4013/7792/3918 4076/7793/3918 4078/7795/3919 4011/7794/3919
f 4011/7794/3919 4078/7795/3919 4080/7797/3920 4009/7796/3920
f 4009/7796/3920 4080/7797/3920 4082/7799/3921 4007/7798/3921
f 4007/7798/3921 4082/7799/3921 4084/7801/3922 4005/7800/3922
f 4005/7800/3922 4084/7801/3922 4086/7803/3923 4003/7802/3923
f 4003/7802/3923 4086/7803/3923 4088/7805/3924 4001/7804/3924
f 4001/7804/3924 4088/7805/3924 4090/7807/3925 3999/7806/3925
f 3999/7806/3925 4090/7807/3925 4092/7809/3926 3997/7808/3926
f 3997/7808/3926 4092/7809/3926 4094/7811/3927 3995/7810/3927
f 3995/7810/3927 4094/7811/3927 4096/7813/3928 3993/7812/3928
f 3993/7812/3928 4096/7813/3928 4098/7815/3929 3991/7814/3929
f 3991/7814/3929 4098/7815/3929 4100/7817/3930 3989/7816/3930
f 3989/7816/3930 4100/7817/3930 4102/7819/3931 3987/7818/3931
f 3987/7818/3931 4102/7819/3931 4104/7821/3932 3985/7820/3932
f 3985/7820/3932 4104/7821/3932 4106/7823/3933 3983/7822/3933
f 3983/7822/3933 4106/7823/3933 4108/7825/3934 3981/7824/3934
f 3981/7824/3934 4108/7825/3934 4110/7827/3935 3979/7826/3935
f 3979/7826/3935 4110/7827/3935 4112/7829/3936 3977/7828/3936
f 3977/7828/3936 4112/7829/3936 4114/7831/3937 3975/7830/3937
f 3975/7830/3937 4114/7831/3937 4116/7833/3938 3973/7832/3938
f 3973/7832/3938 4116/7833/3938 4118/7835/3939 3971/7834/3939
f 3971/7834/3939 4118/7835/3939 4120/7837/3940 3969/7836/3940
f 3969/7836/3940 4120/7837/3940 4122/7839/3941 3967/7838/3941
f 3967/7838/3941 4122/7839/3941 4124/7841/3942 3965/7840/3942
f 3965/7840/3942 4124/7841/3942 4126/7843/3943 3963/7842/3943
f 3963/7842/3943 4126/7843/3943 4128/7845/3944 3961/7844/3944
f 3961/7844/3944 4128/7845/3944 4130/7847/3945 3959/7846/3945
f 3959/7846/3945 4130/7847/3945 4132/7849/3946 3957/7848/3946
f 3957/7848/3946 4132/7849/3946 4134/7851/3947 3955/7850/3947
f 3955/7850/3947 4134/7851/3947 4136/7853/3948 3953/7852/3948
f 3953/7852/3948 4136/7853/3948 4138/7855/3949 3951/7854/3949
f 3951/7854/3949 4138/7855/3949 4140/7857/3950 3949/7856/3950
f 3949/7856/3950 4140/7857/3950 4142/7859/3951 3947/7858/3951
f 3947/7858/3951 4142/7859/3951 4144/7861/3952 3945/7860/3952
f 3945/7860/3952 4144/7861/3952 4146/7863/3953 3943/7862/3953
f 3943/7862/3953 4146/7863/3953 4148/7865/3954 3941/7864/3954
f 3941/7864/3954 4148/7865/3954 4150/7867/3955 3939/7866/3955
f 3939/7866/3955 4150/7867/3955 4152/7869/3956 3937/7868/3956
f 3937/7868/3956 4152/7869/3956 4154/7871/3957 3935/7870/3957
f 3935/7870/3957 4154/7871/3957 4156/7873/3958 3933/7872/3958
f 3933/7872/3958 4156/7873/3958 4158/7875/3959 3931/7874/3959
f 3931/7874/3959 4158/7875/3959 4160/7877/3960 3929/7876/3960
f 3929/7876/3960 4160/7877/3960 4162/7879/3961 3927/7878/3961
f 3927/7878/3961 4162/7879/3961 4164/7881/3962 3925/7880/3962
f 3925/7880/3962 4164/7881/3962 4166/7883/3963 3923/7882/3963
f 3923/7882/3963 4166/7883/3963 4168/7885/3964 3921/7884/3964
f 3921/7884/3964 4168/7885/3964 4170/7887/3965 3919/7886/3965
f 3919/7891/3965 4170/7890/3965 4172/7889/3966 3917/7888/3966
f 3917/7888/3966 4172/7889/3966 4174/7893/3967 3915/7892/3967
f 3915/7892/3967 4174/7893/3967 4176/7895/3968 3913/7894/3968
f 3913/7894/3968 4176/7895/3968 4178/7897/3969 3911/7896/3969
f 3911/7896/3969 4178/7897/3969 4180/7899/3970 3909/7898/3970
f 3909/7898/3970 4180/7899/3970 4182/7901/3971 3907/7900/3971
f 3907/7900/3971 4182/7901/3971 4184/7903/3972 3905/7902/3972
f 3905/7902/3972 4184/7903/3972 4186/7905/3973 3903/7904/3973
f 3903/7904/3973 4186/7905/3973 4188/7907/3974 3901/7906/3974
f 3901/7906/3974 4188/7907/3974 4190/7909/3975 3899/7908/3975
f 3899/7908/3975 4190/7909/3975 4192/7911/3976 3897/7910/3976
f 3897/7910/3976 4192/7911/3976 4194/7913/3977 3895/7912/3977
f 3895/7912/3977 4194/7913/3977 4196/7915/3978 3893/7914/3978
f 3893/7914/3978 4196/7915/3978 4198/7917/3979 3891/7916/3979
f 3891/7916/3979 4198/7917/3979 4200/7919/3980 3889/7918/3980
f 3889/7918/3980 4200/7919/3980 4202/7921/3981 3887/7920/3981
f 3887/7920/3981 4202/7921/3981 4204/7923/3982 3885/7922/3982
f 3885/7922/3982 4204/7923/3982 4206/7925/3983 3883/7924/3983
f 3883/7924/3983 4206/7925/3983 4208/7927/3984 3881/7926/3984
f 3881/7926/3984 4208/7927/3984 4210/7929/3985 3879/7928/3985
f 3879/7928/3985 4210/7929/3985 4212/7931/3986 3877/7930/3986
f 3877/7930/3986 4212/7931/3986 4214/7933/3987 3875/7932/3987
f 3875/7932/3987 4214/7933/3987 4216/7935/3988 3873/7934/3988
f 3873/7934/3988 4216/7935/3988 4218/7937/3989 3871/7936/3989
f 3871/7936/3989 4218/7937/3989 4220/7939/3990 3869/7938/3990
f 3869/7938/3990 4220/7939/3990 4222/7941/3991 3867/7940/3991
f 3867/7940/3991 4222/7941/3991 4224/7943/3992 3865/7942/3992
f 3865/7942/3992 4224/7943/3992 4226/7945/3993 3863/7944/3993
f 3863/7944/3993 4226/7945/3993 4228/7947/3994 3861/7946/3994
f 3861/7946/3994 4228/7947/3994 4230/7949/3995 3859/7948/3995
f 3859/7948/3995 4230/7949/3995 4232/7951/3996 3857/7950/3996
f 3857/7950/3996 4232/7951/3996 4234/7953/3997 3855/7952/3997
f 3855/7952/3997 4234/7953/3997 4236/7955/3998 3853/7954/3998
f 3853/7954/3998 4236/7955/3998 4238/7758/3901 4049/7759/3901
f 4316/7959/3999 4318/7958/4000 4317/7957/4000 4315/7956/3999
f 4318/7958/4000 4320/7961/4001 4319/7960/4001 4317/7957/4000
f 4320/7961/4001 4322/7963/4002 4321/7962/4002 4319/7960/4001
f 4322/7963/4002 4324/7965/4003 4323/7964/4003 4321/7962/4002
f 4324/7965/4003 4326/7967/4004 4325/7966/4004 4323/7964/4003
f 4326/7967/4004 4328/7969/4005 4327/7968/4005 4325/7966/4004
f 4328/7969/4005 4330/7971/4006 4329/7970/4006 4327/7968/4005
f 4330/7971/4006 4332/7973/4007 4331/7972/4007 4329/7970/4006
f 4332/7973/4007 4334/7975/4008 4333/7974/4008 4331/7972/4007
f 4334/7975/4008 4336/7977/4009 4335/7976/4009 4333/7974/4008
f 4336/7977/4009 4338/7979/4010 4337/7978/4010 4335/7976/4009
f 4338/7979/4010 4340/7981/4011 4339/7980/4011 4337/7978/4010
f 4340/7981/4011 4342/7983/4012 4341/7982/4012 4339/7980/4011
f 4342/7983/4012 4344/7985/4013 4343/7984/4013 4341/7982/4012
f 4344/7985/4013 4346/7987/4014 4345/7986/4014 4343/7984/4013
f 4346/7987/4014 4348/7989/4015 4347/7988/4015 4345/7986/4014
f 4348/7989/4015 4350/7991/4016 4349/7990/4016 4347/7988/4015
f 4350/7991/4016 4352/7993/4017 4351/7992/4017 4349/7990/4016
f 4352/7993/4017 4354/7995/4018 4353/7994/4018 4351/7992/4017
f 4354/7995/4018 4356/7997/4019 4355/7996/4019 4353/7994/4018
f 4356/7997/4019 4358/7999/4020 4357/7998/4020 4355/7996/4019
f 4358/7999/4020 4360/8001/4021 4359/8000/4021 4357/7998/4020
f 4360/8001/4021 4362/8003/4022 4361/8002/4022 4359/8000/4021
f 4362/8003/4022 4364/8005/4023 4363/8004/4023 4361/8002/4022
f 4364/8005/4023 4366/8007/4024 4365/8006/4024 4363/8004/4023
f 4366/8007/4024 4368/8009/4025 4367/8008/4025 4365/8006/4024
f 4368/8009/4025 4370/8011/4026 4369/8010/4026 4367/8008/4025
f 4370/8011/4026 4372/8013/4027 4371/8012/4027 4369/8010/4026
f 4372/8013/4027 4374/8015/4028 4373/8014/4028 4371/8012/4027
f 4374/8015/4028 4376/8017/4029 4375/8016/4029 4373/8014/4028
f 4376/8017/4029 4378/8019/4030 4377/8018/4030 4375/8016/4029
f 4378/8019/4030 4380/8021/4031 4379/8020/4031 4377/8018/4030
f 4380/8021/4031 4382/8023/4032 4381/8022/4032 4379/8020/4031
f 4382/8023/4032 4384/8025/4033 4383/8024/4033 4381/8022/4032
f 4384/8025/4033 4386/8027/4034 4385/8026/4034 4383/8024/4033
f 4386/8027/4034 4388/8029/4035 4387/8028/4035 4385/8026/4034
f 4388/8029/4035 4390/8031/4036 4389/8030/4036 4387/8028/4035
f 4390/8031/4036 4392/8033/4037 4391/8032/4037 4389/8030/4036
f 4392/8033/4037 4394/8035/4038 4393/8034/4038 4391/8032/4037
f 4394/8035/4038 4396/8037/4039 4395/8036/4039 4393/8034/4038
f 4396/8037/4039 4398/8039/4040 4397/8038/4040 4395/8036/4039
f 4398/8039/4040 4400/8041/4041 4399/8040/4041 4397/8038/4040
f 4400/8041/4041 4402/8043/4042 4401/8042/4042 4399/8040/4041
f 4402/8043/4042 4404/8045/4043 4403/8044/4043 4401/8042/4042
f 4404/8045/4043 4406/8047/4044 4405/8046/4044 4403/8044/4043
f 4406/8047/4044 4408/8049/4045 4407/8048/4045 4405/8046/4044
f 4408/8049/4045 4410/8051/4046 4409/8050/4046 4407/8048/4045
f 4410/8051/4046 4412/8053/4047 4411/8052/4047 4409/8050/4046
f 4412/8053/4047 4414/8055/4048 4413/8054/4048 4411/8052/4047
f 4414/8055/4048 4416/8057/4049 4415/8056/4049 4413/8054/4048
f 4416/8057/4049 4418/8059/4050 4417/8058/4050 4415/8056/4049
f 4418/8059/4050 4420/8061/4051 4419/8060/4051 4417/8058/4050
f 4420/8061/4051 4422/8063/4052 4421/8062/4052 4419/8060/4051
f 4422/8063/4052 4424/8065/4053 4423/8064/4053 4421/8062/4052
f 4424/8065/4053 4426/8067/4054 4425/8066/4054 4423/8064/4053
f 4426/8067/4054 4428/8069/4055 4427/8068/4055 4425/8066/4054
f 4428/8069/4055 4430/8071/4056 4429/8070/4056 4427/8068/4055
f 4430/8071/4056 4432/8073/4057 4431/8072/4057 4429/8070/4056
f 4432/8073/4057 4434/8075/4058 4433/8074/4058 4431/8072/4057
f 4434/8075/4058 4436/8077/4059 4435/8076/4059 4433/8074/4058
f 4436/8077/4059 4438/8079/4060 4437/8078/4060 4435/8076/4059
f 4438/8079/4060 4440/8081/4061 4439/8080/4061 4437/8078/4060
f 4440/8081/4061 4442/8083/4062 4441/8082/4062 4439/8080/4061
f 4442/8083/4062 4444/8085/4063 4443/8084/4063 4441/8082/4062
f 4444/8085/4063 4446/8087/4064 4445/8086/4064 4443/8084/4063
f 4446/8087/4064 4250/8089/4065 4249/8088/4065 4445/8086/4064
f 4250/8089/4065 4252/8091/4066 4251/8090/4066 4249/8088/4065
f 4252/8091/4066 4254/8093/4067 4253/8092/4067 4251/8090/4066
f 4254/8093/4067 4256/8095/4068 4255/8094/4068 4253/8092/4067
f 4256/8095/4068 4258/8097/4069 4257/8096/4069 4255/8094/4068
f 4258/8097/4069 4260/8099/4070 4259/8098/4070 4257/8096/4069
f 4260/8099/4070 4262/8101/4071 4261/8100/4071 4259/8098/4070
f 4262/8101/4071 4264/8103/4072 4263/8102/4072 4261/8100/4071
f 4264/8103/4072 4266/8105/4073 4265/8104/4073 4263/8102/4072
f 4266/8105/4073 4268/8107/4074 4267/8106/4074 4265/8104/4073
f 4268/8107/4074 4270/8109/4075 4269/8108/4075 4267/8106/4074
f 4270/8109/4075 4272/8111/4076 4271/8110/4076 4269/8108/4075
f 4272/8111/4076 4274/8113/4077 4273/8112/4077 4271/8110/4076
f 4274/8113/4077 4276/8115/4078 4275/8114/4078 4273/8112/4077
f 4276/8115/4078 4278/8117/4079 4277/8116/4079 4275/8114/4078
f 4278/8117/4079 4280/8119/4080 4279/8118/4080 4277/8116/4079
f 4280/8119/4080 4282/8121/4081 4281/8120/4081 4279/8118/4080
f 4282/8121/4081 4284/8123/4082 4283/8122/4082 4281/8120/4081
f 4284/8123/4082 4286/8125/4083 4285/8124/4083 4283/8122/4082
f 4286/8125/4083 4288/8127/4084 4287/8126/4084 4285/8124/4083
f 4288/8127/4084 4290/8129/4085 4289/8128/4085 4287/8126/4084
f 4290/8129/4085 4292/8131/4086 4291/8130/4086 4289/8128/4085
f 4292/8131/4086 4294/8133/4087 4293/8132/4087 4291/8130/4086
f 4294/8133/4087 4296/8135/4088 4295/8134/4088 4293/8132/4087
f 4296/8135/4088 4298/8137/4089 4297/8136/4089 4295/8134/4088
f 4298/8137/4089 4300/8139/4090 4299/8138/4090 4297/8136/4089
f 4300/8139/4090 4302/8141/4091 4301/8140/4091 4299/8138/4090
f 4302/8141/4091 4304/8143/4092 4303/8142/4092 4301/8140/4091
f 4304/8143/4092 4306/8145/4093 4305/8144/4093 4303/8142/4092
f 4306/8145/4093 4308/8147/4094 4307/8146/4094 4305/8144/4093
f 4308/8147/4094 4310/8149/4095 4309/8148/4095 4307/8146/4094
f 4310/8149/4095 4312/8151/4096 4311/8150/4096 4309/8148/4095
f 4312/8151/4096 4314/8153/4097 4313/8152/4097 4311/8150/4096
f 4314/8153/4097 4316/8155/3999 4315/8154/3999 4313/8152/4097
f 4447/8159/4098 4449/8158/4099 4450/8157/4099 4448/8156/4098
f 4449/8158/4099 4451/8161/4100 4452/8160/4100 4450/8157/4099
f 4451/8161/4100 4453/8163/4101 4454/8162/4101 4452/8160/4100
f 4453/8163/4101 4455/8165/4102 4456/8164/4102 4454/8162/4101
f 4455/8165/4102 4457/8167/4103 4458/8166/4103 4456/8164/4102
f 4457/8167/4103 4459/8169/4104 4460/8168/4104 4458/8166/4103
f 4459/8169/4104 4461/8171/4105 4462/8170/4105 4460/8168/4104
f 4461/8171/4105 4463/8173/4106 4464/8172/4106 4462/8170/4105
f 4463/8173/4106 4465/8175/4107 4466/8174/4107 4464/8172/4106
f 4465/8175/4107 4467/8177/4108 4468/8176/4108 4466/8174/4107
f 4467/8177/4108 4469/8179/4109 4470/8178/4109 4468/8176/4108
f 4469/8179/4109 4471/8181/4110 4472/8180/4110 4470/8178/4109
f 4471/8181/4110 4473/8183/4111 4474/8182/4111 4472/8180/4110
f 4473/8183/4111 4475/8185/4112 4476/8184/4112 4474/8182/4111
f 4475/8185/4112 4477/8187/4113 4478/8186/4113 4476/8184/4112
f 4477/8187/4113 4479/8189/4114 4480/8188/4114 4478/8186/4113
f 4479/8189/4114 4481/8191/4115 4482/8190/4115 4480/8188/4114
f 4481/8191/4115 4483/8193/4116 4484/8192/4116 4482/8190/4115
f 4483/8193/4116 4485/8195/4117 4486/8194/4117 4484/8192/4116
f 4485/8195/4117 4487/8197/4118 4488/8196/4118 4486/8194/4117
f 4487/8197/4118 4489/8199/4119 4490/8198/4119 4488/8196/4118
f 4489/8199/4119 4491/8201/4120 4492/8200/4120 4490/8198/4119
f 4491/8201/4120 4493/8203/4121 4494/8202/4121 4492/8200/4120
f 4493/8203/4121 4495/8205/4122 4496/8204/4122 4494/8202/4121
f 4495/8205/4122 4497/8207/4123 4498/8206/4123 4496/8204/4122
f 4497/8207/4123 4499/8209/4124 4500/8208/4124 4498/8206/4123
f 4499/8209/4124 4501/8211/4125 4502/8210/4125 4500/8208/4124
f 4501/8211/4125 4503/8213/4126 4504/8212/4126 4502/8210/4125
f 4503/8213/4126 4505/8215/4127 4506/8214/4127 4504/8212/4126
f 4505/8215/4127 4507/8217/4128 4508/8216/4128 4506/8214/4127
f 4507/8217/4128 4509/8219/4129 4510/8218/4129 4508/8216/4128
f 4509/8219/4129 4511/8221/4130 4512/8220/4130 4510/8218/4129
f 4511/8221/4130 4513/8223/4131 4514/8222/4131 4512/8220/4130
f 4513/8223/4131 4515/8225/4132 4516/8224/4132 4514/8222/4131
f 4515/8225/4132 4517/8227/4133 4518/8226/4133 4516/8224/4132
f 4517/8227/4133 4519/8229/4134 4520/8228/4134 4518/8226/4133
f 4519/8229/4134 4521/8231/4135 4522/8230/4135 4520/8228/4134
f 4521/8231/4135 4523/8233/4136 4524/8232/4136 4522/8230/4135
f 4523/8233/4136 4525/8235/4137 4526/8234/4137 4524/8232/4136
f 4525/8235/4137 4527/8237/4138 4528/8236/4138 4526/8234/4137
f 4527/8237/4138 4529/8239/4139 4530/8238/4139 4528/8236/4138
f 4529/8239/4139 4531/8241/4140 4532/8240/4140 4530/8238/4139
f 4531/8241/4140 4533/8243/4141 4534/8242/4141 4532/8240/4140
f 4533/8243/4141 4535/8245/4142 4536/8244/4142 4534/8242/4141
f 4535/8245/4142 4537/8247/4143 4538/8246/4143 4536/8244/4142
f 4537/8247/4143 4539/8249/4144 4540/8248/4144 4538/8246/4143
f 4539/8249/4144 4541/8251/4145 4542/8250/4145 4540/8248/4144
f 4541/8251/4145 4543/8253/4146 4544/8252/4146 4542/8250/4145
f 4543/8253/4146 4545/8255/4147 4546/8254/4147 4544/8252/4146
f 4545/8255/4147 4547/8257/4148 4548/8256/4148 4546/8254/4147
f 4547/8257/4148 4549/8259/4149 4550/8258/4149 4548/8256/4148
f 4549/8259/4149 4551/8261/4150 4552/8260/4150 4550/8258/4149
f 4551/8261/4150 4553/8263/4151 4554/8262/4151 4552/8260/4150
f 4553/8263/4151 4555/8265/4152 4556/8264/4152 4554/8262/4151
f 4555/8265/4152 4557/8267/4153 4558/8266/4153 4556/8264/4152
f 4557/8267/4153 4559/8269/4154 4560/8268/4154 4558/8266/4153
f 4559/8269/4154 4561/8271/4155 4562/8270/4155 4560/8268/4154
f 4561/8271/4155 4563/8273/4156 4564/8272/4156 4562/8270/4155
f 4563/8273/4156 4565/8275/4157 4566/8274/4157 4564/8272/4156
f 4565/8275/4157 4567/8277/4158 4568/8276/4158 4566/8274/4157
f 4567/8277/4158 4569/8279/4159 4570/8278/4159 4568/8276/4158
f 4569/8279/4159 4571/8281/4160 4572/8280/4160 4570/8278/4159
f 4571/8281/4160 4573/8283/4161 4574/8282/4161 4572/8280/4160
f 4573/8283/4161 4575/8285/4162 4576/8284/4162 4574/8282/4161
f 4575/8285/4162 4577/8287/4163 4578/8286/4163 4576/8284/4162
f 4577/8287/4163 4579/8289/4164 4580/8288/4164 4578/8286/4163
f 4579/8289/4164 4581/8291/4165 4582/8290/4165 4580/8288/4164
f 4581/8291/4165 4583/8293/4166 4584/8292/4166 4582/8290/4165
f 4583/8293/4166 4585/8295/4167 4586/8294/4167 4584/8292/4166
f 4585/8295/4167 4587/8297/4168 4588/8296/4168 4586/8294/4167
f 4587/8297/4168 4589/8299/4169 4590/8298/4169 4588/8296/4168
f 4589/8299/4169 4591/8301/4170 4592/8300/4170 4590/8298/4169
f 4591/8301/4170 4593/8303/4171 4594/8302/4171 4592/8300/4170
f 4593/8303/4171 4595/8305/4172 4596/8304/4172 4594/8302/4171
f 4595/8305/4172 4597/8307/4173 4598/8306/4173 4596/8304/4172
f 4597/8307/4173 4599/8309/4174 4600/8308/4174 4598/8306/4173
f 4599/8309/4174 4601/8311/4175 4602/8310/4175 4600/8308/4174
f 4601/8311/4175 4603/8313/4176 4604/8312/4176 4602/8310/4175
f 4603/8313/4176 4605/8315/4177 4606/8314/4177 4604/8312/4176
f 4605/8315/4177 4607/8317/4178 4608/8316/4178 4606/8314/4177
f 4607/8317/4178 4609/8319/4179 4610/8318/4179 4608/8316/4178
f 4609/8319/4179 4611/8321/4180 4612/8320/4180 4610/8318/4179
f 4611/8321/4180 4613/8323/4181 4614/8322/4181 4612/8320/4180
f 4613/8323/4181 4615/8325/4182 4616/8324/4182 4614/8322/4181
f 4615/8325/4182 4617/8327/4183 4618/8326/4183 4616/8324/4182
f 4617/8327/4183 4619/8329/4184 4620/8328/4184 4618/8326/4183
f 4619/8329/4184 4621/8331/4185 4622/8330/4185 4620/8328/4184
f 4621/8331/4185 4623/8333/4186 4624/8332/4186 4622/8330/4185
f 4623/8333/4186 4625/8335/4187 4626/8334/4187 4624/8332/4186
f 4625/8335/4187 4627/8337/4188 4628/8336/4188 4626/8334/4187
f 4627/8337/4188 4629/8339/4189 4630/8338/4189 4628/8336/4188
f 4629/8339/4189 4631/8341/4190 4632/8340/4190 4630/8338/4189
f 4631/8341/4190 4633/8343/4191 4634/8342/4191 4632/8340/4190
f 4633/8343/4191 4635/8345/4192 4636/8344/4192 4634/8342/4191
f 4635/8345/4192 4637/8347/4193 4638/8346/4193 4636/8344/4192
f 4637/8347/4193 4639/8349/4194 4640/8348/4194 4638/8346/4193
f 4639/8349/4194 4641/8351/4195 4642/8350/4195 4640/8348/4194
f 4641/8351/4195 4643/8353/4196 89/8352/4196 4642/8350/4195
f 4643/8353/4196 4447/8355/4098 4448/8354/4098 89/8352/4196
f 4317/8359/4198 3921/8358/4198 3919/8357/4197 4315/8356/4197
f 4316/8363/4200 3920/8362/4200 3922/8361/4199 4318/8360/4199
f 4319/8367/4201 3923/8366/4201 3921/8365/4198 4317/8364/4198
f 4318/8360/4199 3922/8361/4199 3924/8369/4202 4320/8368/4202
f 4321/8371/4203 3925/8370/4203 3923/8366/4201 4319/8367/4201
f 4320/8368/4202 3924/8369/4202 3926/8373/4204 4322/8372/4204
f 4323/8375/4205 3927/8374/4205 3925/8370/4203 4321/8371/4203
f 4322/8372/4204 3926/8373/4204 3928/8377/4206 4324/8376/4206
f 4325/8379/4207 3929/8378/4207 3927/8374/4205 4323/8375/4205
f 4324/8376/4206 3928/8377/4206 3930/8381/4208 4326/8380/4208
f 4327/8383/4209 3931/8382/4209 3929/8378/4207 4325/8379/4207
f 4326/8380/4208 3930/8381/4208 3932/8385/4210 4328/8384/4210
f 4329/8387/4211 3933/8386/4211 3931/8382/4209 4327/8383/4209
f 4328/8384/4210 3932/8385/4210 3934/8389/4212 4330/8388/4212
f 4331/8391/4213 3935/8390/4213 3933/8386/4211 4329/8387/4211
f 4330/8388/4212 3934/8389/4212 3936/8393/4214 4332/8392/4214
f 4333/8395/4215 3937/8394/4215 3935/8390/4213 4331/8391/4213
f 4332/8392/4214 3936/8393/4214 3938/8397/4216 4334/8396/4216
f 4335/8399/4217 3939/8398/4217 3937/8394/4215 4333/8395/4215
f 4334/8396/4216 3938/8397/4216 3940/8401/4218 4336/8400/4218
f 4337/8403/4219 3941/8402/4219 3939/8398/4217 4335/8399/4217
f 4336/8400/4218 3940/8401/4218 3942/8405/4220 4338/8404/4220
f 4339/8407/4221 3943/8406/4221 3941/8402/4219 4337/8403/4219
f 4338/8404/4220 3942/8405/4220 3944/8409/4222 4340/8408/4222
f 4341/8411/4223 3945/8410/4223 3943/8406/4221 4339/8407/4221
f 4340/8408/4222 3944/8409/4222 3946/8413/4224 4342/8412/4224
f 4343/8415/4225 3947/8414/4225 3945/8410/4223 4341/8411/4223
f 4342/8412/4224 3946/8413/4224 3948/8417/4226 4344/8416/4226
f 4345/8419/4227 3949/8418/4227 3947/8414/4225 4343/8415/4225
f 4344/8416/4226 3948/8417/4226 3950/8421/4228 4346/8420/4228
f 4347/8423/4229 3951/8422/4229 3949/8418/4227 4345/8419/4227
f 4346/8420/4228 3950/8421/4228 3952/8425/4230 4348/8424/4230
f 4349/8427/4231 3953/8426/4231 3951/8422/4229 4347/8423/4229
f 4348/8424/4230 3952/8425/4230 3954/8429/4232 4350/8428/4232
f 4351/8431/4233 3955/8430/4233 3953/8426/4231 4349/8427/4231
f 4350/8428/4232 3954/8429/4232 3956/8433/4234 4352/8432/4234
f 4353/8435/4235 3957/8434/4235 3955/8430/4233 4351/8431/4233
f 4352/8432/4234 3956/8433/4234 3958/8437/4236 4354/8436/4236
f 4355/8439/4237 3959/8438/4237 3957/8434/4235 4353/8435/4235
f 4354/8436/4236 3958/8437/4236 3960/8441/4238 4356/8440/4238
f 4357/8443/4239 3961/8442/4239 3959/8438/4237 4355/8439/4237
f 4356/8440/4238 3960/8441/4238 3962/8445/4240 4358/8444/4240
f 4359/8447/4241 3963/8446/4241 3961/8442/4239 4357/8443/4239
f 4358/8444/4240 3962/8445/4240 3964/8449/4242 4360/8448/4242
f 4361/8451/4243 3965/8450/4243 3963/8446/4241 4359/8447/4241
f 4360/8448/4242 3964/8449/4242 3966/8453/4244 4362/8452/4244
f 4363/8455/4245 3967/8454/4245 3965/8450/4243 4361/8451/4243
f 4362/8452/4244 3966/8453/4244 3968/8457/4246 4364/8456/4246
f 4365/8459/4247 3969/8458/4247 3967/8454/4245 4363/8455/4245
f 4364/8456/4246 3968/8457/4246 3970/8461/4248 4366/8460/4248
f 4367/8463/4249 3971/8462/4249 3969/8458/4247 4365/8459/4247
f 4366/8460/4248 3970/8461/4248 3972/8465/4250 4368/8464/4250
f 4369/8467/4251 3973/8466/4251 3971/8462/4249 4367/8463/4249
f 4368/8464/4250 3972/8465/4250 3974/8469/4252 4370/8468/4252
f 4371/8471/4253 3975/8470/4253 3973/8466/4251 4369/8467/4251
f 4370/8468/4252 3974/8469/4252 3976/8473/4254 4372/8472/4254
f 4373/8475/4255 3977/8474/4255 3975/8470/4253 4371/8471/4253
f 4372/8472/4254 3976/8473/4254 3978/8477/4256 4374/8476/4256
f 4375/8479/4257 3979/8478/4257 3977/8474/4255 4373/8475/4255
f 4374/8476/4256 3978/8477/4256 3980/8481/4258 4376/8480/4258
f 4377/8483/4259 3981/8482/4259 3979/8478/4257 4375/8479/4257
f 4376/8480/4258 3980/8481/4258 3982/8485/4260 4378/8484/4260
f 4379/8487/4261 3983/8486/4261 3981/8482/4259 4377/8483/4259
f 4378/8484/4260 3982/8485/4260 3984/8489/4262 4380/8488/4262
f 4381/8491/4263 3985/8490/4263 3983/8486/4261 4379/8487/4261
f 4380/8488/4262 3984/8489/4262 3986/8493/4264 4382/8492/4264
f 4383/8495/4265 3987/8494/4265 3985/8490/4263 4381/8491/4263
f 4382/8492/4264 3986/8493/4264 3988/8497/4266 4384/8496/4266
f 4385/8499/4267 3989/8498/4267 3987/8494/4265 4383/8495/4265
f 4384/8496/4266 3988/8497/4266 3990/8501/4268 4386/8500/4268
f 4387/8503/4269 3991/8502/4269 3989/8498/4267 4385/8499/4267
f 4386/8500/4268 3990/8501/4268 3992/8505/4270 4388/8504/4270
f 4389/8507/4271 3993/8506/4271 3991/8502/4269 4387/8503/4269
f 4388/8504/4270 3992/8505/4270 3994/8509/4272 4390/8508/4272
f 4391/8511/4273 3995/8510/4273 3993/8506/4271 4389/8507/4271
f 4390/8508/4272 3994/8509/4272 3996/8513/4274 4392/8512/4274
f 4393/8515/4275 3997/8514/4275 3995/8510/4273 4391/8511/4273
f 4392/8512/4274 3996/8513/4274 3998/8517/4276 4394/8516/4276
f 4395/8519/4277 3999/8518/4277 3997/8514/4275 4393/8515/4275
f 4394/8516/4276 3998/8517/4276 4000/8521/4278 4396/8520/4278
f 4397/8523/4279 4001/8522/4279 3999/8518/4277 4395/8519/4277
f 4396/8520/4278 4000/8521/4278 4002/8525/4280 4398/8524/4280
f 4399/8527/4281 4003/8526/4281 4001/8522/4279 4397/8523/4279
f 4398/8524/4280 4002/8525/4280 4004/8529/4282 4400/8528/4282
f 4401/8531/4283 4005/8530/4283 4003/8526/4281 4399/8527/4281
f 4400/8528/4282 4004/8529/4282 4006/8533/4284 4402/8532/4284
f 4403/8535/4285 4007/8534/4285 4005/8530/4283 4401/8531/4283
f 4402/8532/4284 4006/8533/4284 4008/8537/4286 4404/8536/4286
f 4405/8539/4287 4009/8538/4287 4007/8534/4285 4403/8535/4285
f 4404/8536/4286 4008/8537/4286 4010/8541/4288 4406/8540/4288
f 4407/8543/4289 4011/8542/4289 4009/8538/4287 4405/8539/4287
f 4406/8540/4288 4010/8541/4288 4012/8545/4290 4408/8544/4290
f 4409/8547/4291 4013/8546/4291 4011/8542/4289 4407/8543/4289
f 4408/8544/4290 4012/8545/4290 4014/8549/4292 4410/8548/4292
f 4411/8551/4293 4015/8550/4293 4013/8546/4291 4409/8547/4291
f 4410/8548/4292 4014/8549/4292 4016/8553/4294 4412/8552/4294
f 4413/8555/4295 4017/8554/4295 4015/8550/4293 4411/8551/4293
f 4412/8552/4294 4016/8553/4294 4018/8557/4296 4414/8556/4296
f 4415/8559/4297 4019/8558/4297 4017/8554/4295 4413/8555/4295
f 4414/8556/4296 4018/8557/4296 4020/8561/4298 4416/8560/4298
f 4417/8563/4299 4021/8562/4299 4019/8558/4297 4415/8559/4297
f 4416/8560/4298 4020/8561/4298 4022/8565/4300 4418/8564/4300
f 4419/8567/4301 4023/8566/4301 4021/8562/4299 4417/8563/4299
f 4418/8564/4300 4022/8565/4300 4024/8569/4302 4420/8568/4302
f 4421/8571/4303 4025/8570/4303 4023/8566/4301 4419/8567/4301
f 4420/8568/4302 4024/8569/4302 4026/8573/4304 4422/8572/4304
f 4423/8575/4305 4027/8574/4305 4025/8570/4303 4421/8571/4303
f 4422/8572/4304 4026/8573/4304 4028/8577/4306 4424/8576/4306
f 4425/8579/4307 4029/8578/4307 4027/8574/4305 4423/8575/4305
f 4424/8576/4306 4028/8577/4306 4030/8581/4308 4426/8580/4308
f 4427/8583/4309 4031/8582/4309 4029/8578/4307 4425/8579/4307
f 4426/8580/4308 4030/8581/4308 4032/8585/4310 4428/8584/4310
f 4429/8587/4311 4033/8586/4311 4031/8582/4309 4427/8583/4309
f 4428/8584/4310 4032/8585/4310 4034/8589/4312 4430/8588/4312
f 4431/8591/4313 4035/8590/4313 4033/8586/4311 4429/8587/4311
f 4430/8588/4312 4034/8589/4312 4036/8593/4314 4432/8592/4314
f 4433/8595/4315 4037/8594/4315 4035/8590/4313 4431/8591/4313
f 4432/8592/4314 4036/8593/4314 4038/8597/4316 4434/8596/4316
f 4435/8599/4317 4039/8598/4317 4037/8594/4315 4433/8595/4315
f 4434/8596/4316 4038/8597/4316 4040/8601/4318 4436/8600/4318
f 4437/8603/4319 4041/8602/4319 4039/8598/4317 4435/8599/4317
f 4436/8600/4318 4040/8601/4318 4042/8605/4320 4438/8604/4320
f 4439/8607/4321 4043/8606/4321 4041/8602/4319 4437/8603/4319
f 4438/8604/4320 4042/8605/4320 4044/8609/4322 4440/8608/4322
f 4441/8611/4323 4045/8610/4323 4043/8606/4321 4439/8607/4321
f 4440/8608/4322 4044/8609/4322 4046/8613/4324 4442/8612/4324
f 4443/8615/4325 4047/8614/4325 4045/8610/4323 4441/8611/4323
f 4442/8612/4324 4046/8613/4324 4048/8617/4326 4444/8616/4326
f 4445/8619/4327 4049/8618/4327 4047/8614/4325 4443/8615/4325
f 4444/8616/4326 4048/8617/4326 4050/8621/4328 4446/8620/4328
f 4249/8623/4329 3853/8622/4329 4049/8618/4327 4445/8619/4327
f 4446/8620/4328 4050/8621/4328 3854/8625/4330 4250/8624/4330
f 4251/8627/4331 3855/8626/4331 3853/8622/4329 4249/8623/4329
f 4250/8624/4330 3854/8625/4330 3856/8629/4332 4252/8628/4332
f 4253/8631/4333 3857/8630/4333 3855/8626/4331 4251/8627/4331
f 4252/8628/4332 3856/8629/4332 3858/8633/4334 4254/8632/4334
f 4255/8635/4335 3859/8634/4335 3857/8630/4333 4253/8631/4333
f 4254/8632/4334 3858/8633/4334 3860/8637/4336 4256/8636/4336
f 4257/8639/4337 3861/8638/4337 3859/8634/4335 4255/8635/4335
f 4256/8636/4336 3860/8637/4336 3862/8641/4338 4258/8640/4338
f 4259/8643/4339 3863/8642/4339 3861/8638/4337 4257/8639/4337
f 4258/8640/4338 3862/8641/4338 3864/8645/4340 4260/8644/4340
f 4261/8647/4341 3865/8646/4341 3863/8642/4339 4259/8643/4339
f 4260/8644/4340 3864/8645/4340 3866/8649/4342 4262/8648/4342
f 4263/8651/4343 3867/8650/4343 3865/8646/4341 4261/8647/4341
f 4262/8648/4342 3866/8649/4342 3868/8653/4344 4264/8652/4344
f 4265/8655/4345 3869/8654/4345 3867/8650/4343 4263/8651/4343
f 4264/8652/4344 3868/8653/4344 3870/8657/4346 4266/8656/4346
f 4267/8659/4347 3871/8658/4347 3869/8654/4345 4265/8655/4345
f 4266/8656/4346 3870/8657/4346 3872/8661/4348 4268/8660/4348
f 4269/8663/4349 3873/8662/4349 3871/8658/4347 4267/8659/4347
f 4268/8660/4348 3872/8661/4348 3874/8665/4350 4270/8664/4350
f 4271/8667/4351 3875/8666/4351 3873/8662/4349 4269/8663/4349
f 4270/8664/4350 3874/8665/4350 3876/8669/4352 4272/8668/4352
f 4273/8671/4353 3877/8670/4353 3875/8666/4351 4271/8667/4351
f 4272/8668/4352 3876/8669/4352 3878/8673/4354 4274/8672/4354
f 4275/8675/4355 3879/8674/4355 3877/8670/4353 4273/8671/4353
f 4274/8672/4354 3878/8673/4354 3880/8677/4356 4276/8676/4356
f 4277/8679/4357 3881/8678/4357 3879/8674/4355 4275/8675/4355
f 4276/8676/4356 3880/8677/4356 3882/8681/4358 4278/8680/4358
f 4279/8683/4359 3883/8682/4359 3881/8678/4357 4277/8679/4357
f 4278/8680/4358 3882/8681/4358 3884/8685/4360 4280/8684/4360
f 4281/8687/4361 3885/8686/4361 3883/8682/4359 4279/8683/4359
f 4280/8684/4360 3884/8685/4360 3886/8689/4362 4282/8688/4362
f 4283/8691/4363 3887/8690/4363 3885/8686/4361 4281/8687/4361
f 4282/8688/4362 3886/8689/4362 3888/8693/4364 4284/8692/4364
f 4285/8695/4365 3889/8694/4365 3887/8690/4363 4283/8691/4363
f 4284/8692/4364 3888/8693/4364 3890/8697/4366 4286/8696/4366
f 4287/8699/4367 3891/8698/4367 3889/8694/4365 4285/8695/4365
f 4286/8696/4366 3890/8697/4366 3892/8701/4368 4288/8700/4368
f 4289/8703/4369 3893/8702/4369 3891/8698/4367 4287/8699/4367
f 4288/8700/4368 3892/8701/4368 3894/8705/4370 4290/8704/4370
f 4291/8707/4371 3895/8706/4371 3893/8702/4369 4289/8703/4369
f 4290/8704/4370 3894/8705/4370 3896/8709/4372 4292/8708/4372
f 4293/8711/4373 3897/8710/4373 3895/8706/4371 4291/8707/4371
f 4292/8708/4372 3896/8709/4372 3898/8713/4374 4294/8712/4374
f 4295/8715/4375 3899/8714/4375 3897/8710/4373 4293/8711/4373
f 4294/8712/4374 3898/8713/4374 3900/8717/4376 4296/8716/4376
f 4297/8719/4377 3901/8718/4377 3899/8714/4375 4295/8715/4375
f 4296/8716/4376 3900/8717/4376 3902/8721/4378 4298/8720/4378
f 4299/8723/4379 3903/8722/4379 3901/8718/4377 4297/8719/4377
f 4298/8720/4378 3902/8721/4378 3904/8725/4380 4300/8724/4380
f 4301/8727/4381 3905/8726/4381 3903/8722/4379 4299/8723/4379
f 4300/8724/4380 3904/8725/4380 3906/8729/4382 4302/8728/4382
f 4303/8731/4383 3907/8730/4383 3905/8726/4381 4301/8727/4381
f 4302/8728/4382 3906/8729/4382 3908/8733/4384 4304/8732/4384
f 4305/8735/4385 3909/8734/4385 3907/8730/4383 4303/8731/4383
f 4304/8732/4384 3908/8733/4384 3910/8737/4386 4306/8736/4386
f 4307/8739/4387 3911/8738/4387 3909/8734/4385 4305/8735/4385
f 4306/8736/4386 3910/8737/4386 3912/8741/4388 4308/8740/4388
f 4309/8743/4389 3913/8742/4389 3911/8738/4387 4307/8739/4387
f 4308/8740/4388 3912/8741/4388 3914/8745/4390 4310/8744/4390
f 4311/8747/4391 3915/8746/4391 3913/8742/4389 4309/8743/4389
f 4310/8744/4390 3914/8745/4390 3916/8749/4392 4312/8748/4392
f 4313/8751/4393 3917/8750/4393 3915/8746/4391 4311/8747/4391
f 4312/8748/4392 3916/8749/4392 3918/8753/4394 4314/8752/4394
f 4315/8356/4197 3919/8357/4197 3917/8750/4393 4313/8751/4393
f 4314/8752/4394 3918/8753/4394 3920/8755/4200 4316/8754/4200
f 4450/8759/4395 4054/8758/4395 4052/8757/47 4448/8756/47
f 4447/253/39 4051/254/39 4053/8761/4396 4449/8760/4396
f 4452/8763/4397 4056/8762/4397 4054/8758/4395 4450/8759/4395
f 4449/8760/4396 4053/8761/4396 4055/8765/4398 4451/8764/4398
f 4454/8767/4399 4058/8766/4399 4056/8762/4397 4452/8763/4397
f 4451/8764/4398 4055/8765/4398 4057/8769/4400 4453/8768/4400
f 4456/8771/4401 4060/8770/4401 4058/8766/4399 4454/8767/4399
f 4453/8768/4400 4057/8769/4400 4059/8773/4402 4455/8772/4402
f 4458/8775/4306 4062/8774/4306 4060/8770/4401 4456/8771/4401
f 4455/8772/4402 4059/8773/4402 4061/8777/4403 4457/8776/4403
f 4460/8779/4404 4064/8778/4404 4062/8774/4306 4458/8775/4306
f 4457/8776/4403 4061/8777/4403 4063/8781/4405 4459/8780/4405
f 4462/8783/4406 4066/8782/4406 4064/8778/4404 4460/8779/4404
f 4459/8780/4405 4063/8781/4405 4065/8785/4407 4461/8784/4407
f 4464/8787/4408 4068/8786/4408 4066/8782/4406 4462/8783/4406
f 4461/8784/4407 4065/8785/4407 4067/8789/4409 4463/8788/4409
f 4466/8791/4410 4070/8790/4410 4068/8786/4408 4464/8787/4408
f 4463/8788/4409 4067/8789/4409 4069/8793/4411 4465/8792/4411
f 4468/8795/4412 4072/8794/4412 4070/8790/4410 4466/8791/4410
f 4465/8792/4411 4069/8793/4411 4071/8797/4413 4467/8796/4413
f 4470/8799/4414 4074/8798/4414 4072/8794/4412 4468/8795/4412
f 4467/8796/4413 4071/8797/4413 4073/8801/4415 4469/8800/4415
f 4472/8803/4416 4076/8802/4416 4074/8798/4414 4470/8799/4414
f 4469/8800/4415 4073/8801/4415 4075/8805/4417 4471/8804/4417
f 4474/8807/4418 4078/8806/4418 4076/8802/4416 4472/8803/4416
f 4471/8804/4417 4075/8805/4417 4077/8809/4419 4473/8808/4419
f 4476/8811/4420 4080/8810/4420 4078/8806/4418 4474/8807/4418
f 4473/8808/4419 4077/8809/4419 4079/8813/4421 4475/8812/4421
f 4478/8815/4422 4082/8814/4422 4080/8810/4420 4476/8811/4420
f 4475/8812/4421 4079/8813/4421 4081/8817/4423 4477/8816/4423
f 4480/8819/4424 4084/8818/4424 4082/8814/4422 4478/8815/4422
f 4477/8816/4423 4081/8817/4423 4083/8821/4425 4479/8820/4425
f 4482/8823/4426 4086/8822/4426 4084/8818/4424 4480/8819/4424
f 4479/8820/4425 4083/8821/4425 4085/8825/4427 4481/8824/4427
f 4484/8827/4428 4088/8826/4428 4086/8822/4426 4482/8823/4426
f 4481/8824/4427 4085/8825/4427 4087/8829/4429 4483/8828/4429
f 4486/8831/4430 4090/8830/4430 4088/8826/4428 4484/8827/4428
f 4483/8828/4429 4087/8829/4429 4089/8833/4431 4485/8832/4431
f 4488/8835/4432 4092/8834/4432 4090/8830/4430 4486/8831/4430
f 4485/8832/4431 4089/8833/4431 4091/8837/4433 4487/8836/4433
f 4490/8839/4434 4094/8838/4434 4092/8834/4432 4488/8835/4432
f 4487/8836/4433 4091/8837/4433 4093/8841/4435 4489/8840/4435
f 4492/8843/4436 4096/8842/4436 4094/8838/4434 4490/8839/4434
f 4489/8840/4435 4093/8841/4435 4095/8845/4437 4491/8844/4437
f 4494/8847/4438 4098/8846/4438 4096/8842/4436 4492/8843/4436
f 4491/8844/4437 4095/8845/4437 4097/8849/4439 4493/8848/4439
f 4496/8851/4440 4100/8850/4440 4098/8846/4438 4494/8847/4438
f 4493/8848/4439 4097/8849/4439 4099/8853/4441 4495/8852/4441
f 4498/8855/4442 4102/8854/4442 4100/8850/4440 4496/8851/4440
f 4495/8852/4441 4099/8853/4441 4101/8857/4443 4497/8856/4443
f 4500/8859/4444 4104/8858/4444 4102/8854/4442 4498/8855/4442
f 4497/8856/4443 4101/8857/4443 4103/8861/4445 4499/8860/4445
f 4502/8863/4446 4106/8862/4446 4104/8858/4444 4500/8859/4444
f 4499/8860/4445 4103/8861/4445 4105/8865/4447 4501/8864/4447
f 4504/8867/4448 4108/8866/4448 4106/8862/4446 4502/8863/4446
f 4501/8864/4447 4105/8865/4447 4107/8869/4449 4503/8868/4449
f 4506/8871/4450 4110/8870/4450 4108/8866/4448 4504/8867/4448
f 4503/8868/4449 4107/8869/4449 4109/8873/4451 4505/8872/4451
f 4508/8875/4452 4112/8874/4452 4110/8870/4450 4506/8871/4450
f 4505/8872/4451 4109/8873/4451 4111/8877/4453 4507/8876/4453
f 4510/8879/4454 4114/8878/4454 4112/8874/4452 4508/8875/4452
f 4507/8876/4453 4111/8877/4453 4113/8881/4455 4509/8880/4455
f 4512/8883/4456 4116/8882/4456 4114/8878/4454 4510/8879/4454
f 4509/8880/4455 4113/8881/4455 4115/8885/4457 4511/8884/4457
f 4514/8887/4458 4118/8886/4458 4116/8882/4456 4512/8883/4456
f 4511/8884/4457 4115/8885/4457 4117/8889/4459 4513/8888/4459
f 4516/8891/4460 4120/8890/4460 4118/8886/4458 4514/8887/4458
f 4513/8888/4459 4117/8889/4459 4119/8893/4461 4515/8892/4461
f 4518/8895/4462 4122/8894/4462 4120/8890/4460 4516/8891/4460
f 4515/8892/4461 4119/8893/4461 4121/8897/4463 4517/8896/4463
f 4520/8899/4244 4124/8898/4244 4122/8894/4462 4518/8895/4462
f 4517/8896/4463 4121/8897/4463 4123/8901/4464 4519/8900/4464
f 4522/8903/4465 4126/8902/4465 4124/8898/4244 4520/8899/4244
f 4519/8900/4464 4123/8901/4464 4125/8905/4466 4521/8904/4466
f 4524/8907/4467 4128/8906/4467 4126/8902/4465 4522/8903/4465
f 4521/8904/4466 4125/8905/4466 4127/8909/4468 4523/8908/4468
f 4526/8911/4469 4130/8910/4469 4128/8906/4467 4524/8907/4467
f 4523/8908/4468 4127/8909/4468 4129/8913/4470 4525/8912/4470
f 4528/8915/4471 4132/8914/4471 4130/8910/4469 4526/8911/4469
f 4525/8912/4470 4129/8913/4470 4131/8917/4472 4527/8916/4472
f 4530/8919/4473 4134/8918/4473 4132/8914/4471 4528/8915/4471
f 4527/8916/4472 4131/8917/4472 4133/8921/4474 4529/8920/4474
f 4532/8923/4475 4136/8922/4475 4134/8918/4473 4530/8919/4473
f 4529/8920/4474 4133/8921/4474 4135/8925/4476 4531/8924/4476
f 4534/8927/4477 4138/8926/4477 4136/8922/4475 4532/8923/4475
f 4531/8924/4476 4135/8925/4476 4137/8929/4478 4533/8928/4478
f 4536/8931/4479 4140/8930/4479 4138/8926/4477 4534/8927/4477
f 4533/8928/4478 4137/8929/4478 4139/8933/4480 4535/8932/4480
f 4538/8935/4481 4142/8934/4481 4140/8930/4479 4536/8931/4479
f 4535/8932/4480 4139/8933/4480 4141/8937/4482 4537/8936/4482
f 4540/8939/4483 4144/8938/4483 4142/8934/4481 4538/8935/4481
f 4537/8936/4482 4141/8937/4482 4143/8941/4484 4539/8940/4484
f 4542/8943/4485 4146/8942/4485 4144/8938/4483 4540/8939/4483
f 4539/8940/4484 4143/8941/4484 4145/8945/4486 4541/8944/4486
f 4544/8947/4487 4148/8946/4487 4146/8942/4485 4542/8943/4485
f 4541/8944/4486 4145/8945/4486 4147/8949/4488 4543/8948/4488
f 4546/8951/4489 4150/8950/4489 4148/8946/4487 4544/8947/4487
f 4543/8948/4488 4147/8949/4488 4149/851/338 4545/852/338
f 4548/845/335 4152/846/335 4150/8950/4489 4546/8951/4489

